CREATE DATABASE IF NOT EXISTS `indexer`; USE `indexer`; 
SET FOREIGN_KEY_CHECKS=0;
SET UNIQUE_CHECKS=0;
DROP TABLE IF EXISTS `blocks`;
CREATE TABLE `blocks` (
  `hash` varchar(191),
  `height` bigint unsigned,
  `is_orphan` tinyint(1),
  `previous_block` longtext,
  `version` int,
  `nonce` int unsigned,
  `timestamp` int unsigned,
  `bits` longtext,
  `merkle_root` longtext,
  KEY `idx_hash` (`hash`)
) ENGINE=InnoDB DEFAULT CHARSET=utf8mb4 COLLATE=utf8mb4_0900_bin;
INSERT INTO `blocks` (`hash`,`height`,`is_orphan`,`previous_block`,`version`,`nonce`,`timestamp`,`bits`,`merkle_root`) VALUES ('32f6d51844741a244a1811d59dd8d5ff187fa14aabb7b5b72493c46c8edb3bbc',106,0,'5a19f106e1e8d246b601cb8ace05bc7454abd8de8db547e92309e5928337dc43',536870912,0,1723112957,'207fffff','859cb2ff91de151f9384aa2692ef5534285bd1bf6d935faaf0f979f625236f30'), ('69acb61dfaaa9772e25783259320af4965696ba217f0233a6ac2914f82782c30',12,0,'462b7db27d3c241d65620e759f348dcc2838b3d60d261092738485d6945dd303',536870912,1,1723112941,'207fffff','ff6e6bac7fd2845f043b1a90de70bcbe349454b98810877468e12b88a233d846'), ('7fbc3a0e9805e7871f2fd93449fe91ce5aaf0b4663edfdd6a05fd8016ad543f7',52,0,'6bc78e27ca589b8bd3389c8f154794cfaf1328ded521e717c2459494b1f26b10',536870912,0,1723112948,'207fffff','4048c6e20c6992ccdb253e2fdbed5f29fe943632a13438c18984669aacea4464'), ('5f09cbabdc9bab51df34ec9137bde5519abf4c8bead5661221e4ae8db54a1429',34,0,'207ee495a9b56ff5536d22ddf377f0b97d1328a3198707124b7c7144318eeb7c',536870912,0,1723112945,'207fffff','4804019b1b249baeccbfc9d64aa0ac3929a0c0f1786d2b2f438f564463c6bc0c'), ('77a798c4f82e133d4d5a356f32e5b84284cc12cc9a21e6d0141558df22d49008',20,0,'6d4f10bd3fb6dfdd6cefcbfd5871ac8d2300e72aca025b5e32a8c869c9490f88',536870912,1,1723112943,'207fffff','a3fb67f0829e473e5c7c26c41e5ccfff702e2274757fb5731a0a86d8b4d21377'), ('493341e88bc6aa9607ff0ec4f7ee878ffb8353219673b6a8d7acc377d45f564f',73,0,'57218e7dd67dc0f393ae1ede539967a673c0b75902fd9f079a9b78c339d5c90c',536870912,2,1723112951,'207fffff','1925189fb40fcf8ab8da5b6737bd1e2f91a82da050fa28e0a9b03002e7e19849'), ('403c970b95adf57a8cddc41f7393010e42b8d98806577a5d999e0a67306199c5',31,0,'2b8f7bd2697b6d59824920fe405b03b86deb84652193b4d8c965eea07a893d95',536870912,1,1723112944,'207fffff','503f408596c30b8ea27b7bc1253c8667588f722076645e53f453416c1d3c7e6a'), ('7a25da1bbd47f2ad7fcc3f365c27d3acba4df941b52dea9d390b51a2c4a49300',40,0,'5d846bf03ca4f22be0b294696a75fc6401db1bc8e1119e72ebd7e3e0815372bd',536870912,0,1723112946,'207fffff','abb761cbd8c0ff9c9da588ebab64a815c73acc74b92ec5c8a2aa2bf08739e337'), ('3b6354cec0b3af2cb86afa8b767ca1003ffa888ac4727c96a590d6b0bdfb9892',32,0,'403c970b95adf57a8cddc41f7393010e42b8d98806577a5d999e0a67306199c5',536870912,0,1723112945,'207fffff','ad73d66f94212c74a11386b1aeac705c8e976ba26d2c26e6f3bbe184b95f3478'), ('5a2b66b4eb5d29337a7bbc79f712673a226a59f88f20594d04e84aa8967acb01',16,0,'1df5eff9c727b70f99af7a8a687161132d9e7662cc7770549dc2808323506ed6',536870912,1,1723112942,'207fffff','a6ea451506c1524abe0ec63629d4f929f8c3269dadda1667e9374cb70fdb0944'), ('53f7e3f1606256e18ca5b612748d2282c77b9df1f3dea6b26a77228c9f9ebb86',83,0,'447f9c3c7d0198534b4506c3f53a933f22e1837a02474b28b74dcb1faa4af004',536870912,0,1723112953,'207fffff','3dcd6784137a05e6993923e4b5dea55e7018a177613b866bbc3d61365b938127'), ('3bef762cda9fae2484ea7a3d24ad6421397e545c0d8ec06d49289d4eaaf33049',10,0,'626eab74bd9e73b364a123233a35bfb871d13604d4ba9a05a6c962844fa297bb',536870912,4,1723112941,'207fffff','829a5e3cb4595946523d31b6daaf2da902d65078c9b29da920a0f651401c1cfe'), ('7d1d8f69e1518e60fdc23c023c2cd9ca7b16b14ece3342b7d6dc38538217d61f',4,0,'26fbdd2c3dd68adee4560d7816c2bb03b570cc8655109f6436e17b52c3a663b5',536870912,3,1723112940,'207fffff','c7aedff56eb8d99de6c43a2db1795eb00c58fcae70c47fe5cabd5a0d980281a7'), ('5569679b35f15ee0239080ec9759b17f2d8fd61cbff95e99dc630c1da0a04267',97,0,'4bcea39d7ab61b1371e096d100e863bb660456a7c116afa54d20aa5376d32b84',536870912,3,1723112955,'207fffff','4af7751be8b34c2294f286503da09fb7c2003a4bafcbfc2472a30412faa355f2'), ('4298d20203b9789d49bf6e0d81da2cfc3c7897fa3e24b5b264b9ef66ae85b793',85,0,'1b332decbb990f262be26549e51951de67bd7db6f31b99e631c847d8a8aad42a',536870912,0,1723112953,'207fffff','b2f7903cdc571c45d605521d7d309ef3743a0fd73bde21f58b28d854d81d35b2'), ('0aecc726a069b9c50a4c28d558c70ab7844f6fa24e71ddb3028396c6b9e88645',18,0,'4b14c77399ee86c276fea115b4ae654995a5e17c0c58cd7211304c69b3b33983',536870912,1,1723112942,'207fffff','3cbf954d5200fcc57abd4433a08efb1a38ae6ad9cbc2c7435a4ac98df16fc314'), ('7380293dbf0314ca98846e03bfbaa3097c3435ed1374c5fc3c4f8fbee3eea11e',69,0,'1932668235acee3cfd7ab435a3fec23930747f7f7aa9c60e691eec70bca8181d',536870912,8,1723112951,'207fffff','3fda66ea348b697d169637c7adff0979ae955c6c2faa4f210fdcc98eea1d3dd3'), ('7d2ef608aa6deb65083399f285c394a283bfd757936cdfea2ca7ab1add3a858b',6,0,'55b88c4a8b69f77eb7c9cabf32e8ced020aa21b0c8a1db68da0ce54555578200',536870912,1,1723112940,'207fffff','8576f6208aee8860d78f88f995a4a3dd0fa012d51ac53705d89766c7eb192e57'), ('045fece7fe921bef95e36526505ff41bf9ef83e849e0c12e7f0327e80b0d7fdf',41,0,'7a25da1bbd47f2ad7fcc3f365c27d3acba4df941b52dea9d390b51a2c4a49300',536870912,1,1723112946,'207fffff','0fb30b09e894d65f01f7cb9f1c64bc52839a7684e71f1b4e482f25fdfbe151bb'), ('444bdee8ed574f52a5a059d14bd3e5a160bc58ea6b3dcce914e56541f8c86dea',55,0,'600bc8fc09727bddfe423fd0b6742bc762a6b6c3b0c3ded8e328e89dec25b8fd',536870912,0,1723112948,'207fffff','f42f4b53405dad49af255bc1f6b1685f447622230b5b9596db59b0c0dfee89bc'), ('303d14dbdac9158a681face1c7846844892270cf423f29c19458bb592cd39632',66,0,'6a0363544420027cc752c14d4902ac5af591b926120e1c8035249b7f9af612ab',536870912,0,1723112950,'207fffff','be059c2ce2350f20f5ae0983f7ff13abac2dcf2b0a6c2dba2dbb239b8ccfbd32'), ('186df7fc171613c6e2d6292e5d4edceb224678fb037bb48fc17e4e005b304475',76,0,'174cc5ad68d95462b8f3cf89f73db75b2b4e6db2136673b8dc28dd0203d8626c',536870912,4,1723112952,'207fffff','085610742577f4b31b121fcf07c63e77566b39004674ce31dde508c151869c9c'), ('27c906038aa49bc6ecc982c3c1fc20ef452a0314d01919b31e29e70cec8f632d',26,0,'2d3579aa5572b65f6ec5b5e7201e8ab59dd5042ef5a8423d2648ad8a97edf59c',536870912,1,1723112944,'207fffff','eb13ec377a8ba9889e3ef31cf58a5c1215ad81df2b7dfb6afa8e2b5c08f8ca6d'), ('030d15a616f6ca91bb4b4534810c767d01c244c8d64af7b45ef73a75cec768eb',78,0,'0657592cc7a0b0fcafbec24aaa9c51c1d90e2a38adac194a0165084130b63b24',536870912,0,1723112952,'207fffff','20e7222cd8f99e46a4c7bf62f0eb0f9cf35043134e5287cbd3f8cf79d99efa1e'), ('7456828bbafa63ab63d228c95d07c36ffad3f760bd6bdc147e705dd4166b707f',74,0,'493341e88bc6aa9607ff0ec4f7ee878ffb8353219673b6a8d7acc377d45f564f',536870912,0,1723112952,'207fffff','8db7a3c62f3bd0426ce46107ece98ca3f5ac261b2f8f4d997dd7e203cdc8915f'), ('414ec2662d02b421b9e8122929eb63e9c09c86ce607135d9c5f5c14fda949a0e',80,0,'0c233af9fa1ddb5bd2076cbf9861818e8600896f0e558000b665f814845c182d',536870912,0,1723112953,'207fffff','ccb178e64865ee5af2573b28e02286797dd318c26fe5029fb1b87c416c315c66'), ('600bc8fc09727bddfe423fd0b6742bc762a6b6c3b0c3ded8e328e89dec25b8fd',54,0,'302717fa7c74642b8e5e5005635d571685a72d69ab4f6dbeddf8c6c6ee6a6151',536870912,1,1723112948,'207fffff','f68dac1989084ee523c47e29a66e18db30c9c36a5a070ce1f9ecf6164ff1fca7'), ('57f9db276fc7a6a93dc2972c5d26c361705460512c302ff157888fd849187653',99,0,'2c8a398badaf2fea398dc2df6d0e8969dd1de08923d4ceda8943e95b9fea99c8',536870912,2,1723112956,'207fffff','c671fc73498f7102b50a88252bdecf16c1d7c0867cc79986b8ddce9f81667d60'), ('541e7075e60292acc7f963a1df210cd73f265e62700d29c2414e4744178048f1',71,0,'0cda84e51306dfab1b6e5f93d8d3d49320d82cdc94fdda9ad510025c4ac5d429',536870912,2,1723112951,'207fffff','5b4ac0e5d26d3db2db4441c33ea2855eb06d7e5a92be2f0a5651e61b80c11a27'), ('5f0a19be50d45d174a8b6da5655cf80ac54ba1b839eeaa655b33426a753a7719',47,0,'28ce969ed69c8ced1d4a67f15433783c48c54ca9553bcee5f011efbeb372b5bc',536870912,0,1723112947,'207fffff','b65e342d932f1f1f2f23666c6013a3701f167777dfd3f01d754dc80cd191de7f'), ('308ba6c3dcb5a0cebcdd0131690f08a188a400cbc0e8c135dcd8e73db5049cf1',100,0,'57f9db276fc7a6a93dc2972c5d26c361705460512c302ff157888fd849187653',536870912,0,1723112956,'207fffff','deec9cac20efc870fa80ee08b2cffc4998403eeb28398303646085c58d018a7d'), ('6bf88e599d84746ba9a8dc8cca2a7b80ab942ded9c6cbfd42423ad20bd8bc74f',24,0,'69745efd4d3bce13fe2ca71c5c575faa17d8851080e9165dd40d3d916b5573b4',536870912,1,1723112943,'207fffff','55a26e92bf8e407de3bf80cb42afd00b5d6c5e7354db0d173ad4560b933dc6ff'), ('506b757e3de622e8ee8a9889f44880c4b14415041e67f9b4aabfae7c1096bfec',102,0,'2c40ed389d55e2a3ee5cca5ab276019784833aa8810f911b2e7ebf15c27ea52d',536870912,0,1723112956,'207fffff','8848f68c697ec8153c010b896e450d07c3a9096deb5894069df3dffb19814c8a'), ('5129c626625d6703f5a5070d2837741775fcea61c182a21636a57022a2c12cc9',27,0,'27c906038aa49bc6ecc982c3c1fc20ef452a0314d01919b31e29e70cec8f632d',536870912,1,1723112944,'207fffff','8f4a2b9220bca182382e4cdf139281435dd455777eb111f16b20d0da98fb749c'), ('0657592cc7a0b0fcafbec24aaa9c51c1d90e2a38adac194a0165084130b63b24',77,0,'186df7fc171613c6e2d6292e5d4edceb224678fb037bb48fc17e4e005b304475',536870912,0,1723112952,'207fffff','0f325e1646bcbfd78ed063900fcf265b7eaaa29ac0bd54d7f217ec5b57351358'), ('0f9188f13cb7b2c71f2a335e3a4fc328bf5beb436012afca590b1a11466e2206',0,0,'',1,2,1296688602,'207fffff','4a5e1e4baab89f3a32518a88c31bc87f618f76673e2cc77ab2127b7afdeda33b'), ('0ae36a7b509f6c96c55aca854adafc019508d85bde44d093216410e43c467aa5',103,0,'506b757e3de622e8ee8a9889f44880c4b14415041e67f9b4aabfae7c1096bfec',536870912,0,1723112956,'207fffff','6ddd9a8817ff79549218b2e5349c62d03efe37a0562fed4b5ba581835402361f'), ('2c40ed389d55e2a3ee5cca5ab276019784833aa8810f911b2e7ebf15c27ea52d',101,0,'308ba6c3dcb5a0cebcdd0131690f08a188a400cbc0e8c135dcd8e73db5049cf1',536870912,0,1723112956,'207fffff','0556f60c8567b8037624b13ea4091247d74af2840fc37dc42ac6a035b20984aa'), ('6b4fe61fe506e95f3bc7007646445de9c99b93b980c10538ce477d86358c0f73',57,0,'487a17ec98c1cbdbf463a8e399492844466f423517463e616519f6e8ce052ccb',536870912,0,1723112949,'207fffff','2a9e8ea65b01d39a09220a3f7027084ba44790508790d9c5405bf0fdf2c39da2'), ('626eab74bd9e73b364a123233a35bfb871d13604d4ba9a05a6c962844fa297bb',9,0,'454dfe6a09982708e326f2ee27c1f3e1b0719f5d300b33aa4061ec266c5c2333',536870912,0,1723112941,'207fffff','df4c4f255a06ddeb29e4b0d5114cc3ee8f136ebcbcf70e44113e21bb5e9b097e'), ('5ee11265c74349c0a74e823da100983c1637633497d005c2e2eedd8b5487e205',22,0,'724c4db6f6f7db359a67f2c92267774aab32c2d9239eadc191b54bc3b7944f39',536870912,0,1723112943,'207fffff','66cfdcc4c6a8e5d27d07b215fedefd7b2f7872d4d2abef2bd4253741c825523d'), ('5ea5602ebad2a83e6c58eb1cb89140613e9581ed1e710329dd02913bad213e8d',43,0,'6ac586f9dbb3e88a9f4c69710b3430c28eda2123c1d144d70cf5a0668476afe6',536870912,0,1723112946,'207fffff','1a34b8c2c55f878f69a919b8000c3efddee21d48b133255769a05b016d1c1ffd'), ('1409fa87a8986414faf10f69b1a0edf921b79357b6bb68c733fb2547a01d5ca3',59,0,'24680fc74fa9a054bd34fb526ef75cf14a8de64180809efd69a1683f491c13ac',536870912,0,1723112949,'207fffff','f4abe5d856798a0a2d22893db53ba3580921760fad0f1c677a22cada8e457c4d'), ('1b332decbb990f262be26549e51951de67bd7db6f31b99e631c847d8a8aad42a',84,0,'53f7e3f1606256e18ca5b612748d2282c77b9df1f3dea6b26a77228c9f9ebb86',536870912,0,1723112953,'207fffff','8a46b566321e2113d6df146038b61870c20e60a116845d6c37af548e84541e01'), ('5c68f9e60af3de929e645202096356955b488e9898258dcbf6cd345c61436bf2',61,0,'292f40c6269163aeccf86a83d45ba24136175f21247967198d6b44dea292e3e4',536870912,0,1723112949,'207fffff','54e4ae8052fdf960c0fda25bdb3230d8b2cf7b0c748b2ceae1333bc6866a2edf'), ('302717fa7c74642b8e5e5005635d571685a72d69ab4f6dbeddf8c6c6ee6a6151',53,0,'7fbc3a0e9805e7871f2fd93449fe91ce5aaf0b4663edfdd6a05fd8016ad543f7',536870912,0,1723112948,'207fffff','9a9ce51e545d5f19cd8dce9befbfa1656306f7fc78356dc80fc784d0ae2ca642'), ('6146d666a93cc38a25bf81d309b8213b996c647c5d294ac5cfef9f5af07a4b32',35,0,'5f09cbabdc9bab51df34ec9137bde5519abf4c8bead5661221e4ae8db54a1429',536870912,2,1723112945,'207fffff','be7f459304a0b0c0e53efe9ed6d443d4a7cc8ffcec2ea5e5ebb64dcc8000dd53'), ('6ac586f9dbb3e88a9f4c69710b3430c28eda2123c1d144d70cf5a0668476afe6',42,0,'045fece7fe921bef95e36526505ff41bf9ef83e849e0c12e7f0327e80b0d7fdf',536870912,2,1723112946,'207fffff','3e725745520a66c822a821969367da15e6af532ed876049b8ee51ef8de37c772'), ('0d739c6a469c65d0617a5bc3dcc61050c1d909a35d0474e4063418102e2398f0',92,0,'70ffabb0716ecb4d86b1ffe66a487a33743531f0bf798f62a1fc1b9916b50276',536870912,0,1723112955,'207fffff','6a270c968b8af28d50474747583185d54b19939d2e8f0597aa35b1f5ff4140ea'), ('2ad58e268d63eae4426dff0c9bcbf1c4cc1b3187c0dadc52117a77df52ffcca1',14,0,'79fd1e63db6dbe41b758896849f3e20309be46d7372562540964758e39e5f68a',536870912,2,1723112942,'207fffff','fed3808a20e1bd4933d693a96ae547baf340ecebec81c9beb122eb8343430ddd'), ('32f6a38d80b520103940a35c33688a42d5566ceeb5fdc8ab462639f6061b87a1',93,0,'0d739c6a469c65d0617a5bc3dcc61050c1d909a35d0474e4063418102e2398f0',536870912,0,1723112955,'207fffff','bf108838f5c25ef3bc4c38f3f4c36ec3745544bd5222e8eeaf23a20824c722a2'), ('487a17ec98c1cbdbf463a8e399492844466f423517463e616519f6e8ce052ccb',56,0,'444bdee8ed574f52a5a059d14bd3e5a160bc58ea6b3dcce914e56541f8c86dea',536870912,2,1723112949,'207fffff','da4f8f439ed3fa098a869bdf08c1e8777891570a96948b6668002e39fd9b8ff7'), ('57218e7dd67dc0f393ae1ede539967a673c0b75902fd9f079a9b78c339d5c90c',72,0,'541e7075e60292acc7f963a1df210cd73f265e62700d29c2414e4744178048f1',536870912,3,1723112951,'207fffff','ff6cc06f2b4445f006396e658bf1f729dee71f210f610196e84c99faec810387'), ('24680fc74fa9a054bd34fb526ef75cf14a8de64180809efd69a1683f491c13ac',58,0,'6b4fe61fe506e95f3bc7007646445de9c99b93b980c10538ce477d86358c0f73',536870912,0,1723112949,'207fffff','b939e9b32f626eac9631a174a4bc20eda699d9bba6642de2110ad0a3df204d54'), ('6bc78e27ca589b8bd3389c8f154794cfaf1328ded521e717c2459494b1f26b10',51,0,'7fb4ce1581410f49dcda214f99925afb170d89606e17b7ad1b6993bb0bc4a7f4',536870912,1,1723112948,'207fffff','d453daa3a08658ebe17dfa9ada3e38b1c270485e05f5e8de4aa5303410951778'), ('2171bf07f7f6a28bd072bddde4b5c269b0deb3c5356fd5a070679555e081b0d6',108,0,'6d24c2377dc55b6a08926c8b9a4c92f3faee16cb2147d67ae0aac29ff484bb7b',536870912,0,1723112957,'207fffff','9a4accfe183e24fd0c4111bdd058f6ab40e133fd72448d77fd327488717484fd'), ('137b1d315bab301272173c91fd252ca3b788ed9e78c87733514f7aa2bed48346',48,0,'5f0a19be50d45d174a8b6da5655cf80ac54ba1b839eeaa655b33426a753a7719',536870912,1,1723112947,'207fffff','70ffd56caf0fa6adc9079a7fcda5361e9708bbfd88396f1aa9774f5f9745bb11'), ('174cc5ad68d95462b8f3cf89f73db75b2b4e6db2136673b8dc28dd0203d8626c',75,0,'7456828bbafa63ab63d228c95d07c36ffad3f760bd6bdc147e705dd4166b707f',536870912,0,1723112952,'207fffff','b52a2f313ad970a76637da2ae7c40ef145c2f53e956ff341671055948551cea6'), ('7999a643bec8f143be9ebefe52bd520acd581c1e5f1d4c2f47d89e44f23795b2',64,0,'0088d6a56959dd854ff334ea62c90f5af81c92eac1c2dc40a6350e68ac9430f8',536870912,2,1723112950,'207fffff','747f317d8b29ec8ad1bd5a523ff67e19895a4de03dd750996d73bc30473c2578'), ('447f9c3c7d0198534b4506c3f53a933f22e1837a02474b28b74dcb1faa4af004',82,0,'498c45219c99ef4aef379456c5b33d35d3ba2e7b6a560a58a6e5fb5612434af4',536870912,0,1723112953,'207fffff','7d436404a6db5810fe1f4cf849e8d3533a4e89d845269c1992b598e62845a5ba'), ('06db37c103b549070e375e6ab64480c8878cce29a7c6aada4ebe612298bf808d',36,0,'6146d666a93cc38a25bf81d309b8213b996c647c5d294ac5cfef9f5af07a4b32',536870912,2,1723112945,'207fffff','d372ff1f1b50566c42c3d1108d17baad04e0734e72320d996b1de7d9d690b204'), ('1df5eff9c727b70f99af7a8a687161132d9e7662cc7770549dc2808323506ed6',15,0,'2ad58e268d63eae4426dff0c9bcbf1c4cc1b3187c0dadc52117a77df52ffcca1',536870912,1,1723112942,'207fffff','6d094078d2898f3304bfd3b0ea5c6a01f5c6b83a60520ac54769e6d4002bbad2'), ('6d4f10bd3fb6dfdd6cefcbfd5871ac8d2300e72aca025b5e32a8c869c9490f88',19,0,'0aecc726a069b9c50a4c28d558c70ab7844f6fa24e71ddb3028396c6b9e88645',536870912,2,1723112942,'207fffff','20445eb9ec57603f695c01916c1ac277f73876fa49b6207d43e93e4391c8227f'), ('413c532e0b77cf12af2ab9c4318158c404a87aa12926f782b344cae4f0f8101a',38,0,'298953c4df8fca3f6e5ab10ffde1aaea971a09325c6111e4acbbd27730c67786',536870912,5,1723112946,'207fffff','e7160278d963b93b68a33b08c005fdad0a796d61da33b2e2a05a6b44106f7d30'), ('717cb7ed457a80aa24f10b1e914db608b2519f26774b24756423d517b68c45ef',28,0,'5129c626625d6703f5a5070d2837741775fcea61c182a21636a57022a2c12cc9',536870912,0,1723112944,'207fffff','fec54afbc4ed3e283b588177b4635a44118e3f925fa4892ee50d3f49ab571d68'), ('55b88c4a8b69f77eb7c9cabf32e8ced020aa21b0c8a1db68da0ce54555578200',5,0,'7d1d8f69e1518e60fdc23c023c2cd9ca7b16b14ece3342b7d6dc38538217d61f',536870912,2,1723112940,'207fffff','0adea256bcd97c86fb118c23562863a9a1cf1413ae7e8d55c49f045c8a60ad90'), ('454dfe6a09982708e326f2ee27c1f3e1b0719f5d300b33aa4061ec266c5c2333',8,0,'4b5203d91b11bfa4977548836999a4ab18b87d3845f6a7551248abe8911f1660',536870912,0,1723112941,'207fffff','05742d6857cbd53c207c15c0d9af6efbd120bbfbd8ddac26b4c87375a2b8c43b'), ('498c45219c99ef4aef379456c5b33d35d3ba2e7b6a560a58a6e5fb5612434af4',81,0,'414ec2662d02b421b9e8122929eb63e9c09c86ce607135d9c5f5c14fda949a0e',536870912,2,1723112953,'207fffff','4d2dc0382096009ccb7fe1c60222963f70f50fe136a995049941e0e23de9232d'), ('0c233af9fa1ddb5bd2076cbf9861818e8600896f0e558000b665f814845c182d',79,0,'030d15a616f6ca91bb4b4534810c767d01c244c8d64af7b45ef73a75cec768eb',536870912,3,1723112952,'207fffff','2c13c19b5e9d2b963cd4482c53c34eb29ac7d1c5fd1823e4d95e3fc452e32c70'), ('69745efd4d3bce13fe2ca71c5c575faa17d8851080e9165dd40d3d916b5573b4',23,0,'5ee11265c74349c0a74e823da100983c1637633497d005c2e2eedd8b5487e205',536870912,0,1723112943,'207fffff','ed31b4e8b2596a0a15827fafb6b049e7a928773e0bac4125dfe855460c985f74'), ('7fb4ce1581410f49dcda214f99925afb170d89606e17b7ad1b6993bb0bc4a7f4',50,0,'6b48caea501a996081e1d6679e33bebec66d7515bed30271ce177ee488f9d5fb',536870912,1,1723112948,'207fffff','e5951bdc0402c597c61d38d4c77ab24b46d246c28aeef4029061051c00b1100f'), ('5d846bf03ca4f22be0b294696a75fc6401db1bc8e1119e72ebd7e3e0815372bd',39,0,'413c532e0b77cf12af2ab9c4318158c404a87aa12926f782b344cae4f0f8101a',536870912,0,1723112946,'207fffff','90e57dec5709e9d15064b18036f1f78e75394559102f65c35fc40157d5f3e261'), ('28ce969ed69c8ced1d4a67f15433783c48c54ca9553bcee5f011efbeb372b5bc',46,0,'2e0b641dc6bf4841a4bd3362b74dc02976b766f71c1b45800a6c9ceb156f054b',536870912,0,1723112947,'207fffff','9b859f6ae367d5109d483c29b75548074afd4447ecc6854775baa9570b706218'), ('2d540abeede6023cf40e90db1b29d35cea14bc86049b7c479a6098c0f4fbc065',109,0,'2171bf07f7f6a28bd072bddde4b5c269b0deb3c5356fd5a070679555e081b0d6',536870912,0,1723112957,'207fffff','dd9f4b798ed069af7b89d4ac0615a5cca2ca37e0b4de4ee77b74c44cb7df44dd'), ('5a19f106e1e8d246b601cb8ace05bc7454abd8de8db547e92309e5928337dc43',105,0,'2051a6fcc6f473dc39b36488f3a9b679c1247be7818f54c05e999b665afed988',536870912,0,1723112957,'207fffff','fbbc564c1c6db231d2e6237c25136c58c12148943819bcbfb5220b5eb11b14dc'), ('462b7db27d3c241d65620e759f348dcc2838b3d60d261092738485d6945dd303',11,0,'3bef762cda9fae2484ea7a3d24ad6421397e545c0d8ec06d49289d4eaaf33049',536870912,0,1723112941,'207fffff','e90b30fe8d039a2cfbc2915e0a66838e25f217bbdf4da1076f1729b6b19498b4'), ('1932668235acee3cfd7ab435a3fec23930747f7f7aa9c60e691eec70bca8181d',68,0,'27948441d37d1a293f1b2ea02faace9ba750fe04f74543ff462801cb835e625f',536870912,0,1723112951,'207fffff','2136459004187494c8779505a8fced94c317b47929120894cb7bbe470b6a3980'), ('447145cf1640a62d68f57d71df92266070492a2a5906a874cbaebf578b12c1cd',90,0,'75bd5db9cd44d7354bdb93ec53fc5c1c53ac14975f7c13ed18c81a9a9b443a7b',536870912,0,1723112954,'207fffff','a984f01a650b4a7bc0cc7817c1aeef14f8013f5f00a6e2465322b6dfeb4ff4ff'), ('6b48caea501a996081e1d6679e33bebec66d7515bed30271ce177ee488f9d5fb',49,0,'137b1d315bab301272173c91fd252ca3b788ed9e78c87733514f7aa2bed48346',536870912,1,1723112947,'207fffff','1b0908ba3e4728e2222f20a16c85fb6b028ae4aff22710b2b09caac86d555c08'), ('1692cda12c7f1f43285e7390ceb38f9ab2e2a948553d6356883541b9f2a894ea',86,0,'4298d20203b9789d49bf6e0d81da2cfc3c7897fa3e24b5b264b9ef66ae85b793',536870912,2,1723112954,'207fffff','8e9a4d31b5b6d84e380bf8cb66866d4a153e0d9a799455b73db314c6b00f2a15'), ('4f2a95fc60cd1b7dc4b27f7240cb4e99dd126a31e58b54ea4638543e8ff9e73d',88,0,'04a9a74e591f01a578305226b8937c7ba041157f52377e03125a08e1820fc05e',536870912,2,1723112954,'207fffff','5650e212eac55392f12cd799dad04cac741d233260e58d1d2fed795d80dc1faa'), ('1c24636be5384db02c8f4c012da0a25f9a5ff1e13eafbab0f8655eb5a3b9244f',29,0,'717cb7ed457a80aa24f10b1e914db608b2519f26774b24756423d517b68c45ef',536870912,1,1723112944,'207fffff','59409b488ea6014a8e1c964c838634480d950c13f715ecd9955b9a909b0ad713'), ('2d3579aa5572b65f6ec5b5e7201e8ab59dd5042ef5a8423d2648ad8a97edf59c',25,0,'6bf88e599d84746ba9a8dc8cca2a7b80ab942ded9c6cbfd42423ad20bd8bc74f',536870912,0,1723112943,'207fffff','5a74d53809575b9b9a9e6af1e523ecafd037949ab6b1961c31ad32f8c4790db4'), ('7856644bd76715aac8113e9c705355b89508efec83f12b5dee58dd32bf544473',44,0,'5ea5602ebad2a83e6c58eb1cb89140613e9581ed1e710329dd02913bad213e8d',536870912,1,1723112947,'207fffff','740c20865a6017577d318faedbd2a7b109e4072b425ff92785e801035e314216'), ('207ee495a9b56ff5536d22ddf377f0b97d1328a3198707124b7c7144318eeb7c',33,0,'3b6354cec0b3af2cb86afa8b767ca1003ffa888ac4727c96a590d6b0bdfb9892',536870912,2,1723112945,'207fffff','2ac993b5b4d0fbf5278641bc6eb0a6aae2dba62704bbb65033a9762f3ce3cd49'), ('70ffabb0716ecb4d86b1ffe66a487a33743531f0bf798f62a1fc1b9916b50276',91,0,'447145cf1640a62d68f57d71df92266070492a2a5906a874cbaebf578b12c1cd',536870912,0,1723112954,'207fffff','fd2cd5f66c19e880666f5f8fa3f7993ca63823ee8534eb07e4c06218b65a9c91'), ('04a9a74e591f01a578305226b8937c7ba041157f52377e03125a08e1820fc05e',87,0,'1692cda12c7f1f43285e7390ceb38f9ab2e2a948553d6356883541b9f2a894ea',536870912,0,1723112954,'207fffff','7c07fd6d60b3fc629d44866df156aede91bb1ecfe35532276312fcd5fcf9984b'), ('2b8f7bd2697b6d59824920fe405b03b86deb84652193b4d8c965eea07a893d95',30,0,'1c24636be5384db02c8f4c012da0a25f9a5ff1e13eafbab0f8655eb5a3b9244f',536870912,4,1723112944,'207fffff','ac1b6bfc2b7f755fa8db2d7e725cb80bba77c154c38e180f5902362d3f3a56d1'), ('4b5203d91b11bfa4977548836999a4ab18b87d3845f6a7551248abe8911f1660',7,0,'7d2ef608aa6deb65083399f285c394a283bfd757936cdfea2ca7ab1add3a858b',536870912,0,1723112940,'207fffff','41d1935e65ac0121945422bbbcc7c55d7b61ec2980bde6574202d5349dd4dcb3'), ('75bd5db9cd44d7354bdb93ec53fc5c1c53ac14975f7c13ed18c81a9a9b443a7b',89,0,'4f2a95fc60cd1b7dc4b27f7240cb4e99dd126a31e58b54ea4638543e8ff9e73d',536870912,1,1723112954,'207fffff','8ee3dee1ff2087c45d628195c4b2c144e7ce3fc9ddde5c94d61c5408cdf0cb5c'), ('0cda84e51306dfab1b6e5f93d8d3d49320d82cdc94fdda9ad510025c4ac5d429',70,0,'7380293dbf0314ca98846e03bfbaa3097c3435ed1374c5fc3c4f8fbee3eea11e',536870912,2,1723112951,'207fffff','3002f1ab35fc4c09d0f6bc4fa5471163a5b8ca34a4806d18dbe6921e967c9472'), ('00071d9dea046490018967e9cd7a75e5e81b681687f75364115f17d1845a878e',111,0,'1c3c0a9b3932ecfeebdd818629990d3bf5ac4c2134c85ddf5b6c68eb56ded879',536870912,0,1723112958,'207fffff','022e772b17841336ed78e138939de70c40d5d437c814b3823abc4bc0c4a2da31'), ('4f6348fabeb688f54f2dc8c52270ce87b03da8733e07fda87055b7fe5aa2cd06',62,0,'5c68f9e60af3de929e645202096356955b488e9898258dcbf6cd345c61436bf2',536870912,1,1723112950,'207fffff','a461bda505374d373d6a1e7f624278c08848e5d4e350375e0aaa537fd2700dc2'), ('26fbdd2c3dd68adee4560d7816c2bb03b570cc8655109f6436e17b52c3a663b5',3,0,'63de4f4f6e7d36e591fd42512dc6570bc8ac3bcaa55361d30cdcf70953b03c2d',536870912,0,1723112939,'207fffff','79f3f034ba78251dab8b70e8c7a95e5792fbe49c60d3442e73e1f08d3af2accf'), ('292f40c6269163aeccf86a83d45ba24136175f21247967198d6b44dea292e3e4',60,0,'1409fa87a8986414faf10f69b1a0edf921b79357b6bb68c733fb2547a01d5ca3',536870912,0,1723112949,'207fffff','7d45a07cbf537bdcf73e4d5ea495a8d661c45564a369dca98843dcfc76514037'), ('0088d6a56959dd854ff334ea62c90f5af81c92eac1c2dc40a6350e68ac9430f8',63,0,'4f6348fabeb688f54f2dc8c52270ce87b03da8733e07fda87055b7fe5aa2cd06',536870912,1,1723112950,'207fffff','a2d80cded4136e80875d7658204942d7ba22289727d6ffc1165585922b027a68'), ('4210391dc7f224641646f5cb72989297c9eec5cb02f81bb805358cfe353659f0',94,0,'32f6a38d80b520103940a35c33688a42d5566ceeb5fdc8ab462639f6061b87a1',536870912,1,1723112955,'207fffff','ab40f34cacf79efb5a85b5e31f85df61949bd19f193fb9b056222addf3600b10'), ('2c8a398badaf2fea398dc2df6d0e8969dd1de08923d4ceda8943e95b9fea99c8',98,0,'5569679b35f15ee0239080ec9759b17f2d8fd61cbff95e99dc630c1da0a04267',536870912,0,1723112956,'207fffff','dd8220d893c8255383810b5c63ec0e2be0a9ba36b206e2136517c3c4814fb85f'), ('298953c4df8fca3f6e5ab10ffde1aaea971a09325c6111e4acbbd27730c67786',37,0,'06db37c103b549070e375e6ab64480c8878cce29a7c6aada4ebe612298bf808d',536870912,0,1723112945,'207fffff','8c9472dca8d9758ce52dafd5d77a186eb1a61e20288e6d009704b660f1b8517d'), ('63de4f4f6e7d36e591fd42512dc6570bc8ac3bcaa55361d30cdcf70953b03c2d',2,0,'46c4de93ea3564b216dcd7d1067d466f8219859bc1cbacb5b6e10826d4ea4923',536870912,0,1723112939,'207fffff','a481bed7ab2ddc09ab20f351117796655fb3cc1a1472877a03bee1db7b6b933d'), ('2e0b641dc6bf4841a4bd3362b74dc02976b766f71c1b45800a6c9ceb156f054b',45,0,'7856644bd76715aac8113e9c705355b89508efec83f12b5dee58dd32bf544473',536870912,0,1723112947,'207fffff','d6a17854a313bd57dd3a0b61eeda6302a08d52bad5c2342d2046575dc692bd48'), ('6a0363544420027cc752c14d4902ac5af591b926120e1c8035249b7f9af612ab',65,0,'7999a643bec8f143be9ebefe52bd520acd581c1e5f1d4c2f47d89e44f23795b2',536870912,1,1723112950,'207fffff','0fa2635b30a0d62ca3efe91d43641fb0a4b6c2db06da0f1843aaeba160bc0b88'), ('27948441d37d1a293f1b2ea02faace9ba750fe04f74543ff462801cb835e625f',67,0,'303d14dbdac9158a681face1c7846844892270cf423f29c19458bb592cd39632',536870912,0,1723112950,'207fffff','59bb13625eec4d5b33665f58b4be64e40fc561f499413a3e4425ebb2ce7e6cba'), ('4b14c77399ee86c276fea115b4ae654995a5e17c0c58cd7211304c69b3b33983',17,0,'5a2b66b4eb5d29337a7bbc79f712673a226a59f88f20594d04e84aa8967acb01',536870912,2,1723112942,'207fffff','2e0823e7c01c5145ec384a641a35763d4af8cc1eaec2756b603fed5fe62e3eea'), ('5c9a0a6c232afc788d5d53e01770ade27b25e830d4b798fe93670812f1823328',95,0,'4210391dc7f224641646f5cb72989297c9eec5cb02f81bb805358cfe353659f0',536870912,0,1723112955,'207fffff','6cd20a16f787291fab7fb28f59157171dd2f5f1c76a59779c5b9ccdaf888a550'), ('1c3c0a9b3932ecfeebdd818629990d3bf5ac4c2134c85ddf5b6c68eb56ded879',110,0,'2d540abeede6023cf40e90db1b29d35cea14bc86049b7c479a6098c0f4fbc065',536870912,1,1723112958,'207fffff','ab7b7ca6f68184e90ab9defcc4f6347af106f5921fb24f20815069018beea56f'), ('79fd1e63db6dbe41b758896849f3e20309be46d7372562540964758e39e5f68a',13,0,'69acb61dfaaa9772e25783259320af4965696ba217f0233a6ac2914f82782c30',536870912,1,1723112941,'207fffff','d9a83c94c8155989d5773168ae1a489b4de6e99fb4d82eab9c88e3609d8a91da'), ('4bcea39d7ab61b1371e096d100e863bb660456a7c116afa54d20aa5376d32b84',96,0,'5c9a0a6c232afc788d5d53e01770ade27b25e830d4b798fe93670812f1823328',536870912,0,1723112955,'207fffff','22c8a9a3872ea08fedd38e1ebbf7eaeb18f54e547d3e4f544364faf883c0b816'), ('46c4de93ea3564b216dcd7d1067d466f8219859bc1cbacb5b6e10826d4ea4923',1,0,'0f9188f13cb7b2c71f2a335e3a4fc328bf5beb436012afca590b1a11466e2206',536870912,0,1723112938,'207fffff','2dd65d08e6031d2b175a97fb1b03536b5d2600bd301632fc72b44b8b9dae4ad3'), ('53d2e60b912d4745f8705476f2f06c348ebd549d2e02a696499e2495dd04a882',112,0,'00071d9dea046490018967e9cd7a75e5e81b681687f75364115f17d1845a878e',536870912,0,1723112958,'207fffff','d8c37b527a60fcd8bf5f60cd9ed045aa870d223e07b62d558960d2e7784a0de0'), ('724c4db6f6f7db359a67f2c92267774aab32c2d9239eadc191b54bc3b7944f39',21,0,'77a798c4f82e133d4d5a356f32e5b84284cc12cc9a21e6d0141558df22d49008',536870912,1,1723112943,'207fffff','875c6de6bb09d9882a7acd17d6b1f4bdfa439963c0e1b43816be5bf27a969801'), ('2051a6fcc6f473dc39b36488f3a9b679c1247be7818f54c05e999b665afed988',104,0,'0ae36a7b509f6c96c55aca854adafc019508d85bde44d093216410e43c467aa5',536870912,0,1723112957,'207fffff','7e3faa56ee71c794b7d082777bf8a9b5ae1fc52f47bac7d2bdb950188f6251a3'), ('6d24c2377dc55b6a08926c8b9a4c92f3faee16cb2147d67ae0aac29ff484bb7b',107,0,'32f6d51844741a244a1811d59dd8d5ff187fa14aabb7b5b72493c46c8edb3bbc',536870912,1,1723112957,'207fffff','3ba522fa9d20409518e9cd9f902af98abcf897fcd56fa392048cc94c4569bd0c');
DROP TABLE IF EXISTS `indexers`;
CREATE TABLE `indexers` (
  `id` bigint unsigned NOT NULL AUTO_INCREMENT,
  `created_at` datetime(3),
  `updated_at` datetime(3),
  `deleted_at` datetime(3),
  `key` varchar(191),
  `value` longtext,
  PRIMARY KEY (`id`),
  KEY `idx_indexers_deleted_at` (`deleted_at`),
  UNIQUE KEY `idx_key` (`key`)
) ENGINE=InnoDB DEFAULT CHARSET=utf8mb4 COLLATE=utf8mb4_0900_bin;
INSERT INTO `indexers` (`id`,`created_at`,`updated_at`,`deleted_at`,`key`,`value`) VALUES (1,'2024-08-08 17:29:07.327','2024-08-08 17:29:11.435',NULL,'INDEXER_LAST_HEIGHT_KEY','112');
DROP TABLE IF EXISTS `transactions`;
CREATE TABLE `transactions` (
  `hash` varchar(191),
  `lock_time` int unsigned,
  `version` int,
  `safe` tinyint(1),
  `block_id` bigint unsigned,
  `block_hash` longtext,
  `block_height` bigint unsigned,
  `block_index` int unsigned,
  KEY `idx_hash` (`hash`),
  UNIQUE KEY `uni_transactions_hash` (`hash`)
) ENGINE=InnoDB DEFAULT CHARSET=utf8mb4 COLLATE=utf8mb4_0900_bin;
INSERT INTO `transactions` (`hash`,`lock_time`,`version`,`safe`,`block_id`,`block_hash`,`block_height`,`block_index`) VALUES ('fbbc564c1c6db231d2e6237c25136c58c12148943819bcbfb5220b5eb11b14dc',0,2,0,0,'5a19f106e1e8d246b601cb8ace05bc7454abd8de8db547e92309e5928337dc43',105,0), ('d6a17854a313bd57dd3a0b61eeda6302a08d52bad5c2342d2046575dc692bd48',0,2,0,0,'2e0b641dc6bf4841a4bd3362b74dc02976b766f71c1b45800a6c9ceb156f054b',45,0), ('7d45a07cbf537bdcf73e4d5ea495a8d661c45564a369dca98843dcfc76514037',0,2,0,0,'292f40c6269163aeccf86a83d45ba24136175f21247967198d6b44dea292e3e4',60,0), ('1b428044617d4caf7b90cc8528932a539d2b972c4314a5729e2da420ba62f637',110,2,0,0,'00071d9dea046490018967e9cd7a75e5e81b681687f75364115f17d1845a878e',111,5), ('2136459004187494c8779505a8fced94c317b47929120894cb7bbe470b6a3980',0,2,0,0,'1932668235acee3cfd7ab435a3fec23930747f7f7aa9c60e691eec70bca8181d',68,0), ('1a34b8c2c55f878f69a919b8000c3efddee21d48b133255769a05b016d1c1ffd',0,2,0,0,'5ea5602ebad2a83e6c58eb1cb89140613e9581ed1e710329dd02913bad213e8d',43,0), ('c7c1f23ff85a9a94f3dd63ac4cfe320b62e8dbdfbc528d3818ec8e9c7ad38925',110,2,0,0,'00071d9dea046490018967e9cd7a75e5e81b681687f75364115f17d1845a878e',111,1), ('8576f6208aee8860d78f88f995a4a3dd0fa012d51ac53705d89766c7eb192e57',0,2,0,0,'7d2ef608aa6deb65083399f285c394a283bfd757936cdfea2ca7ab1add3a858b',6,0), ('ed31b4e8b2596a0a15827fafb6b049e7a928773e0bac4125dfe855460c985f74',0,2,0,0,'69745efd4d3bce13fe2ca71c5c575faa17d8851080e9165dd40d3d916b5573b4',23,0), ('a6ea451506c1524abe0ec63629d4f929f8c3269dadda1667e9374cb70fdb0944',0,2,0,0,'5a2b66b4eb5d29337a7bbc79f712673a226a59f88f20594d04e84aa8967acb01',16,0), ('ab40f34cacf79efb5a85b5e31f85df61949bd19f193fb9b056222addf3600b10',0,2,0,0,'4210391dc7f224641646f5cb72989297c9eec5cb02f81bb805358cfe353659f0',94,0), ('3e725745520a66c822a821969367da15e6af532ed876049b8ee51ef8de37c772',0,2,0,0,'6ac586f9dbb3e88a9f4c69710b3430c28eda2123c1d144d70cf5a0668476afe6',42,0), ('5a74d53809575b9b9a9e6af1e523ecafd037949ab6b1961c31ad32f8c4790db4',0,2,0,0,'2d3579aa5572b65f6ec5b5e7201e8ab59dd5042ef5a8423d2648ad8a97edf59c',25,0), ('dd8220d893c8255383810b5c63ec0e2be0a9ba36b206e2136517c3c4814fb85f',0,2,0,0,'2c8a398badaf2fea398dc2df6d0e8969dd1de08923d4ceda8943e95b9fea99c8',98,0), ('c7aedff56eb8d99de6c43a2db1795eb00c58fcae70c47fe5cabd5a0d980281a7',0,2,0,0,'7d1d8f69e1518e60fdc23c023c2cd9ca7b16b14ece3342b7d6dc38538217d61f',4,0), ('5b4ac0e5d26d3db2db4441c33ea2855eb06d7e5a92be2f0a5651e61b80c11a27',0,2,0,0,'541e7075e60292acc7f963a1df210cd73f265e62700d29c2414e4744178048f1',71,0), ('4d2dc0382096009ccb7fe1c60222963f70f50fe136a995049941e0e23de9232d',0,2,0,0,'498c45219c99ef4aef379456c5b33d35d3ba2e7b6a560a58a6e5fb5612434af4',81,0), ('59bb13625eec4d5b33665f58b4be64e40fc561f499413a3e4425ebb2ce7e6cba',0,2,0,0,'27948441d37d1a293f1b2ea02faace9ba750fe04f74543ff462801cb835e625f',67,0), ('d372ff1f1b50566c42c3d1108d17baad04e0734e72320d996b1de7d9d690b204',0,2,0,0,'06db37c103b549070e375e6ab64480c8878cce29a7c6aada4ebe612298bf808d',36,0), ('0556f60c8567b8037624b13ea4091247d74af2840fc37dc42ac6a035b20984aa',0,2,0,0,'2c40ed389d55e2a3ee5cca5ab276019784833aa8810f911b2e7ebf15c27ea52d',101,0), ('1b0690a49c618b283f410c8c1556608bce0bbd690689fe53cc30f96c4840e7fb',42,2,0,0,'00071d9dea046490018967e9cd7a75e5e81b681687f75364115f17d1845a878e',111,8), ('ab7b7ca6f68184e90ab9defcc4f6347af106f5921fb24f20815069018beea56f',0,2,0,0,'1c3c0a9b3932ecfeebdd818629990d3bf5ac4c2134c85ddf5b6c68eb56ded879',110,0), ('b65e342d932f1f1f2f23666c6013a3701f167777dfd3f01d754dc80cd191de7f',0,2,0,0,'5f0a19be50d45d174a8b6da5655cf80ac54ba1b839eeaa655b33426a753a7719',47,0), ('875c6de6bb09d9882a7acd17d6b1f4bdfa439963c0e1b43816be5bf27a969801',0,2,0,0,'724c4db6f6f7db359a67f2c92267774aab32c2d9239eadc191b54bc3b7944f39',21,0), ('1b0908ba3e4728e2222f20a16c85fb6b028ae4aff22710b2b09caac86d555c08',0,2,0,0,'6b48caea501a996081e1d6679e33bebec66d7515bed30271ce177ee488f9d5fb',49,0), ('abb761cbd8c0ff9c9da588ebab64a815c73acc74b92ec5c8a2aa2bf08739e337',0,2,0,0,'7a25da1bbd47f2ad7fcc3f365c27d3acba4df941b52dea9d390b51a2c4a49300',40,0), ('a481bed7ab2ddc09ab20f351117796655fb3cc1a1472877a03bee1db7b6b933d',0,2,0,0,'63de4f4f6e7d36e591fd42512dc6570bc8ac3bcaa55361d30cdcf70953b03c2d',2,0), ('4a5e1e4baab89f3a32518a88c31bc87f618f76673e2cc77ab2127b7afdeda33b',0,1,0,0,'0f9188f13cb7b2c71f2a335e3a4fc328bf5beb436012afca590b1a11466e2206',0,0), ('3002f1ab35fc4c09d0f6bc4fa5471163a5b8ca34a4806d18dbe6921e967c9472',0,2,0,0,'0cda84e51306dfab1b6e5f93d8d3d49320d82cdc94fdda9ad510025c4ac5d429',70,0), ('6cd20a16f787291fab7fb28f59157171dd2f5f1c76a59779c5b9ccdaf888a550',0,2,0,0,'5c9a0a6c232afc788d5d53e01770ade27b25e830d4b798fe93670812f1823328',95,0), ('9a9ce51e545d5f19cd8dce9befbfa1656306f7fc78356dc80fc784d0ae2ca642',0,2,0,0,'302717fa7c74642b8e5e5005635d571685a72d69ab4f6dbeddf8c6c6ee6a6151',53,0), ('b52a2f313ad970a76637da2ae7c40ef145c2f53e956ff341671055948551cea6',0,2,0,0,'174cc5ad68d95462b8f3cf89f73db75b2b4e6db2136673b8dc28dd0203d8626c',75,0), ('747f317d8b29ec8ad1bd5a523ff67e19895a4de03dd750996d73bc30473c2578',0,2,0,0,'7999a643bec8f143be9ebefe52bd520acd581c1e5f1d4c2f47d89e44f23795b2',64,0), ('3fda66ea348b697d169637c7adff0979ae955c6c2faa4f210fdcc98eea1d3dd3',0,2,0,0,'7380293dbf0314ca98846e03bfbaa3097c3435ed1374c5fc3c4f8fbee3eea11e',69,0), ('c671fc73498f7102b50a88252bdecf16c1d7c0867cc79986b8ddce9f81667d60',0,2,0,0,'57f9db276fc7a6a93dc2972c5d26c361705460512c302ff157888fd849187653',99,0), ('be059c2ce2350f20f5ae0983f7ff13abac2dcf2b0a6c2dba2dbb239b8ccfbd32',0,2,0,0,'303d14dbdac9158a681face1c7846844892270cf423f29c19458bb592cd39632',66,0), ('f68dac1989084ee523c47e29a66e18db30c9c36a5a070ce1f9ecf6164ff1fca7',0,2,0,0,'600bc8fc09727bddfe423fd0b6742bc762a6b6c3b0c3ded8e328e89dec25b8fd',54,0), ('f42f4b53405dad49af255bc1f6b1685f447622230b5b9596db59b0c0dfee89bc',0,2,0,0,'444bdee8ed574f52a5a059d14bd3e5a160bc58ea6b3dcce914e56541f8c86dea',55,0), ('3cbf954d5200fcc57abd4433a08efb1a38ae6ad9cbc2c7435a4ac98df16fc314',0,2,0,0,'0aecc726a069b9c50a4c28d558c70ab7844f6fa24e71ddb3028396c6b9e88645',18,0), ('4048c6e20c6992ccdb253e2fdbed5f29fe943632a13438c18984669aacea4464',0,2,0,0,'7fbc3a0e9805e7871f2fd93449fe91ce5aaf0b4663edfdd6a05fd8016ad543f7',52,0), ('e7160278d963b93b68a33b08c005fdad0a796d61da33b2e2a05a6b44106f7d30',0,2,0,0,'413c532e0b77cf12af2ab9c4318158c404a87aa12926f782b344cae4f0f8101a',38,0), ('3ba522fa9d20409518e9cd9f902af98abcf897fcd56fa392048cc94c4569bd0c',0,2,0,0,'6d24c2377dc55b6a08926c8b9a4c92f3faee16cb2147d67ae0aac29ff484bb7b',107,0), ('54e4ae8052fdf960c0fda25bdb3230d8b2cf7b0c748b2ceae1333bc6866a2edf',0,2,0,0,'5c68f9e60af3de929e645202096356955b488e9898258dcbf6cd345c61436bf2',61,0), ('ff6e6bac7fd2845f043b1a90de70bcbe349454b98810877468e12b88a233d846',0,2,0,0,'69acb61dfaaa9772e25783259320af4965696ba217f0233a6ac2914f82782c30',12,0), ('41d1935e65ac0121945422bbbcc7c55d7b61ec2980bde6574202d5349dd4dcb3',0,2,0,0,'4b5203d91b11bfa4977548836999a4ab18b87d3845f6a7551248abe8911f1660',7,0), ('2dd65d08e6031d2b175a97fb1b03536b5d2600bd301632fc72b44b8b9dae4ad3',0,2,0,0,'46c4de93ea3564b216dcd7d1067d466f8219859bc1cbacb5b6e10826d4ea4923',1,0), ('e5951bdc0402c597c61d38d4c77ab24b46d246c28aeef4029061051c00b1100f',0,2,0,0,'7fb4ce1581410f49dcda214f99925afb170d89606e17b7ad1b6993bb0bc4a7f4',50,0), ('2c13c19b5e9d2b963cd4482c53c34eb29ac7d1c5fd1823e4d95e3fc452e32c70',0,2,0,0,'0c233af9fa1ddb5bd2076cbf9861818e8600896f0e558000b665f814845c182d',79,0), ('d9a83c94c8155989d5773168ae1a489b4de6e99fb4d82eab9c88e3609d8a91da',0,2,0,0,'79fd1e63db6dbe41b758896849f3e20309be46d7372562540964758e39e5f68a',13,0), ('6b227e35b81ced49b12da8d795ecca525f51a05e11b118b30b3f0647a13ec135',106,2,0,0,'00071d9dea046490018967e9cd7a75e5e81b681687f75364115f17d1845a878e',111,4), ('2ac993b5b4d0fbf5278641bc6eb0a6aae2dba62704bbb65033a9762f3ce3cd49',0,2,0,0,'207ee495a9b56ff5536d22ddf377f0b97d1328a3198707124b7c7144318eeb7c',33,0), ('2e0823e7c01c5145ec384a641a35763d4af8cc1eaec2756b603fed5fe62e3eea',0,2,0,0,'4b14c77399ee86c276fea115b4ae654995a5e17c0c58cd7211304c69b3b33983',17,0), ('ff6cc06f2b4445f006396e658bf1f729dee71f210f610196e84c99faec810387',0,2,0,0,'57218e7dd67dc0f393ae1ede539967a673c0b75902fd9f079a9b78c339d5c90c',72,0), ('b939e9b32f626eac9631a174a4bc20eda699d9bba6642de2110ad0a3df204d54',0,2,0,0,'24680fc74fa9a054bd34fb526ef75cf14a8de64180809efd69a1683f491c13ac',58,0), ('2a9e8ea65b01d39a09220a3f7027084ba44790508790d9c5405bf0fdf2c39da2',0,2,0,0,'6b4fe61fe506e95f3bc7007646445de9c99b93b980c10538ce477d86358c0f73',57,0), ('3dcd6784137a05e6993923e4b5dea55e7018a177613b866bbc3d61365b938127',0,2,0,0,'53f7e3f1606256e18ca5b612748d2282c77b9df1f3dea6b26a77228c9f9ebb86',83,0), ('740c20865a6017577d318faedbd2a7b109e4072b425ff92785e801035e314216',0,2,0,0,'7856644bd76715aac8113e9c705355b89508efec83f12b5dee58dd32bf544473',44,0), ('8af1717e8b063dc9e169df7c0f5e817ff37fbf701ebb5d35aa8076c5b558debb',0,2,0,0,'00071d9dea046490018967e9cd7a75e5e81b681687f75364115f17d1845a878e',111,0), ('0fa2635b30a0d62ca3efe91d43641fb0a4b6c2db06da0f1843aaeba160bc0b88',0,2,0,0,'6a0363544420027cc752c14d4902ac5af591b926120e1c8035249b7f9af612ab',65,0), ('0adea256bcd97c86fb118c23562863a9a1cf1413ae7e8d55c49f045c8a60ad90',0,2,0,0,'55b88c4a8b69f77eb7c9cabf32e8ced020aa21b0c8a1db68da0ce54555578200',5,0), ('22c8a9a3872ea08fedd38e1ebbf7eaeb18f54e547d3e4f544364faf883c0b816',0,2,0,0,'4bcea39d7ab61b1371e096d100e863bb660456a7c116afa54d20aa5376d32b84',96,0), ('0fb30b09e894d65f01f7cb9f1c64bc52839a7684e71f1b4e482f25fdfbe151bb',0,2,0,0,'045fece7fe921bef95e36526505ff41bf9ef83e849e0c12e7f0327e80b0d7fdf',41,0), ('503f408596c30b8ea27b7bc1253c8667588f722076645e53f453416c1d3c7e6a',0,2,0,0,'403c970b95adf57a8cddc41f7393010e42b8d98806577a5d999e0a67306199c5',31,0), ('8ee3dee1ff2087c45d628195c4b2c144e7ce3fc9ddde5c94d61c5408cdf0cb5c',0,2,0,0,'75bd5db9cd44d7354bdb93ec53fc5c1c53ac14975f7c13ed18c81a9a9b443a7b',89,0), ('6ddd9a8817ff79549218b2e5349c62d03efe37a0562fed4b5ba581835402361f',0,2,0,0,'0ae36a7b509f6c96c55aca854adafc019508d85bde44d093216410e43c467aa5',103,0), ('ccb178e64865ee5af2573b28e02286797dd318c26fe5029fb1b87c416c315c66',0,2,0,0,'414ec2662d02b421b9e8122929eb63e9c09c86ce607135d9c5f5c14fda949a0e',80,0), ('e6addc97211c22bcc1fd8377a4c65e18cb838b6564094138304e2e98d4da716c',110,2,0,0,'00071d9dea046490018967e9cd7a75e5e81b681687f75364115f17d1845a878e',111,6), ('79f3f034ba78251dab8b70e8c7a95e5792fbe49c60d3442e73e1f08d3af2accf',0,2,0,0,'26fbdd2c3dd68adee4560d7816c2bb03b570cc8655109f6436e17b52c3a663b5',3,0), ('7d436404a6db5810fe1f4cf849e8d3533a4e89d845269c1992b598e62845a5ba',0,2,0,0,'447f9c3c7d0198534b4506c3f53a933f22e1837a02474b28b74dcb1faa4af004',82,0), ('f4545c5a081f459b14bd8f5d30d50f93b267114449da26a8b99b9f8f8394b496',110,2,0,0,'00071d9dea046490018967e9cd7a75e5e81b681687f75364115f17d1845a878e',111,7), ('bf108838f5c25ef3bc4c38f3f4c36ec3745544bd5222e8eeaf23a20824c722a2',0,2,0,0,'32f6a38d80b520103940a35c33688a42d5566ceeb5fdc8ab462639f6061b87a1',93,0), ('ad73d66f94212c74a11386b1aeac705c8e976ba26d2c26e6f3bbe184b95f3478',0,2,0,0,'3b6354cec0b3af2cb86afa8b767ca1003ffa888ac4727c96a590d6b0bdfb9892',32,0), ('085610742577f4b31b121fcf07c63e77566b39004674ce31dde508c151869c9c',0,2,0,0,'186df7fc171613c6e2d6292e5d4edceb224678fb037bb48fc17e4e005b304475',76,0), ('66cfdcc4c6a8e5d27d07b215fedefd7b2f7872d4d2abef2bd4253741c825523d',0,2,0,0,'5ee11265c74349c0a74e823da100983c1637633497d005c2e2eedd8b5487e205',22,0), ('fd2cd5f66c19e880666f5f8fa3f7993ca63823ee8534eb07e4c06218b65a9c91',0,2,0,0,'70ffabb0716ecb4d86b1ffe66a487a33743531f0bf798f62a1fc1b9916b50276',91,0), ('4af7751be8b34c2294f286503da09fb7c2003a4bafcbfc2472a30412faa355f2',0,2,0,0,'5569679b35f15ee0239080ec9759b17f2d8fd61cbff95e99dc630c1da0a04267',97,0), ('df4c4f255a06ddeb29e4b0d5114cc3ee8f136ebcbcf70e44113e21bb5e9b097e',0,2,0,0,'626eab74bd9e73b364a123233a35bfb871d13604d4ba9a05a6c962844fa297bb',9,0), ('8f4a2b9220bca182382e4cdf139281435dd455777eb111f16b20d0da98fb749c',0,2,0,0,'5129c626625d6703f5a5070d2837741775fcea61c182a21636a57022a2c12cc9',27,0), ('b2f7903cdc571c45d605521d7d309ef3743a0fd73bde21f58b28d854d81d35b2',0,2,0,0,'4298d20203b9789d49bf6e0d81da2cfc3c7897fa3e24b5b264b9ef66ae85b793',85,0), ('fec54afbc4ed3e283b588177b4635a44118e3f925fa4892ee50d3f49ab571d68',0,2,0,0,'717cb7ed457a80aa24f10b1e914db608b2519f26774b24756423d517b68c45ef',28,0), ('1925189fb40fcf8ab8da5b6737bd1e2f91a82da050fa28e0a9b03002e7e19849',0,2,0,0,'493341e88bc6aa9607ff0ec4f7ee878ffb8353219673b6a8d7acc377d45f564f',73,0), ('8e9a4d31b5b6d84e380bf8cb66866d4a153e0d9a799455b73db314c6b00f2a15',0,2,0,0,'1692cda12c7f1f43285e7390ceb38f9ab2e2a948553d6356883541b9f2a894ea',86,0), ('6a270c968b8af28d50474747583185d54b19939d2e8f0597aa35b1f5ff4140ea',0,2,0,0,'0d739c6a469c65d0617a5bc3dcc61050c1d909a35d0474e4063418102e2398f0',92,0), ('deec9cac20efc870fa80ee08b2cffc4998403eeb28398303646085c58d018a7d',0,2,0,0,'308ba6c3dcb5a0cebcdd0131690f08a188a400cbc0e8c135dcd8e73db5049cf1',100,0), ('829a5e3cb4595946523d31b6daaf2da902d65078c9b29da920a0f651401c1cfe',0,2,0,0,'3bef762cda9fae2484ea7a3d24ad6421397e545c0d8ec06d49289d4eaaf33049',10,0), ('55a26e92bf8e407de3bf80cb42afd00b5d6c5e7354db0d173ad4560b933dc6ff',0,2,0,0,'6bf88e599d84746ba9a8dc8cca2a7b80ab942ded9c6cbfd42423ad20bd8bc74f',24,0), ('dd9f4b798ed069af7b89d4ac0615a5cca2ca37e0b4de4ee77b74c44cb7df44dd',0,2,0,0,'2d540abeede6023cf40e90db1b29d35cea14bc86049b7c479a6098c0f4fbc065',109,0), ('1e4e120519ef23531b6ec6ca3a2447e3a7db8c0788182ea74c84771dae68ff2c',110,2,0,0,'00071d9dea046490018967e9cd7a75e5e81b681687f75364115f17d1845a878e',111,3), ('be7f459304a0b0c0e53efe9ed6d443d4a7cc8ffcec2ea5e5ebb64dcc8000dd53',0,2,0,0,'6146d666a93cc38a25bf81d309b8213b996c647c5d294ac5cfef9f5af07a4b32',35,0), ('a3fb67f0829e473e5c7c26c41e5ccfff702e2274757fb5731a0a86d8b4d21377',0,2,0,0,'77a798c4f82e133d4d5a356f32e5b84284cc12cc9a21e6d0141558df22d49008',20,0), ('20e7222cd8f99e46a4c7bf62f0eb0f9cf35043134e5287cbd3f8cf79d99efa1e',0,2,0,0,'030d15a616f6ca91bb4b4534810c767d01c244c8d64af7b45ef73a75cec768eb',78,0), ('a2d80cded4136e80875d7658204942d7ba22289727d6ffc1165585922b027a68',0,2,0,0,'0088d6a56959dd854ff334ea62c90f5af81c92eac1c2dc40a6350e68ac9430f8',63,0), ('8a46b566321e2113d6df146038b61870c20e60a116845d6c37af548e84541e01',0,2,0,0,'1b332decbb990f262be26549e51951de67bd7db6f31b99e631c847d8a8aad42a',84,0), ('59409b488ea6014a8e1c964c838634480d950c13f715ecd9955b9a909b0ad713',0,2,0,0,'1c24636be5384db02c8f4c012da0a25f9a5ff1e13eafbab0f8655eb5a3b9244f',29,0), ('2325810b9430f8bf6ca3d5c409d1aba6d561f4597a0dcb6cd23d0894ebcb2728',110,2,0,0,'00071d9dea046490018967e9cd7a75e5e81b681687f75364115f17d1845a878e',111,2), ('6d094078d2898f3304bfd3b0ea5c6a01f5c6b83a60520ac54769e6d4002bbad2',0,2,0,0,'1df5eff9c727b70f99af7a8a687161132d9e7662cc7770549dc2808323506ed6',15,0), ('d453daa3a08658ebe17dfa9ada3e38b1c270485e05f5e8de4aa5303410951778',0,2,0,0,'6bc78e27ca589b8bd3389c8f154794cfaf1328ded521e717c2459494b1f26b10',51,0), ('8db7a3c62f3bd0426ce46107ece98ca3f5ac261b2f8f4d997dd7e203cdc8915f',0,2,0,0,'7456828bbafa63ab63d228c95d07c36ffad3f760bd6bdc147e705dd4166b707f',74,0), ('d8c37b527a60fcd8bf5f60cd9ed045aa870d223e07b62d558960d2e7784a0de0',0,2,0,0,'53d2e60b912d4745f8705476f2f06c348ebd549d2e02a696499e2495dd04a882',112,0), ('8848f68c697ec8153c010b896e450d07c3a9096deb5894069df3dffb19814c8a',0,2,0,0,'506b757e3de622e8ee8a9889f44880c4b14415041e67f9b4aabfae7c1096bfec',102,0), ('5650e212eac55392f12cd799dad04cac741d233260e58d1d2fed795d80dc1faa',0,2,0,0,'4f2a95fc60cd1b7dc4b27f7240cb4e99dd126a31e58b54ea4638543e8ff9e73d',88,0), ('90e57dec5709e9d15064b18036f1f78e75394559102f65c35fc40157d5f3e261',0,2,0,0,'5d846bf03ca4f22be0b294696a75fc6401db1bc8e1119e72ebd7e3e0815372bd',39,0), ('eb13ec377a8ba9889e3ef31cf58a5c1215ad81df2b7dfb6afa8e2b5c08f8ca6d',0,2,0,0,'27c906038aa49bc6ecc982c3c1fc20ef452a0314d01919b31e29e70cec8f632d',26,0), ('859cb2ff91de151f9384aa2692ef5534285bd1bf6d935faaf0f979f625236f30',0,2,0,0,'32f6d51844741a244a1811d59dd8d5ff187fa14aabb7b5b72493c46c8edb3bbc',106,0), ('8c9472dca8d9758ce52dafd5d77a186eb1a61e20288e6d009704b660f1b8517d',0,2,0,0,'298953c4df8fca3f6e5ab10ffde1aaea971a09325c6111e4acbbd27730c67786',37,0), ('4804019b1b249baeccbfc9d64aa0ac3929a0c0f1786d2b2f438f564463c6bc0c',0,2,0,0,'5f09cbabdc9bab51df34ec9137bde5519abf4c8bead5661221e4ae8db54a1429',34,0), ('0f325e1646bcbfd78ed063900fcf265b7eaaa29ac0bd54d7f217ec5b57351358',0,2,0,0,'0657592cc7a0b0fcafbec24aaa9c51c1d90e2a38adac194a0165084130b63b24',77,0), ('20445eb9ec57603f695c01916c1ac277f73876fa49b6207d43e93e4391c8227f',0,2,0,0,'6d4f10bd3fb6dfdd6cefcbfd5871ac8d2300e72aca025b5e32a8c869c9490f88',19,0), ('fed3808a20e1bd4933d693a96ae547baf340ecebec81c9beb122eb8343430ddd',0,2,0,0,'2ad58e268d63eae4426dff0c9bcbf1c4cc1b3187c0dadc52117a77df52ffcca1',14,0), ('ac1b6bfc2b7f755fa8db2d7e725cb80bba77c154c38e180f5902362d3f3a56d1',0,2,0,0,'2b8f7bd2697b6d59824920fe405b03b86deb84652193b4d8c965eea07a893d95',30,0), ('da4f8f439ed3fa098a869bdf08c1e8777891570a96948b6668002e39fd9b8ff7',0,2,0,0,'487a17ec98c1cbdbf463a8e399492844466f423517463e616519f6e8ce052ccb',56,0), ('9b859f6ae367d5109d483c29b75548074afd4447ecc6854775baa9570b706218',0,2,0,0,'28ce969ed69c8ced1d4a67f15433783c48c54ca9553bcee5f011efbeb372b5bc',46,0), ('a984f01a650b4a7bc0cc7817c1aeef14f8013f5f00a6e2465322b6dfeb4ff4ff',0,2,0,0,'447145cf1640a62d68f57d71df92266070492a2a5906a874cbaebf578b12c1cd',90,0), ('e90b30fe8d039a2cfbc2915e0a66838e25f217bbdf4da1076f1729b6b19498b4',0,2,0,0,'462b7db27d3c241d65620e759f348dcc2838b3d60d261092738485d6945dd303',11,0), ('7e3faa56ee71c794b7d082777bf8a9b5ae1fc52f47bac7d2bdb950188f6251a3',0,2,0,0,'2051a6fcc6f473dc39b36488f3a9b679c1247be7818f54c05e999b665afed988',104,0), ('7c07fd6d60b3fc629d44866df156aede91bb1ecfe35532276312fcd5fcf9984b',0,2,0,0,'04a9a74e591f01a578305226b8937c7ba041157f52377e03125a08e1820fc05e',87,0), ('f4abe5d856798a0a2d22893db53ba3580921760fad0f1c677a22cada8e457c4d',0,2,0,0,'1409fa87a8986414faf10f69b1a0edf921b79357b6bb68c733fb2547a01d5ca3',59,0), ('a461bda505374d373d6a1e7f624278c08848e5d4e350375e0aaa537fd2700dc2',0,2,0,0,'4f6348fabeb688f54f2dc8c52270ce87b03da8733e07fda87055b7fe5aa2cd06',62,0), ('9a4accfe183e24fd0c4111bdd058f6ab40e133fd72448d77fd327488717484fd',0,2,0,0,'2171bf07f7f6a28bd072bddde4b5c269b0deb3c5356fd5a070679555e081b0d6',108,0), ('05742d6857cbd53c207c15c0d9af6efbd120bbfbd8ddac26b4c87375a2b8c43b',0,2,0,0,'454dfe6a09982708e326f2ee27c1f3e1b0719f5d300b33aa4061ec266c5c2333',8,0), ('70ffd56caf0fa6adc9079a7fcda5361e9708bbfd88396f1aa9774f5f9745bb11',0,2,0,0,'137b1d315bab301272173c91fd252ca3b788ed9e78c87733514f7aa2bed48346',48,0);
DROP TABLE IF EXISTS `vins`;
CREATE TABLE `vins` (
  `tx_hash` varchar(191),
  `tx_index` int unsigned,
  `block_hash` longtext,
  `block_height` bigint unsigned,
  `block_tx_index` int unsigned,
  `sequence` int unsigned,
  `signature_script` longtext,
  `witness` longtext,
  `pk_script` longtext,
  `value` bigint,
  `spender` longtext,
  `type` longtext,
  KEY `idx_tx_hash` (`tx_hash`)
) ENGINE=InnoDB DEFAULT CHARSET=utf8mb4 COLLATE=utf8mb4_0900_bin;
INSERT INTO `vins` (`tx_hash`,`tx_index`,`block_hash`,`block_height`,`block_tx_index`,`sequence`,`signature_script`,`witness`,`pk_script`,`value`,`spender`,`type`) VALUES ('0f325e1646bcbfd78ed063900fcf265b7eaaa29ac0bd54d7f217ec5b57351358',0,'0657592cc7a0b0fcafbec24aaa9c51c1d90e2a38adac194a0165084130b63b24',77,0,4294967295,'','0000000000000000000000000000000000000000000000000000000000000000','',0,'',''), ('7e3faa56ee71c794b7d082777bf8a9b5ae1fc52f47bac7d2bdb950188f6251a3',0,'2051a6fcc6f473dc39b36488f3a9b679c1247be7818f54c05e999b665afed988',104,0,4294967295,'','0000000000000000000000000000000000000000000000000000000000000000','',0,'',''), ('ab7b7ca6f68184e90ab9defcc4f6347af106f5921fb24f20815069018beea56f',0,'1c3c0a9b3932ecfeebdd818629990d3bf5ac4c2134c85ddf5b6c68eb56ded879',110,0,4294967295,'','0000000000000000000000000000000000000000000000000000000000000000','',0,'',''), ('4af7751be8b34c2294f286503da09fb7c2003a4bafcbfc2472a30412faa355f2',0,'5569679b35f15ee0239080ec9759b17f2d8fd61cbff95e99dc630c1da0a04267',97,0,4294967295,'','0000000000000000000000000000000000000000000000000000000000000000','',0,'',''), ('20e7222cd8f99e46a4c7bf62f0eb0f9cf35043134e5287cbd3f8cf79d99efa1e',0,'030d15a616f6ca91bb4b4534810c767d01c244c8d64af7b45ef73a75cec768eb',78,0,4294967295,'','0000000000000000000000000000000000000000000000000000000000000000','',0,'',''), ('2dd65d08e6031d2b175a97fb1b03536b5d2600bd301632fc72b44b8b9dae4ad3',0,'46c4de93ea3564b216dcd7d1067d466f8219859bc1cbacb5b6e10826d4ea4923',1,0,4294967295,'','0000000000000000000000000000000000000000000000000000000000000000','',0,'',''), ('d8c37b527a60fcd8bf5f60cd9ed045aa870d223e07b62d558960d2e7784a0de0',0,'53d2e60b912d4745f8705476f2f06c348ebd549d2e02a696499e2495dd04a882',112,0,4294967295,'','0000000000000000000000000000000000000000000000000000000000000000','',0,'',''), ('8af1717e8b063dc9e169df7c0f5e817ff37fbf701ebb5d35aa8076c5b558debb',0,'00071d9dea046490018967e9cd7a75e5e81b681687f75364115f17d1845a878e',111,0,4294967295,'','0000000000000000000000000000000000000000000000000000000000000000','',0,'',''), ('05742d6857cbd53c207c15c0d9af6efbd120bbfbd8ddac26b4c87375a2b8c43b',0,'454dfe6a09982708e326f2ee27c1f3e1b0719f5d300b33aa4061ec266c5c2333',8,0,4294967295,'','0000000000000000000000000000000000000000000000000000000000000000','',0,'',''), ('ff6e6bac7fd2845f043b1a90de70bcbe349454b98810877468e12b88a233d846',0,'69acb61dfaaa9772e25783259320af4965696ba217f0233a6ac2914f82782c30',12,0,4294967295,'','0000000000000000000000000000000000000000000000000000000000000000','',0,'',''), ('8e9a4d31b5b6d84e380bf8cb66866d4a153e0d9a799455b73db314c6b00f2a15',0,'1692cda12c7f1f43285e7390ceb38f9ab2e2a948553d6356883541b9f2a894ea',86,0,4294967295,'','0000000000000000000000000000000000000000000000000000000000000000','',0,'',''), ('b65e342d932f1f1f2f23666c6013a3701f167777dfd3f01d754dc80cd191de7f',0,'5f0a19be50d45d174a8b6da5655cf80ac54ba1b839eeaa655b33426a753a7719',47,0,4294967295,'','0000000000000000000000000000000000000000000000000000000000000000','',0,'',''), ('9b859f6ae367d5109d483c29b75548074afd4447ecc6854775baa9570b706218',0,'28ce969ed69c8ced1d4a67f15433783c48c54ca9553bcee5f011efbeb372b5bc',46,0,4294967295,'','0000000000000000000000000000000000000000000000000000000000000000','',0,'',''), ('6b227e35b81ced49b12da8d795ecca525f51a05e11b118b30b3f0647a13ec135',0,'00071d9dea046490018967e9cd7a75e5e81b681687f75364115f17d1845a878e',111,4,4294967293,'','304402203d76455443586f78497a29eb3b86cc40eac5e11ff8b0c115026e5931a03fd41f0220281ea8a542ed550eeb81081878f4813dbfbecb8c1a7af70ebddf7f563ad781c701,033c822b6bd195d9a10484271063493fff2bb9d43d8528dba66a61d270ebc1eb5a','0014dcb543ca6e68b634ea4737667e537a7e9b537112',5000000000,'bcrt1qmj658jnwdzmrf6j8xan8u5m606d4xugjrnxqvk',''), ('9a9ce51e545d5f19cd8dce9befbfa1656306f7fc78356dc80fc784d0ae2ca642',0,'302717fa7c74642b8e5e5005635d571685a72d69ab4f6dbeddf8c6c6ee6a6151',53,0,4294967295,'','0000000000000000000000000000000000000000000000000000000000000000','',0,'',''), ('a3fb67f0829e473e5c7c26c41e5ccfff702e2274757fb5731a0a86d8b4d21377',0,'77a798c4f82e133d4d5a356f32e5b84284cc12cc9a21e6d0141558df22d49008',20,0,4294967295,'','0000000000000000000000000000000000000000000000000000000000000000','',0,'',''), ('2136459004187494c8779505a8fced94c317b47929120894cb7bbe470b6a3980',0,'1932668235acee3cfd7ab435a3fec23930747f7f7aa9c60e691eec70bca8181d',68,0,4294967295,'','0000000000000000000000000000000000000000000000000000000000000000','',0,'',''), ('da4f8f439ed3fa098a869bdf08c1e8777891570a96948b6668002e39fd9b8ff7',0,'487a17ec98c1cbdbf463a8e399492844466f423517463e616519f6e8ce052ccb',56,0,4294967295,'','0000000000000000000000000000000000000000000000000000000000000000','',0,'',''), ('b2f7903cdc571c45d605521d7d309ef3743a0fd73bde21f58b28d854d81d35b2',0,'4298d20203b9789d49bf6e0d81da2cfc3c7897fa3e24b5b264b9ef66ae85b793',85,0,4294967295,'','0000000000000000000000000000000000000000000000000000000000000000','',0,'',''), ('be059c2ce2350f20f5ae0983f7ff13abac2dcf2b0a6c2dba2dbb239b8ccfbd32',0,'303d14dbdac9158a681face1c7846844892270cf423f29c19458bb592cd39632',66,0,4294967295,'','0000000000000000000000000000000000000000000000000000000000000000','',0,'',''), ('ab40f34cacf79efb5a85b5e31f85df61949bd19f193fb9b056222addf3600b10',0,'4210391dc7f224641646f5cb72989297c9eec5cb02f81bb805358cfe353659f0',94,0,4294967295,'','0000000000000000000000000000000000000000000000000000000000000000','',0,'',''), ('ccb178e64865ee5af2573b28e02286797dd318c26fe5029fb1b87c416c315c66',0,'414ec2662d02b421b9e8122929eb63e9c09c86ce607135d9c5f5c14fda949a0e',80,0,4294967295,'','0000000000000000000000000000000000000000000000000000000000000000','',0,'',''), ('6d094078d2898f3304bfd3b0ea5c6a01f5c6b83a60520ac54769e6d4002bbad2',0,'1df5eff9c727b70f99af7a8a687161132d9e7662cc7770549dc2808323506ed6',15,0,4294967295,'','0000000000000000000000000000000000000000000000000000000000000000','',0,'',''), ('4d2dc0382096009ccb7fe1c60222963f70f50fe136a995049941e0e23de9232d',0,'498c45219c99ef4aef379456c5b33d35d3ba2e7b6a560a58a6e5fb5612434af4',81,0,4294967295,'','0000000000000000000000000000000000000000000000000000000000000000','',0,'',''), ('3002f1ab35fc4c09d0f6bc4fa5471163a5b8ca34a4806d18dbe6921e967c9472',0,'0cda84e51306dfab1b6e5f93d8d3d49320d82cdc94fdda9ad510025c4ac5d429',70,0,4294967295,'','0000000000000000000000000000000000000000000000000000000000000000','',0,'',''), ('1e4e120519ef23531b6ec6ca3a2447e3a7db8c0788182ea74c84771dae68ff2c',0,'00071d9dea046490018967e9cd7a75e5e81b681687f75364115f17d1845a878e',111,3,4294967293,'','3044022060b5e6ebfbb44bc488c9075f6e58047c9bc4b00c31116575bd9a8dd018bcf0d20220247a7fd17b2b6605b22fa3652889c2c15f903b43a9c1041fab321b965b1d9c4c01,033c822b6bd195d9a10484271063493fff2bb9d43d8528dba66a61d270ebc1eb5a','0014dcb543ca6e68b634ea4737667e537a7e9b537112',5000000000,'bcrt1qmj658jnwdzmrf6j8xan8u5m606d4xugjrnxqvk',''), ('f42f4b53405dad49af255bc1f6b1685f447622230b5b9596db59b0c0dfee89bc',0,'444bdee8ed574f52a5a059d14bd3e5a160bc58ea6b3dcce914e56541f8c86dea',55,0,4294967295,'','0000000000000000000000000000000000000000000000000000000000000000','',0,'',''), ('90e57dec5709e9d15064b18036f1f78e75394559102f65c35fc40157d5f3e261',0,'5d846bf03ca4f22be0b294696a75fc6401db1bc8e1119e72ebd7e3e0815372bd',39,0,4294967295,'','0000000000000000000000000000000000000000000000000000000000000000','',0,'',''), ('2a9e8ea65b01d39a09220a3f7027084ba44790508790d9c5405bf0fdf2c39da2',0,'6b4fe61fe506e95f3bc7007646445de9c99b93b980c10538ce477d86358c0f73',57,0,4294967295,'','0000000000000000000000000000000000000000000000000000000000000000','',0,'',''), ('54e4ae8052fdf960c0fda25bdb3230d8b2cf7b0c748b2ceae1333bc6866a2edf',0,'5c68f9e60af3de929e645202096356955b488e9898258dcbf6cd345c61436bf2',61,0,4294967295,'','0000000000000000000000000000000000000000000000000000000000000000','',0,'',''), ('eb13ec377a8ba9889e3ef31cf58a5c1215ad81df2b7dfb6afa8e2b5c08f8ca6d',0,'27c906038aa49bc6ecc982c3c1fc20ef452a0314d01919b31e29e70cec8f632d',26,0,4294967295,'','0000000000000000000000000000000000000000000000000000000000000000','',0,'',''), ('085610742577f4b31b121fcf07c63e77566b39004674ce31dde508c151869c9c',0,'186df7fc171613c6e2d6292e5d4edceb224678fb037bb48fc17e4e005b304475',76,0,4294967295,'','0000000000000000000000000000000000000000000000000000000000000000','',0,'',''), ('4a5e1e4baab89f3a32518a88c31bc87f618f76673e2cc77ab2127b7afdeda33b',0,'0f9188f13cb7b2c71f2a335e3a4fc328bf5beb436012afca590b1a11466e2206',0,0,4294967295,'','','',0,'',''), ('66cfdcc4c6a8e5d27d07b215fedefd7b2f7872d4d2abef2bd4253741c825523d',0,'5ee11265c74349c0a74e823da100983c1637633497d005c2e2eedd8b5487e205',22,0,4294967295,'','0000000000000000000000000000000000000000000000000000000000000000','',0,'',''), ('3fda66ea348b697d169637c7adff0979ae955c6c2faa4f210fdcc98eea1d3dd3',0,'7380293dbf0314ca98846e03bfbaa3097c3435ed1374c5fc3c4f8fbee3eea11e',69,0,4294967295,'','0000000000000000000000000000000000000000000000000000000000000000','',0,'',''), ('79f3f034ba78251dab8b70e8c7a95e5792fbe49c60d3442e73e1f08d3af2accf',0,'26fbdd2c3dd68adee4560d7816c2bb03b570cc8655109f6436e17b52c3a663b5',3,0,4294967295,'','0000000000000000000000000000000000000000000000000000000000000000','',0,'',''), ('8a46b566321e2113d6df146038b61870c20e60a116845d6c37af548e84541e01',0,'1b332decbb990f262be26549e51951de67bd7db6f31b99e631c847d8a8aad42a',84,0,4294967295,'','0000000000000000000000000000000000000000000000000000000000000000','',0,'',''), ('fec54afbc4ed3e283b588177b4635a44118e3f925fa4892ee50d3f49ab571d68',0,'717cb7ed457a80aa24f10b1e914db608b2519f26774b24756423d517b68c45ef',28,0,4294967295,'','0000000000000000000000000000000000000000000000000000000000000000','',0,'',''), ('503f408596c30b8ea27b7bc1253c8667588f722076645e53f453416c1d3c7e6a',0,'403c970b95adf57a8cddc41f7393010e42b8d98806577a5d999e0a67306199c5',31,0,4294967295,'','0000000000000000000000000000000000000000000000000000000000000000','',0,'',''), ('6a270c968b8af28d50474747583185d54b19939d2e8f0597aa35b1f5ff4140ea',0,'0d739c6a469c65d0617a5bc3dcc61050c1d909a35d0474e4063418102e2398f0',92,0,4294967295,'','0000000000000000000000000000000000000000000000000000000000000000','',0,'',''), ('8848f68c697ec8153c010b896e450d07c3a9096deb5894069df3dffb19814c8a',0,'506b757e3de622e8ee8a9889f44880c4b14415041e67f9b4aabfae7c1096bfec',102,0,4294967295,'','0000000000000000000000000000000000000000000000000000000000000000','',0,'',''), ('abb761cbd8c0ff9c9da588ebab64a815c73acc74b92ec5c8a2aa2bf08739e337',0,'7a25da1bbd47f2ad7fcc3f365c27d3acba4df941b52dea9d390b51a2c4a49300',40,0,4294967295,'','0000000000000000000000000000000000000000000000000000000000000000','',0,'',''), ('fd2cd5f66c19e880666f5f8fa3f7993ca63823ee8534eb07e4c06218b65a9c91',0,'70ffabb0716ecb4d86b1ffe66a487a33743531f0bf798f62a1fc1b9916b50276',91,0,4294967295,'','0000000000000000000000000000000000000000000000000000000000000000','',0,'',''), ('1a34b8c2c55f878f69a919b8000c3efddee21d48b133255769a05b016d1c1ffd',0,'5ea5602ebad2a83e6c58eb1cb89140613e9581ed1e710329dd02913bad213e8d',43,0,4294967295,'','0000000000000000000000000000000000000000000000000000000000000000','',0,'',''), ('3dcd6784137a05e6993923e4b5dea55e7018a177613b866bbc3d61365b938127',0,'53f7e3f1606256e18ca5b612748d2282c77b9df1f3dea6b26a77228c9f9ebb86',83,0,4294967295,'','0000000000000000000000000000000000000000000000000000000000000000','',0,'',''), ('859cb2ff91de151f9384aa2692ef5534285bd1bf6d935faaf0f979f625236f30',0,'32f6d51844741a244a1811d59dd8d5ff187fa14aabb7b5b72493c46c8edb3bbc',106,0,4294967295,'','0000000000000000000000000000000000000000000000000000000000000000','',0,'',''), ('4048c6e20c6992ccdb253e2fdbed5f29fe943632a13438c18984669aacea4464',0,'7fbc3a0e9805e7871f2fd93449fe91ce5aaf0b4663edfdd6a05fd8016ad543f7',52,0,4294967295,'','0000000000000000000000000000000000000000000000000000000000000000','',0,'',''), ('c7aedff56eb8d99de6c43a2db1795eb00c58fcae70c47fe5cabd5a0d980281a7',0,'7d1d8f69e1518e60fdc23c023c2cd9ca7b16b14ece3342b7d6dc38538217d61f',4,0,4294967295,'','0000000000000000000000000000000000000000000000000000000000000000','',0,'',''), ('e5951bdc0402c597c61d38d4c77ab24b46d246c28aeef4029061051c00b1100f',0,'7fb4ce1581410f49dcda214f99925afb170d89606e17b7ad1b6993bb0bc4a7f4',50,0,4294967295,'','0000000000000000000000000000000000000000000000000000000000000000','',0,'',''), ('875c6de6bb09d9882a7acd17d6b1f4bdfa439963c0e1b43816be5bf27a969801',0,'724c4db6f6f7db359a67f2c92267774aab32c2d9239eadc191b54bc3b7944f39',21,0,4294967295,'','0000000000000000000000000000000000000000000000000000000000000000','',0,'',''), ('20445eb9ec57603f695c01916c1ac277f73876fa49b6207d43e93e4391c8227f',0,'6d4f10bd3fb6dfdd6cefcbfd5871ac8d2300e72aca025b5e32a8c869c9490f88',19,0,4294967295,'','0000000000000000000000000000000000000000000000000000000000000000','',0,'',''), ('1b0690a49c618b283f410c8c1556608bce0bbd690689fe53cc30f96c4840e7fb',0,'00071d9dea046490018967e9cd7a75e5e81b681687f75364115f17d1845a878e',111,8,4294967293,'','304402207c6efa20d43f5fdbaf1cff99108101a1326f6ac26ef762297bf589646b4e733b02205d2ece859b67352f3a92fb92db1a738e48205710ecb5cf5011391dc501ca574801,033c822b6bd195d9a10484271063493fff2bb9d43d8528dba66a61d270ebc1eb5a','0014dcb543ca6e68b634ea4737667e537a7e9b537112',5000000000,'bcrt1qmj658jnwdzmrf6j8xan8u5m606d4xugjrnxqvk',''), ('7d436404a6db5810fe1f4cf849e8d3533a4e89d845269c1992b598e62845a5ba',0,'447f9c3c7d0198534b4506c3f53a933f22e1837a02474b28b74dcb1faa4af004',82,0,4294967295,'','0000000000000000000000000000000000000000000000000000000000000000','',0,'',''), ('0fb30b09e894d65f01f7cb9f1c64bc52839a7684e71f1b4e482f25fdfbe151bb',0,'045fece7fe921bef95e36526505ff41bf9ef83e849e0c12e7f0327e80b0d7fdf',41,0,4294967295,'','0000000000000000000000000000000000000000000000000000000000000000','',0,'',''), ('ff6cc06f2b4445f006396e658bf1f729dee71f210f610196e84c99faec810387',0,'57218e7dd67dc0f393ae1ede539967a673c0b75902fd9f079a9b78c339d5c90c',72,0,4294967295,'','0000000000000000000000000000000000000000000000000000000000000000','',0,'',''), ('d372ff1f1b50566c42c3d1108d17baad04e0734e72320d996b1de7d9d690b204',0,'06db37c103b549070e375e6ab64480c8878cce29a7c6aada4ebe612298bf808d',36,0,4294967295,'','0000000000000000000000000000000000000000000000000000000000000000','',0,'',''), ('deec9cac20efc870fa80ee08b2cffc4998403eeb28398303646085c58d018a7d',0,'308ba6c3dcb5a0cebcdd0131690f08a188a400cbc0e8c135dcd8e73db5049cf1',100,0,4294967295,'','0000000000000000000000000000000000000000000000000000000000000000','',0,'',''), ('9a4accfe183e24fd0c4111bdd058f6ab40e133fd72448d77fd327488717484fd',0,'2171bf07f7f6a28bd072bddde4b5c269b0deb3c5356fd5a070679555e081b0d6',108,0,4294967295,'','0000000000000000000000000000000000000000000000000000000000000000','',0,'',''), ('7c07fd6d60b3fc629d44866df156aede91bb1ecfe35532276312fcd5fcf9984b',0,'04a9a74e591f01a578305226b8937c7ba041157f52377e03125a08e1820fc05e',87,0,4294967295,'','0000000000000000000000000000000000000000000000000000000000000000','',0,'',''), ('b52a2f313ad970a76637da2ae7c40ef145c2f53e956ff341671055948551cea6',0,'174cc5ad68d95462b8f3cf89f73db75b2b4e6db2136673b8dc28dd0203d8626c',75,0,4294967295,'','0000000000000000000000000000000000000000000000000000000000000000','',0,'',''), ('41d1935e65ac0121945422bbbcc7c55d7b61ec2980bde6574202d5349dd4dcb3',0,'4b5203d91b11bfa4977548836999a4ab18b87d3845f6a7551248abe8911f1660',7,0,4294967295,'','0000000000000000000000000000000000000000000000000000000000000000','',0,'',''), ('df4c4f255a06ddeb29e4b0d5114cc3ee8f136ebcbcf70e44113e21bb5e9b097e',0,'626eab74bd9e73b364a123233a35bfb871d13604d4ba9a05a6c962844fa297bb',9,0,4294967295,'','0000000000000000000000000000000000000000000000000000000000000000','',0,'',''), ('b939e9b32f626eac9631a174a4bc20eda699d9bba6642de2110ad0a3df204d54',0,'24680fc74fa9a054bd34fb526ef75cf14a8de64180809efd69a1683f491c13ac',58,0,4294967295,'','0000000000000000000000000000000000000000000000000000000000000000','',0,'',''), ('2325810b9430f8bf6ca3d5c409d1aba6d561f4597a0dcb6cd23d0894ebcb2728',0,'00071d9dea046490018967e9cd7a75e5e81b681687f75364115f17d1845a878e',111,2,4294967293,'','304402200d233936b9119952b6a796ec353c850b1c51e6ba961754b518d0c01743727a130220700a2c7be775c8e332c218bce5e3ea25321ab615ea22dbd52bd3c827c8faa56e01,033c822b6bd195d9a10484271063493fff2bb9d43d8528dba66a61d270ebc1eb5a','0014dcb543ca6e68b634ea4737667e537a7e9b537112',5000000000,'bcrt1qmj658jnwdzmrf6j8xan8u5m606d4xugjrnxqvk',''), ('8c9472dca8d9758ce52dafd5d77a186eb1a61e20288e6d009704b660f1b8517d',0,'298953c4df8fca3f6e5ab10ffde1aaea971a09325c6111e4acbbd27730c67786',37,0,4294967295,'','0000000000000000000000000000000000000000000000000000000000000000','',0,'',''), ('3cbf954d5200fcc57abd4433a08efb1a38ae6ad9cbc2c7435a4ac98df16fc314',0,'0aecc726a069b9c50a4c28d558c70ab7844f6fa24e71ddb3028396c6b9e88645',18,0,4294967295,'','0000000000000000000000000000000000000000000000000000000000000000','',0,'',''), ('747f317d8b29ec8ad1bd5a523ff67e19895a4de03dd750996d73bc30473c2578',0,'7999a643bec8f143be9ebefe52bd520acd581c1e5f1d4c2f47d89e44f23795b2',64,0,4294967295,'','0000000000000000000000000000000000000000000000000000000000000000','',0,'',''), ('8db7a3c62f3bd0426ce46107ece98ca3f5ac261b2f8f4d997dd7e203cdc8915f',0,'7456828bbafa63ab63d228c95d07c36ffad3f760bd6bdc147e705dd4166b707f',74,0,4294967295,'','0000000000000000000000000000000000000000000000000000000000000000','',0,'',''), ('3ba522fa9d20409518e9cd9f902af98abcf897fcd56fa392048cc94c4569bd0c',0,'6d24c2377dc55b6a08926c8b9a4c92f3faee16cb2147d67ae0aac29ff484bb7b',107,0,4294967295,'','0000000000000000000000000000000000000000000000000000000000000000','',0,'',''), ('fed3808a20e1bd4933d693a96ae547baf340ecebec81c9beb122eb8343430ddd',0,'2ad58e268d63eae4426dff0c9bcbf1c4cc1b3187c0dadc52117a77df52ffcca1',14,0,4294967295,'','0000000000000000000000000000000000000000000000000000000000000000','',0,'',''), ('0adea256bcd97c86fb118c23562863a9a1cf1413ae7e8d55c49f045c8a60ad90',0,'55b88c4a8b69f77eb7c9cabf32e8ced020aa21b0c8a1db68da0ce54555578200',5,0,4294967295,'','0000000000000000000000000000000000000000000000000000000000000000','',0,'',''), ('70ffd56caf0fa6adc9079a7fcda5361e9708bbfd88396f1aa9774f5f9745bb11',0,'137b1d315bab301272173c91fd252ca3b788ed9e78c87733514f7aa2bed48346',48,0,4294967295,'','0000000000000000000000000000000000000000000000000000000000000000','',0,'',''), ('5b4ac0e5d26d3db2db4441c33ea2855eb06d7e5a92be2f0a5651e61b80c11a27',0,'541e7075e60292acc7f963a1df210cd73f265e62700d29c2414e4744178048f1',71,0,4294967295,'','0000000000000000000000000000000000000000000000000000000000000000','',0,'',''), ('ac1b6bfc2b7f755fa8db2d7e725cb80bba77c154c38e180f5902362d3f3a56d1',0,'2b8f7bd2697b6d59824920fe405b03b86deb84652193b4d8c965eea07a893d95',30,0,4294967295,'','0000000000000000000000000000000000000000000000000000000000000000','',0,'',''), ('1b428044617d4caf7b90cc8528932a539d2b972c4314a5729e2da420ba62f637',0,'00071d9dea046490018967e9cd7a75e5e81b681687f75364115f17d1845a878e',111,5,4294967293,'','3044022015840f7c3721f3f307d1024aed094c986e11848338bfc1f41df8c4bae4b5e3a30220487e59f698ae33eb4432597fddfeb5f0b5d56c396b7e75c2cb53875f059b1d7201,033c822b6bd195d9a10484271063493fff2bb9d43d8528dba66a61d270ebc1eb5a','0014dcb543ca6e68b634ea4737667e537a7e9b537112',5000000000,'bcrt1qmj658jnwdzmrf6j8xan8u5m606d4xugjrnxqvk',''), ('dd8220d893c8255383810b5c63ec0e2be0a9ba36b206e2136517c3c4814fb85f',0,'2c8a398badaf2fea398dc2df6d0e8969dd1de08923d4ceda8943e95b9fea99c8',98,0,4294967295,'','0000000000000000000000000000000000000000000000000000000000000000','',0,'',''), ('8ee3dee1ff2087c45d628195c4b2c144e7ce3fc9ddde5c94d61c5408cdf0cb5c',0,'75bd5db9cd44d7354bdb93ec53fc5c1c53ac14975f7c13ed18c81a9a9b443a7b',89,0,4294967295,'','0000000000000000000000000000000000000000000000000000000000000000','',0,'',''), ('d6a17854a313bd57dd3a0b61eeda6302a08d52bad5c2342d2046575dc692bd48',0,'2e0b641dc6bf4841a4bd3362b74dc02976b766f71c1b45800a6c9ceb156f054b',45,0,4294967295,'','0000000000000000000000000000000000000000000000000000000000000000','',0,'',''), ('bf108838f5c25ef3bc4c38f3f4c36ec3745544bd5222e8eeaf23a20824c722a2',0,'32f6a38d80b520103940a35c33688a42d5566ceeb5fdc8ab462639f6061b87a1',93,0,4294967295,'','0000000000000000000000000000000000000000000000000000000000000000','',0,'',''), ('c7c1f23ff85a9a94f3dd63ac4cfe320b62e8dbdfbc528d3818ec8e9c7ad38925',0,'00071d9dea046490018967e9cd7a75e5e81b681687f75364115f17d1845a878e',111,1,4294967293,'','30440220396edf596ff62d89ccd8863f8f7fed36c17643271cd7032a056fa98f6913be96022020ec63c23b150e7783f7779fcc5c58ae73a56584af380b9058460968580929e101,033c822b6bd195d9a10484271063493fff2bb9d43d8528dba66a61d270ebc1eb5a','0014dcb543ca6e68b634ea4737667e537a7e9b537112',5000000000,'bcrt1qmj658jnwdzmrf6j8xan8u5m606d4xugjrnxqvk',''), ('ed31b4e8b2596a0a15827fafb6b049e7a928773e0bac4125dfe855460c985f74',0,'69745efd4d3bce13fe2ca71c5c575faa17d8851080e9165dd40d3d916b5573b4',23,0,4294967295,'','0000000000000000000000000000000000000000000000000000000000000000','',0,'',''), ('5650e212eac55392f12cd799dad04cac741d233260e58d1d2fed795d80dc1faa',0,'4f2a95fc60cd1b7dc4b27f7240cb4e99dd126a31e58b54ea4638543e8ff9e73d',88,0,4294967295,'','0000000000000000000000000000000000000000000000000000000000000000','',0,'',''), ('fbbc564c1c6db231d2e6237c25136c58c12148943819bcbfb5220b5eb11b14dc',0,'5a19f106e1e8d246b601cb8ace05bc7454abd8de8db547e92309e5928337dc43',105,0,4294967295,'','0000000000000000000000000000000000000000000000000000000000000000','',0,'',''), ('a2d80cded4136e80875d7658204942d7ba22289727d6ffc1165585922b027a68',0,'0088d6a56959dd854ff334ea62c90f5af81c92eac1c2dc40a6350e68ac9430f8',63,0,4294967295,'','0000000000000000000000000000000000000000000000000000000000000000','',0,'',''), ('e6addc97211c22bcc1fd8377a4c65e18cb838b6564094138304e2e98d4da716c',0,'00071d9dea046490018967e9cd7a75e5e81b681687f75364115f17d1845a878e',111,6,4294967293,'','30440220213a5b8c7488a3407642549ea144129ca528739327fbf8bec03e13c4db146f9d0220132396575b79149ed351128e561c61ccab7aae116b5e498059c45b1dcdafb6ac01,033c822b6bd195d9a10484271063493fff2bb9d43d8528dba66a61d270ebc1eb5a','0014dcb543ca6e68b634ea4737667e537a7e9b537112',5000000000,'bcrt1qmj658jnwdzmrf6j8xan8u5m606d4xugjrnxqvk',''), ('8576f6208aee8860d78f88f995a4a3dd0fa012d51ac53705d89766c7eb192e57',0,'7d2ef608aa6deb65083399f285c394a283bfd757936cdfea2ca7ab1add3a858b',6,0,4294967295,'','0000000000000000000000000000000000000000000000000000000000000000','',0,'',''), ('740c20865a6017577d318faedbd2a7b109e4072b425ff92785e801035e314216',0,'7856644bd76715aac8113e9c705355b89508efec83f12b5dee58dd32bf544473',44,0,4294967295,'','0000000000000000000000000000000000000000000000000000000000000000','',0,'',''), ('e7160278d963b93b68a33b08c005fdad0a796d61da33b2e2a05a6b44106f7d30',0,'413c532e0b77cf12af2ab9c4318158c404a87aa12926f782b344cae4f0f8101a',38,0,4294967295,'','0000000000000000000000000000000000000000000000000000000000000000','',0,'',''), ('d9a83c94c8155989d5773168ae1a489b4de6e99fb4d82eab9c88e3609d8a91da',0,'79fd1e63db6dbe41b758896849f3e20309be46d7372562540964758e39e5f68a',13,0,4294967295,'','0000000000000000000000000000000000000000000000000000000000000000','',0,'',''), ('2c13c19b5e9d2b963cd4482c53c34eb29ac7d1c5fd1823e4d95e3fc452e32c70',0,'0c233af9fa1ddb5bd2076cbf9861818e8600896f0e558000b665f814845c182d',79,0,4294967295,'','0000000000000000000000000000000000000000000000000000000000000000','',0,'',''), ('59bb13625eec4d5b33665f58b4be64e40fc561f499413a3e4425ebb2ce7e6cba',0,'27948441d37d1a293f1b2ea02faace9ba750fe04f74543ff462801cb835e625f',67,0,4294967295,'','0000000000000000000000000000000000000000000000000000000000000000','',0,'',''), ('e90b30fe8d039a2cfbc2915e0a66838e25f217bbdf4da1076f1729b6b19498b4',0,'462b7db27d3c241d65620e759f348dcc2838b3d60d261092738485d6945dd303',11,0,4294967295,'','0000000000000000000000000000000000000000000000000000000000000000','',0,'',''), ('3e725745520a66c822a821969367da15e6af532ed876049b8ee51ef8de37c772',0,'6ac586f9dbb3e88a9f4c69710b3430c28eda2123c1d144d70cf5a0668476afe6',42,0,4294967295,'','0000000000000000000000000000000000000000000000000000000000000000','',0,'',''), ('dd9f4b798ed069af7b89d4ac0615a5cca2ca37e0b4de4ee77b74c44cb7df44dd',0,'2d540abeede6023cf40e90db1b29d35cea14bc86049b7c479a6098c0f4fbc065',109,0,4294967295,'','0000000000000000000000000000000000000000000000000000000000000000','',0,'',''), ('be7f459304a0b0c0e53efe9ed6d443d4a7cc8ffcec2ea5e5ebb64dcc8000dd53',0,'6146d666a93cc38a25bf81d309b8213b996c647c5d294ac5cfef9f5af07a4b32',35,0,4294967295,'','0000000000000000000000000000000000000000000000000000000000000000','',0,'',''), ('7d45a07cbf537bdcf73e4d5ea495a8d661c45564a369dca98843dcfc76514037',0,'292f40c6269163aeccf86a83d45ba24136175f21247967198d6b44dea292e3e4',60,0,4294967295,'','0000000000000000000000000000000000000000000000000000000000000000','',0,'',''), ('a481bed7ab2ddc09ab20f351117796655fb3cc1a1472877a03bee1db7b6b933d',0,'63de4f4f6e7d36e591fd42512dc6570bc8ac3bcaa55361d30cdcf70953b03c2d',2,0,4294967295,'','0000000000000000000000000000000000000000000000000000000000000000','',0,'',''), ('829a5e3cb4595946523d31b6daaf2da902d65078c9b29da920a0f651401c1cfe',0,'3bef762cda9fae2484ea7a3d24ad6421397e545c0d8ec06d49289d4eaaf33049',10,0,4294967295,'','0000000000000000000000000000000000000000000000000000000000000000','',0,'',''), ('2ac993b5b4d0fbf5278641bc6eb0a6aae2dba62704bbb65033a9762f3ce3cd49',0,'207ee495a9b56ff5536d22ddf377f0b97d1328a3198707124b7c7144318eeb7c',33,0,4294967295,'','0000000000000000000000000000000000000000000000000000000000000000','',0,'',''), ('4804019b1b249baeccbfc9d64aa0ac3929a0c0f1786d2b2f438f564463c6bc0c',0,'5f09cbabdc9bab51df34ec9137bde5519abf4c8bead5661221e4ae8db54a1429',34,0,4294967295,'','0000000000000000000000000000000000000000000000000000000000000000','',0,'',''), ('ad73d66f94212c74a11386b1aeac705c8e976ba26d2c26e6f3bbe184b95f3478',0,'3b6354cec0b3af2cb86afa8b767ca1003ffa888ac4727c96a590d6b0bdfb9892',32,0,4294967295,'','0000000000000000000000000000000000000000000000000000000000000000','',0,'',''), ('1925189fb40fcf8ab8da5b6737bd1e2f91a82da050fa28e0a9b03002e7e19849',0,'493341e88bc6aa9607ff0ec4f7ee878ffb8353219673b6a8d7acc377d45f564f',73,0,4294967295,'','0000000000000000000000000000000000000000000000000000000000000000','',0,'',''), ('59409b488ea6014a8e1c964c838634480d950c13f715ecd9955b9a909b0ad713',0,'1c24636be5384db02c8f4c012da0a25f9a5ff1e13eafbab0f8655eb5a3b9244f',29,0,4294967295,'','0000000000000000000000000000000000000000000000000000000000000000','',0,'',''), ('0fa2635b30a0d62ca3efe91d43641fb0a4b6c2db06da0f1843aaeba160bc0b88',0,'6a0363544420027cc752c14d4902ac5af591b926120e1c8035249b7f9af612ab',65,0,4294967295,'','0000000000000000000000000000000000000000000000000000000000000000','',0,'',''), ('8f4a2b9220bca182382e4cdf139281435dd455777eb111f16b20d0da98fb749c',0,'5129c626625d6703f5a5070d2837741775fcea61c182a21636a57022a2c12cc9',27,0,4294967295,'','0000000000000000000000000000000000000000000000000000000000000000','',0,'',''), ('d453daa3a08658ebe17dfa9ada3e38b1c270485e05f5e8de4aa5303410951778',0,'6bc78e27ca589b8bd3389c8f154794cfaf1328ded521e717c2459494b1f26b10',51,0,4294967295,'','0000000000000000000000000000000000000000000000000000000000000000','',0,'',''), ('6ddd9a8817ff79549218b2e5349c62d03efe37a0562fed4b5ba581835402361f',0,'0ae36a7b509f6c96c55aca854adafc019508d85bde44d093216410e43c467aa5',103,0,4294967295,'','0000000000000000000000000000000000000000000000000000000000000000','',0,'',''), ('0556f60c8567b8037624b13ea4091247d74af2840fc37dc42ac6a035b20984aa',0,'2c40ed389d55e2a3ee5cca5ab276019784833aa8810f911b2e7ebf15c27ea52d',101,0,4294967295,'','0000000000000000000000000000000000000000000000000000000000000000','',0,'',''), ('5a74d53809575b9b9a9e6af1e523ecafd037949ab6b1961c31ad32f8c4790db4',0,'2d3579aa5572b65f6ec5b5e7201e8ab59dd5042ef5a8423d2648ad8a97edf59c',25,0,4294967295,'','0000000000000000000000000000000000000000000000000000000000000000','',0,'',''), ('a461bda505374d373d6a1e7f624278c08848e5d4e350375e0aaa537fd2700dc2',0,'4f6348fabeb688f54f2dc8c52270ce87b03da8733e07fda87055b7fe5aa2cd06',62,0,4294967295,'','0000000000000000000000000000000000000000000000000000000000000000','',0,'',''), ('1b0908ba3e4728e2222f20a16c85fb6b028ae4aff22710b2b09caac86d555c08',0,'6b48caea501a996081e1d6679e33bebec66d7515bed30271ce177ee488f9d5fb',49,0,4294967295,'','0000000000000000000000000000000000000000000000000000000000000000','',0,'',''), ('f4545c5a081f459b14bd8f5d30d50f93b267114449da26a8b99b9f8f8394b496',0,'00071d9dea046490018967e9cd7a75e5e81b681687f75364115f17d1845a878e',111,7,4294967293,'','304402205a9702b67631e5b895db59e26ec184d6c6afb0dbe595c4de68f6ad491303146502200ba1eeeea89efc54c553719c597b3ed142086842acd548928d7e81385b26cdf301,033c822b6bd195d9a10484271063493fff2bb9d43d8528dba66a61d270ebc1eb5a','0014dcb543ca6e68b634ea4737667e537a7e9b537112',5000000000,'bcrt1qmj658jnwdzmrf6j8xan8u5m606d4xugjrnxqvk',''), ('c671fc73498f7102b50a88252bdecf16c1d7c0867cc79986b8ddce9f81667d60',0,'57f9db276fc7a6a93dc2972c5d26c361705460512c302ff157888fd849187653',99,0,4294967295,'','0000000000000000000000000000000000000000000000000000000000000000','',0,'',''), ('2e0823e7c01c5145ec384a641a35763d4af8cc1eaec2756b603fed5fe62e3eea',0,'4b14c77399ee86c276fea115b4ae654995a5e17c0c58cd7211304c69b3b33983',17,0,4294967295,'','0000000000000000000000000000000000000000000000000000000000000000','',0,'',''), ('22c8a9a3872ea08fedd38e1ebbf7eaeb18f54e547d3e4f544364faf883c0b816',0,'4bcea39d7ab61b1371e096d100e863bb660456a7c116afa54d20aa5376d32b84',96,0,4294967295,'','0000000000000000000000000000000000000000000000000000000000000000','',0,'',''), ('f68dac1989084ee523c47e29a66e18db30c9c36a5a070ce1f9ecf6164ff1fca7',0,'600bc8fc09727bddfe423fd0b6742bc762a6b6c3b0c3ded8e328e89dec25b8fd',54,0,4294967295,'','0000000000000000000000000000000000000000000000000000000000000000','',0,'',''), ('a6ea451506c1524abe0ec63629d4f929f8c3269dadda1667e9374cb70fdb0944',0,'5a2b66b4eb5d29337a7bbc79f712673a226a59f88f20594d04e84aa8967acb01',16,0,4294967295,'','0000000000000000000000000000000000000000000000000000000000000000','',0,'',''), ('6cd20a16f787291fab7fb28f59157171dd2f5f1c76a59779c5b9ccdaf888a550',0,'5c9a0a6c232afc788d5d53e01770ade27b25e830d4b798fe93670812f1823328',95,0,4294967295,'','0000000000000000000000000000000000000000000000000000000000000000','',0,'',''), ('55a26e92bf8e407de3bf80cb42afd00b5d6c5e7354db0d173ad4560b933dc6ff',0,'6bf88e599d84746ba9a8dc8cca2a7b80ab942ded9c6cbfd42423ad20bd8bc74f',24,0,4294967295,'','0000000000000000000000000000000000000000000000000000000000000000','',0,'',''), ('f4abe5d856798a0a2d22893db53ba3580921760fad0f1c677a22cada8e457c4d',0,'1409fa87a8986414faf10f69b1a0edf921b79357b6bb68c733fb2547a01d5ca3',59,0,4294967295,'','0000000000000000000000000000000000000000000000000000000000000000','',0,'',''), ('a984f01a650b4a7bc0cc7817c1aeef14f8013f5f00a6e2465322b6dfeb4ff4ff',0,'447145cf1640a62d68f57d71df92266070492a2a5906a874cbaebf578b12c1cd',90,0,4294967295,'','0000000000000000000000000000000000000000000000000000000000000000','',0,'','');
DROP TABLE IF EXISTS `vouts`;
CREATE TABLE `vouts` (
  `tx_hash` varchar(191),
  `tx_index` int unsigned,
  `block_hash` longtext,
  `block_height` bigint unsigned,
  `block_tx_index` int unsigned,
  `pk_script` longtext,
  `value` bigint,
  `spender` longtext,
  `type` longtext,
  KEY `idx_tx_hash` (`tx_hash`)
) ENGINE=InnoDB DEFAULT CHARSET=utf8mb4 COLLATE=utf8mb4_0900_bin;
INSERT INTO `vouts` (`tx_hash`,`tx_index`,`block_hash`,`block_height`,`block_tx_index`,`pk_script`,`value`,`spender`,`type`) VALUES ('05742d6857cbd53c207c15c0d9af6efbd120bbfbd8ddac26b4c87375a2b8c43b',1,'454dfe6a09982708e326f2ee27c1f3e1b0719f5d300b33aa4061ec266c5c2333',8,0,'6a24aa21a9ede2f61c3f71d1defd3fa999dfa36953755c690689799962b48bebd836974e8cf9',0,'',''), ('eb13ec377a8ba9889e3ef31cf58a5c1215ad81df2b7dfb6afa8e2b5c08f8ca6d',0,'27c906038aa49bc6ecc982c3c1fc20ef452a0314d01919b31e29e70cec8f632d',26,0,'0014dcb543ca6e68b634ea4737667e537a7e9b537112',5000000000,'bcrt1qmj658jnwdzmrf6j8xan8u5m606d4xugjrnxqvk',''), ('4804019b1b249baeccbfc9d64aa0ac3929a0c0f1786d2b2f438f564463c6bc0c',0,'5f09cbabdc9bab51df34ec9137bde5519abf4c8bead5661221e4ae8db54a1429',34,0,'0014dcb543ca6e68b634ea4737667e537a7e9b537112',5000000000,'bcrt1qmj658jnwdzmrf6j8xan8u5m606d4xugjrnxqvk',''), ('a2d80cded4136e80875d7658204942d7ba22289727d6ffc1165585922b027a68',0,'0088d6a56959dd854ff334ea62c90f5af81c92eac1c2dc40a6350e68ac9430f8',63,0,'0014dcb543ca6e68b634ea4737667e537a7e9b537112',5000000000,'bcrt1qmj658jnwdzmrf6j8xan8u5m606d4xugjrnxqvk',''), ('3ba522fa9d20409518e9cd9f902af98abcf897fcd56fa392048cc94c4569bd0c',1,'6d24c2377dc55b6a08926c8b9a4c92f3faee16cb2147d67ae0aac29ff484bb7b',107,0,'6a24aa21a9ede2f61c3f71d1defd3fa999dfa36953755c690689799962b48bebd836974e8cf9',0,'',''), ('8e9a4d31b5b6d84e380bf8cb66866d4a153e0d9a799455b73db314c6b00f2a15',0,'1692cda12c7f1f43285e7390ceb38f9ab2e2a948553d6356883541b9f2a894ea',86,0,'0014dcb543ca6e68b634ea4737667e537a7e9b537112',5000000000,'bcrt1qmj658jnwdzmrf6j8xan8u5m606d4xugjrnxqvk',''), ('b52a2f313ad970a76637da2ae7c40ef145c2f53e956ff341671055948551cea6',0,'174cc5ad68d95462b8f3cf89f73db75b2b4e6db2136673b8dc28dd0203d8626c',75,0,'0014dcb543ca6e68b634ea4737667e537a7e9b537112',5000000000,'bcrt1qmj658jnwdzmrf6j8xan8u5m606d4xugjrnxqvk',''), ('66cfdcc4c6a8e5d27d07b215fedefd7b2f7872d4d2abef2bd4253741c825523d',0,'5ee11265c74349c0a74e823da100983c1637633497d005c2e2eedd8b5487e205',22,0,'0014dcb543ca6e68b634ea4737667e537a7e9b537112',5000000000,'bcrt1qmj658jnwdzmrf6j8xan8u5m606d4xugjrnxqvk',''), ('2325810b9430f8bf6ca3d5c409d1aba6d561f4597a0dcb6cd23d0894ebcb2728',1,'00071d9dea046490018967e9cd7a75e5e81b681687f75364115f17d1845a878e',111,2,'00148fbd308bff9e857abbf0be087bd68b47839f55c4',4899999859,'bcrt1q377npzlln6zh4wlshcy8h45tg7pe74wyzlax5j',''), ('0fa2635b30a0d62ca3efe91d43641fb0a4b6c2db06da0f1843aaeba160bc0b88',1,'6a0363544420027cc752c14d4902ac5af591b926120e1c8035249b7f9af612ab',65,0,'6a24aa21a9ede2f61c3f71d1defd3fa999dfa36953755c690689799962b48bebd836974e8cf9',0,'',''), ('ac1b6bfc2b7f755fa8db2d7e725cb80bba77c154c38e180f5902362d3f3a56d1',1,'2b8f7bd2697b6d59824920fe405b03b86deb84652193b4d8c965eea07a893d95',30,0,'6a24aa21a9ede2f61c3f71d1defd3fa999dfa36953755c690689799962b48bebd836974e8cf9',0,'',''), ('829a5e3cb4595946523d31b6daaf2da902d65078c9b29da920a0f651401c1cfe',1,'3bef762cda9fae2484ea7a3d24ad6421397e545c0d8ec06d49289d4eaaf33049',10,0,'6a24aa21a9ede2f61c3f71d1defd3fa999dfa36953755c690689799962b48bebd836974e8cf9',0,'',''), ('8db7a3c62f3bd0426ce46107ece98ca3f5ac261b2f8f4d997dd7e203cdc8915f',0,'7456828bbafa63ab63d228c95d07c36ffad3f760bd6bdc147e705dd4166b707f',74,0,'0014dcb543ca6e68b634ea4737667e537a7e9b537112',5000000000,'bcrt1qmj658jnwdzmrf6j8xan8u5m606d4xugjrnxqvk',''), ('085610742577f4b31b121fcf07c63e77566b39004674ce31dde508c151869c9c',0,'186df7fc171613c6e2d6292e5d4edceb224678fb037bb48fc17e4e005b304475',76,0,'0014dcb543ca6e68b634ea4737667e537a7e9b537112',5000000000,'bcrt1qmj658jnwdzmrf6j8xan8u5m606d4xugjrnxqvk',''), ('6ddd9a8817ff79549218b2e5349c62d03efe37a0562fed4b5ba581835402361f',0,'0ae36a7b509f6c96c55aca854adafc019508d85bde44d093216410e43c467aa5',103,0,'0014dcb543ca6e68b634ea4737667e537a7e9b537112',5000000000,'bcrt1qmj658jnwdzmrf6j8xan8u5m606d4xugjrnxqvk',''), ('740c20865a6017577d318faedbd2a7b109e4072b425ff92785e801035e314216',0,'7856644bd76715aac8113e9c705355b89508efec83f12b5dee58dd32bf544473',44,0,'0014dcb543ca6e68b634ea4737667e537a7e9b537112',5000000000,'bcrt1qmj658jnwdzmrf6j8xan8u5m606d4xugjrnxqvk',''), ('5b4ac0e5d26d3db2db4441c33ea2855eb06d7e5a92be2f0a5651e61b80c11a27',0,'541e7075e60292acc7f963a1df210cd73f265e62700d29c2414e4744178048f1',71,0,'0014dcb543ca6e68b634ea4737667e537a7e9b537112',5000000000,'bcrt1qmj658jnwdzmrf6j8xan8u5m606d4xugjrnxqvk',''), ('b52a2f313ad970a76637da2ae7c40ef145c2f53e956ff341671055948551cea6',1,'174cc5ad68d95462b8f3cf89f73db75b2b4e6db2136673b8dc28dd0203d8626c',75,0,'6a24aa21a9ede2f61c3f71d1defd3fa999dfa36953755c690689799962b48bebd836974e8cf9',0,'',''), ('d6a17854a313bd57dd3a0b61eeda6302a08d52bad5c2342d2046575dc692bd48',0,'2e0b641dc6bf4841a4bd3362b74dc02976b766f71c1b45800a6c9ceb156f054b',45,0,'0014dcb543ca6e68b634ea4737667e537a7e9b537112',5000000000,'bcrt1qmj658jnwdzmrf6j8xan8u5m606d4xugjrnxqvk',''), ('3ba522fa9d20409518e9cd9f902af98abcf897fcd56fa392048cc94c4569bd0c',0,'6d24c2377dc55b6a08926c8b9a4c92f3faee16cb2147d67ae0aac29ff484bb7b',107,0,'0014dcb543ca6e68b634ea4737667e537a7e9b537112',5000000000,'bcrt1qmj658jnwdzmrf6j8xan8u5m606d4xugjrnxqvk',''), ('d372ff1f1b50566c42c3d1108d17baad04e0734e72320d996b1de7d9d690b204',1,'06db37c103b549070e375e6ab64480c8878cce29a7c6aada4ebe612298bf808d',36,0,'6a24aa21a9ede2f61c3f71d1defd3fa999dfa36953755c690689799962b48bebd836974e8cf9',0,'',''), ('ab7b7ca6f68184e90ab9defcc4f6347af106f5921fb24f20815069018beea56f',0,'1c3c0a9b3932ecfeebdd818629990d3bf5ac4c2134c85ddf5b6c68eb56ded879',110,0,'0014dcb543ca6e68b634ea4737667e537a7e9b537112',5000000000,'bcrt1qmj658jnwdzmrf6j8xan8u5m606d4xugjrnxqvk',''), ('9a4accfe183e24fd0c4111bdd058f6ab40e133fd72448d77fd327488717484fd',1,'2171bf07f7f6a28bd072bddde4b5c269b0deb3c5356fd5a070679555e081b0d6',108,0,'6a24aa21a9ede2f61c3f71d1defd3fa999dfa36953755c690689799962b48bebd836974e8cf9',0,'',''), ('ff6e6bac7fd2845f043b1a90de70bcbe349454b98810877468e12b88a233d846',1,'69acb61dfaaa9772e25783259320af4965696ba217f0233a6ac2914f82782c30',12,0,'6a24aa21a9ede2f61c3f71d1defd3fa999dfa36953755c690689799962b48bebd836974e8cf9',0,'',''), ('c671fc73498f7102b50a88252bdecf16c1d7c0867cc79986b8ddce9f81667d60',1,'57f9db276fc7a6a93dc2972c5d26c361705460512c302ff157888fd849187653',99,0,'6a24aa21a9ede2f61c3f71d1defd3fa999dfa36953755c690689799962b48bebd836974e8cf9',0,'',''), ('2325810b9430f8bf6ca3d5c409d1aba6d561f4597a0dcb6cd23d0894ebcb2728',0,'00071d9dea046490018967e9cd7a75e5e81b681687f75364115f17d1845a878e',111,2,'00148f6350360eab5be266a96b05c59cebc4902f69a7',100000000,'bcrt1q3a34qdsw4dd7ye4fdvzut88tcjgz76d8gkjqdd',''), ('df4c4f255a06ddeb29e4b0d5114cc3ee8f136ebcbcf70e44113e21bb5e9b097e',1,'626eab74bd9e73b364a123233a35bfb871d13604d4ba9a05a6c962844fa297bb',9,0,'6a24aa21a9ede2f61c3f71d1defd3fa999dfa36953755c690689799962b48bebd836974e8cf9',0,'',''), ('66cfdcc4c6a8e5d27d07b215fedefd7b2f7872d4d2abef2bd4253741c825523d',1,'5ee11265c74349c0a74e823da100983c1637633497d005c2e2eedd8b5487e205',22,0,'6a24aa21a9ede2f61c3f71d1defd3fa999dfa36953755c690689799962b48bebd836974e8cf9',0,'',''), ('1b428044617d4caf7b90cc8528932a539d2b972c4314a5729e2da420ba62f637',0,'00071d9dea046490018967e9cd7a75e5e81b681687f75364115f17d1845a878e',111,5,'a914eed01799ac78b87be9f9eabdf6bdeb16f34f51ea87',100000000,'2NF1x6SNoZRbtAYT1hGNwZk7cuAHYsguU3p',''), ('b65e342d932f1f1f2f23666c6013a3701f167777dfd3f01d754dc80cd191de7f',0,'5f0a19be50d45d174a8b6da5655cf80ac54ba1b839eeaa655b33426a753a7719',47,0,'0014dcb543ca6e68b634ea4737667e537a7e9b537112',5000000000,'bcrt1qmj658jnwdzmrf6j8xan8u5m606d4xugjrnxqvk',''), ('deec9cac20efc870fa80ee08b2cffc4998403eeb28398303646085c58d018a7d',0,'308ba6c3dcb5a0cebcdd0131690f08a188a400cbc0e8c135dcd8e73db5049cf1',100,0,'0014dcb543ca6e68b634ea4737667e537a7e9b537112',5000000000,'bcrt1qmj658jnwdzmrf6j8xan8u5m606d4xugjrnxqvk',''), ('7d45a07cbf537bdcf73e4d5ea495a8d661c45564a369dca98843dcfc76514037',1,'292f40c6269163aeccf86a83d45ba24136175f21247967198d6b44dea292e3e4',60,0,'6a24aa21a9ede2f61c3f71d1defd3fa999dfa36953755c690689799962b48bebd836974e8cf9',0,'',''), ('ccb178e64865ee5af2573b28e02286797dd318c26fe5029fb1b87c416c315c66',1,'414ec2662d02b421b9e8122929eb63e9c09c86ce607135d9c5f5c14fda949a0e',80,0,'6a24aa21a9ede2f61c3f71d1defd3fa999dfa36953755c690689799962b48bebd836974e8cf9',0,'',''), ('5a74d53809575b9b9a9e6af1e523ecafd037949ab6b1961c31ad32f8c4790db4',0,'2d3579aa5572b65f6ec5b5e7201e8ab59dd5042ef5a8423d2648ad8a97edf59c',25,0,'0014dcb543ca6e68b634ea4737667e537a7e9b537112',5000000000,'bcrt1qmj658jnwdzmrf6j8xan8u5m606d4xugjrnxqvk',''), ('9a4accfe183e24fd0c4111bdd058f6ab40e133fd72448d77fd327488717484fd',0,'2171bf07f7f6a28bd072bddde4b5c269b0deb3c5356fd5a070679555e081b0d6',108,0,'0014dcb543ca6e68b634ea4737667e537a7e9b537112',5000000000,'bcrt1qmj658jnwdzmrf6j8xan8u5m606d4xugjrnxqvk',''), ('8ee3dee1ff2087c45d628195c4b2c144e7ce3fc9ddde5c94d61c5408cdf0cb5c',1,'75bd5db9cd44d7354bdb93ec53fc5c1c53ac14975f7c13ed18c81a9a9b443a7b',89,0,'6a24aa21a9ede2f61c3f71d1defd3fa999dfa36953755c690689799962b48bebd836974e8cf9',0,'',''), ('bf108838f5c25ef3bc4c38f3f4c36ec3745544bd5222e8eeaf23a20824c722a2',1,'32f6a38d80b520103940a35c33688a42d5566ceeb5fdc8ab462639f6061b87a1',93,0,'6a24aa21a9ede2f61c3f71d1defd3fa999dfa36953755c690689799962b48bebd836974e8cf9',0,'',''), ('70ffd56caf0fa6adc9079a7fcda5361e9708bbfd88396f1aa9774f5f9745bb11',0,'137b1d315bab301272173c91fd252ca3b788ed9e78c87733514f7aa2bed48346',48,0,'0014dcb543ca6e68b634ea4737667e537a7e9b537112',5000000000,'bcrt1qmj658jnwdzmrf6j8xan8u5m606d4xugjrnxqvk',''), ('b2f7903cdc571c45d605521d7d309ef3743a0fd73bde21f58b28d854d81d35b2',0,'4298d20203b9789d49bf6e0d81da2cfc3c7897fa3e24b5b264b9ef66ae85b793',85,0,'0014dcb543ca6e68b634ea4737667e537a7e9b537112',5000000000,'bcrt1qmj658jnwdzmrf6j8xan8u5m606d4xugjrnxqvk',''), ('59409b488ea6014a8e1c964c838634480d950c13f715ecd9955b9a909b0ad713',1,'1c24636be5384db02c8f4c012da0a25f9a5ff1e13eafbab0f8655eb5a3b9244f',29,0,'6a24aa21a9ede2f61c3f71d1defd3fa999dfa36953755c690689799962b48bebd836974e8cf9',0,'',''), ('3002f1ab35fc4c09d0f6bc4fa5471163a5b8ca34a4806d18dbe6921e967c9472',1,'0cda84e51306dfab1b6e5f93d8d3d49320d82cdc94fdda9ad510025c4ac5d429',70,0,'6a24aa21a9ede2f61c3f71d1defd3fa999dfa36953755c690689799962b48bebd836974e8cf9',0,'',''), ('875c6de6bb09d9882a7acd17d6b1f4bdfa439963c0e1b43816be5bf27a969801',0,'724c4db6f6f7db359a67f2c92267774aab32c2d9239eadc191b54bc3b7944f39',21,0,'0014dcb543ca6e68b634ea4737667e537a7e9b537112',5000000000,'bcrt1qmj658jnwdzmrf6j8xan8u5m606d4xugjrnxqvk',''), ('6d094078d2898f3304bfd3b0ea5c6a01f5c6b83a60520ac54769e6d4002bbad2',1,'1df5eff9c727b70f99af7a8a687161132d9e7662cc7770549dc2808323506ed6',15,0,'6a24aa21a9ede2f61c3f71d1defd3fa999dfa36953755c690689799962b48bebd836974e8cf9',0,'',''), ('2c13c19b5e9d2b963cd4482c53c34eb29ac7d1c5fd1823e4d95e3fc452e32c70',1,'0c233af9fa1ddb5bd2076cbf9861818e8600896f0e558000b665f814845c182d',79,0,'6a24aa21a9ede2f61c3f71d1defd3fa999dfa36953755c690689799962b48bebd836974e8cf9',0,'',''), ('dd9f4b798ed069af7b89d4ac0615a5cca2ca37e0b4de4ee77b74c44cb7df44dd',1,'2d540abeede6023cf40e90db1b29d35cea14bc86049b7c479a6098c0f4fbc065',109,0,'6a24aa21a9ede2f61c3f71d1defd3fa999dfa36953755c690689799962b48bebd836974e8cf9',0,'',''), ('f4545c5a081f459b14bd8f5d30d50f93b267114449da26a8b99b9f8f8394b496',1,'00071d9dea046490018967e9cd7a75e5e81b681687f75364115f17d1845a878e',111,7,'5120990e3749f2a9a7f46c1631ee0da5eb69bc26de847f3ce7af3aa4bc59bdfda1eb',100000000,'bcrt1pny8rwj0j4xnlgmqkx8hqmf0tdx7zdh5y0u7w0te65j79n00a584sxupumd',''), ('20e7222cd8f99e46a4c7bf62f0eb0f9cf35043134e5287cbd3f8cf79d99efa1e',1,'030d15a616f6ca91bb4b4534810c767d01c244c8d64af7b45ef73a75cec768eb',78,0,'6a24aa21a9ede2f61c3f71d1defd3fa999dfa36953755c690689799962b48bebd836974e8cf9',0,'',''), ('e5951bdc0402c597c61d38d4c77ab24b46d246c28aeef4029061051c00b1100f',0,'7fb4ce1581410f49dcda214f99925afb170d89606e17b7ad1b6993bb0bc4a7f4',50,0,'0014dcb543ca6e68b634ea4737667e537a7e9b537112',5000000000,'bcrt1qmj658jnwdzmrf6j8xan8u5m606d4xugjrnxqvk',''), ('829a5e3cb4595946523d31b6daaf2da902d65078c9b29da920a0f651401c1cfe',0,'3bef762cda9fae2484ea7a3d24ad6421397e545c0d8ec06d49289d4eaaf33049',10,0,'0014dcb543ca6e68b634ea4737667e537a7e9b537112',5000000000,'bcrt1qmj658jnwdzmrf6j8xan8u5m606d4xugjrnxqvk',''), ('1b0690a49c618b283f410c8c1556608bce0bbd690689fe53cc30f96c4840e7fb',1,'00071d9dea046490018967e9cd7a75e5e81b681687f75364115f17d1845a878e',111,8,'51208406c043a96dc34f2c19e79d383922260896b69a76bfb078aaf99c94a1fb0c23',4899999835,'bcrt1pssrvqsafdhp57tqeu7wnswfzycyfdd56w6lmq792lxwffg0mps3sq9ac4g',''), ('1a34b8c2c55f878f69a919b8000c3efddee21d48b133255769a05b016d1c1ffd',0,'5ea5602ebad2a83e6c58eb1cb89140613e9581ed1e710329dd02913bad213e8d',43,0,'0014dcb543ca6e68b634ea4737667e537a7e9b537112',5000000000,'bcrt1qmj658jnwdzmrf6j8xan8u5m606d4xugjrnxqvk',''), ('1a34b8c2c55f878f69a919b8000c3efddee21d48b133255769a05b016d1c1ffd',1,'5ea5602ebad2a83e6c58eb1cb89140613e9581ed1e710329dd02913bad213e8d',43,0,'6a24aa21a9ede2f61c3f71d1defd3fa999dfa36953755c690689799962b48bebd836974e8cf9',0,'',''), ('a984f01a650b4a7bc0cc7817c1aeef14f8013f5f00a6e2465322b6dfeb4ff4ff',0,'447145cf1640a62d68f57d71df92266070492a2a5906a874cbaebf578b12c1cd',90,0,'0014dcb543ca6e68b634ea4737667e537a7e9b537112',5000000000,'bcrt1qmj658jnwdzmrf6j8xan8u5m606d4xugjrnxqvk',''), ('7d436404a6db5810fe1f4cf849e8d3533a4e89d845269c1992b598e62845a5ba',0,'447f9c3c7d0198534b4506c3f53a933f22e1837a02474b28b74dcb1faa4af004',82,0,'0014dcb543ca6e68b634ea4737667e537a7e9b537112',5000000000,'bcrt1qmj658jnwdzmrf6j8xan8u5m606d4xugjrnxqvk',''), ('f68dac1989084ee523c47e29a66e18db30c9c36a5a070ce1f9ecf6164ff1fca7',1,'600bc8fc09727bddfe423fd0b6742bc762a6b6c3b0c3ded8e328e89dec25b8fd',54,0,'6a24aa21a9ede2f61c3f71d1defd3fa999dfa36953755c690689799962b48bebd836974e8cf9',0,'',''), ('d453daa3a08658ebe17dfa9ada3e38b1c270485e05f5e8de4aa5303410951778',1,'6bc78e27ca589b8bd3389c8f154794cfaf1328ded521e717c2459494b1f26b10',51,0,'6a24aa21a9ede2f61c3f71d1defd3fa999dfa36953755c690689799962b48bebd836974e8cf9',0,'',''), ('f68dac1989084ee523c47e29a66e18db30c9c36a5a070ce1f9ecf6164ff1fca7',0,'600bc8fc09727bddfe423fd0b6742bc762a6b6c3b0c3ded8e328e89dec25b8fd',54,0,'0014dcb543ca6e68b634ea4737667e537a7e9b537112',5000000000,'bcrt1qmj658jnwdzmrf6j8xan8u5m606d4xugjrnxqvk',''), ('2a9e8ea65b01d39a09220a3f7027084ba44790508790d9c5405bf0fdf2c39da2',1,'6b4fe61fe506e95f3bc7007646445de9c99b93b980c10538ce477d86358c0f73',57,0,'6a24aa21a9ede2f61c3f71d1defd3fa999dfa36953755c690689799962b48bebd836974e8cf9',0,'',''), ('6b227e35b81ced49b12da8d795ecca525f51a05e11b118b30b3f0647a13ec135',1,'00071d9dea046490018967e9cd7a75e5e81b681687f75364115f17d1845a878e',111,4,'0014f0a2241552d75855696bdd748a247b16facfc6ba',4899999859,'bcrt1q7z3zg92j6av926ttm46g5frmzmavl346hjsqa5',''), ('747f317d8b29ec8ad1bd5a523ff67e19895a4de03dd750996d73bc30473c2578',0,'7999a643bec8f143be9ebefe52bd520acd581c1e5f1d4c2f47d89e44f23795b2',64,0,'0014dcb543ca6e68b634ea4737667e537a7e9b537112',5000000000,'bcrt1qmj658jnwdzmrf6j8xan8u5m606d4xugjrnxqvk',''), ('4048c6e20c6992ccdb253e2fdbed5f29fe943632a13438c18984669aacea4464',0,'7fbc3a0e9805e7871f2fd93449fe91ce5aaf0b4663edfdd6a05fd8016ad543f7',52,0,'0014dcb543ca6e68b634ea4737667e537a7e9b537112',5000000000,'bcrt1qmj658jnwdzmrf6j8xan8u5m606d4xugjrnxqvk',''), ('a6ea451506c1524abe0ec63629d4f929f8c3269dadda1667e9374cb70fdb0944',1,'5a2b66b4eb5d29337a7bbc79f712673a226a59f88f20594d04e84aa8967acb01',16,0,'6a24aa21a9ede2f61c3f71d1defd3fa999dfa36953755c690689799962b48bebd836974e8cf9',0,'',''), ('ad73d66f94212c74a11386b1aeac705c8e976ba26d2c26e6f3bbe184b95f3478',1,'3b6354cec0b3af2cb86afa8b767ca1003ffa888ac4727c96a590d6b0bdfb9892',32,0,'6a24aa21a9ede2f61c3f71d1defd3fa999dfa36953755c690689799962b48bebd836974e8cf9',0,'',''), ('0556f60c8567b8037624b13ea4091247d74af2840fc37dc42ac6a035b20984aa',0,'2c40ed389d55e2a3ee5cca5ab276019784833aa8810f911b2e7ebf15c27ea52d',101,0,'0014dcb543ca6e68b634ea4737667e537a7e9b537112',5000000000,'bcrt1qmj658jnwdzmrf6j8xan8u5m606d4xugjrnxqvk',''), ('3002f1ab35fc4c09d0f6bc4fa5471163a5b8ca34a4806d18dbe6921e967c9472',0,'0cda84e51306dfab1b6e5f93d8d3d49320d82cdc94fdda9ad510025c4ac5d429',70,0,'0014dcb543ca6e68b634ea4737667e537a7e9b537112',5000000000,'bcrt1qmj658jnwdzmrf6j8xan8u5m606d4xugjrnxqvk',''), ('a481bed7ab2ddc09ab20f351117796655fb3cc1a1472877a03bee1db7b6b933d',0,'63de4f4f6e7d36e591fd42512dc6570bc8ac3bcaa55361d30cdcf70953b03c2d',2,0,'0014dcb543ca6e68b634ea4737667e537a7e9b537112',5000000000,'bcrt1qmj658jnwdzmrf6j8xan8u5m606d4xugjrnxqvk',''), ('503f408596c30b8ea27b7bc1253c8667588f722076645e53f453416c1d3c7e6a',1,'403c970b95adf57a8cddc41f7393010e42b8d98806577a5d999e0a67306199c5',31,0,'6a24aa21a9ede2f61c3f71d1defd3fa999dfa36953755c690689799962b48bebd836974e8cf9',0,'',''), ('7c07fd6d60b3fc629d44866df156aede91bb1ecfe35532276312fcd5fcf9984b',0,'04a9a74e591f01a578305226b8937c7ba041157f52377e03125a08e1820fc05e',87,0,'0014dcb543ca6e68b634ea4737667e537a7e9b537112',5000000000,'bcrt1qmj658jnwdzmrf6j8xan8u5m606d4xugjrnxqvk',''), ('8af1717e8b063dc9e169df7c0f5e817ff37fbf701ebb5d35aa8076c5b558debb',0,'00071d9dea046490018967e9cd7a75e5e81b681687f75364115f17d1845a878e',111,0,'0014556dd4b4d9d4b42d57a538aa8092767742294758',5000001192,'bcrt1q24kafdxe6j6z64a98z4gpynkwapzj36cz5uxdl',''), ('a3fb67f0829e473e5c7c26c41e5ccfff702e2274757fb5731a0a86d8b4d21377',0,'77a798c4f82e133d4d5a356f32e5b84284cc12cc9a21e6d0141558df22d49008',20,0,'0014dcb543ca6e68b634ea4737667e537a7e9b537112',5000000000,'bcrt1qmj658jnwdzmrf6j8xan8u5m606d4xugjrnxqvk',''), ('c7c1f23ff85a9a94f3dd63ac4cfe320b62e8dbdfbc528d3818ec8e9c7ad38925',1,'00071d9dea046490018967e9cd7a75e5e81b681687f75364115f17d1845a878e',111,1,'76a9147a4af693911274a55a7199316fa8ec2cb40b398388ac',100000000,'mrfaXzS5GkffJ7w7aHqheqTi81CGAgW3QL',''), ('a481bed7ab2ddc09ab20f351117796655fb3cc1a1472877a03bee1db7b6b933d',1,'63de4f4f6e7d36e591fd42512dc6570bc8ac3bcaa55361d30cdcf70953b03c2d',2,0,'6a24aa21a9ede2f61c3f71d1defd3fa999dfa36953755c690689799962b48bebd836974e8cf9',0,'',''), ('3e725745520a66c822a821969367da15e6af532ed876049b8ee51ef8de37c772',1,'6ac586f9dbb3e88a9f4c69710b3430c28eda2123c1d144d70cf5a0668476afe6',42,0,'6a24aa21a9ede2f61c3f71d1defd3fa999dfa36953755c690689799962b48bebd836974e8cf9',0,'',''), ('70ffd56caf0fa6adc9079a7fcda5361e9708bbfd88396f1aa9774f5f9745bb11',1,'137b1d315bab301272173c91fd252ca3b788ed9e78c87733514f7aa2bed48346',48,0,'6a24aa21a9ede2f61c3f71d1defd3fa999dfa36953755c690689799962b48bebd836974e8cf9',0,'',''), ('8f4a2b9220bca182382e4cdf139281435dd455777eb111f16b20d0da98fb749c',0,'5129c626625d6703f5a5070d2837741775fcea61c182a21636a57022a2c12cc9',27,0,'0014dcb543ca6e68b634ea4737667e537a7e9b537112',5000000000,'bcrt1qmj658jnwdzmrf6j8xan8u5m606d4xugjrnxqvk',''), ('f42f4b53405dad49af255bc1f6b1685f447622230b5b9596db59b0c0dfee89bc',0,'444bdee8ed574f52a5a059d14bd3e5a160bc58ea6b3dcce914e56541f8c86dea',55,0,'0014dcb543ca6e68b634ea4737667e537a7e9b537112',5000000000,'bcrt1qmj658jnwdzmrf6j8xan8u5m606d4xugjrnxqvk',''), ('6a270c968b8af28d50474747583185d54b19939d2e8f0597aa35b1f5ff4140ea',1,'0d739c6a469c65d0617a5bc3dcc61050c1d909a35d0474e4063418102e2398f0',92,0,'6a24aa21a9ede2f61c3f71d1defd3fa999dfa36953755c690689799962b48bebd836974e8cf9',0,'',''), ('59409b488ea6014a8e1c964c838634480d950c13f715ecd9955b9a909b0ad713',0,'1c24636be5384db02c8f4c012da0a25f9a5ff1e13eafbab0f8655eb5a3b9244f',29,0,'0014dcb543ca6e68b634ea4737667e537a7e9b537112',5000000000,'bcrt1qmj658jnwdzmrf6j8xan8u5m606d4xugjrnxqvk',''), ('be059c2ce2350f20f5ae0983f7ff13abac2dcf2b0a6c2dba2dbb239b8ccfbd32',1,'303d14dbdac9158a681face1c7846844892270cf423f29c19458bb592cd39632',66,0,'6a24aa21a9ede2f61c3f71d1defd3fa999dfa36953755c690689799962b48bebd836974e8cf9',0,'',''), ('3dcd6784137a05e6993923e4b5dea55e7018a177613b866bbc3d61365b938127',1,'53f7e3f1606256e18ca5b612748d2282c77b9df1f3dea6b26a77228c9f9ebb86',83,0,'6a24aa21a9ede2f61c3f71d1defd3fa999dfa36953755c690689799962b48bebd836974e8cf9',0,'',''), ('4d2dc0382096009ccb7fe1c60222963f70f50fe136a995049941e0e23de9232d',1,'498c45219c99ef4aef379456c5b33d35d3ba2e7b6a560a58a6e5fb5612434af4',81,0,'6a24aa21a9ede2f61c3f71d1defd3fa999dfa36953755c690689799962b48bebd836974e8cf9',0,'',''), ('20445eb9ec57603f695c01916c1ac277f73876fa49b6207d43e93e4391c8227f',1,'6d4f10bd3fb6dfdd6cefcbfd5871ac8d2300e72aca025b5e32a8c869c9490f88',19,0,'6a24aa21a9ede2f61c3f71d1defd3fa999dfa36953755c690689799962b48bebd836974e8cf9',0,'',''), ('1e4e120519ef23531b6ec6ca3a2447e3a7db8c0788182ea74c84771dae68ff2c',1,'00071d9dea046490018967e9cd7a75e5e81b681687f75364115f17d1845a878e',111,3,'a914ef68a13666c26a367018d02b64ea4bb74fcad32587',4899999857,'2NF56pw4hrjZFBWAwMo1egGQaG9mda9yAA1',''), ('7e3faa56ee71c794b7d082777bf8a9b5ae1fc52f47bac7d2bdb950188f6251a3',0,'2051a6fcc6f473dc39b36488f3a9b679c1247be7818f54c05e999b665afed988',104,0,'0014dcb543ca6e68b634ea4737667e537a7e9b537112',5000000000,'bcrt1qmj658jnwdzmrf6j8xan8u5m606d4xugjrnxqvk',''), ('ff6cc06f2b4445f006396e658bf1f729dee71f210f610196e84c99faec810387',1,'57218e7dd67dc0f393ae1ede539967a673c0b75902fd9f079a9b78c339d5c90c',72,0,'6a24aa21a9ede2f61c3f71d1defd3fa999dfa36953755c690689799962b48bebd836974e8cf9',0,'',''), ('fec54afbc4ed3e283b588177b4635a44118e3f925fa4892ee50d3f49ab571d68',0,'717cb7ed457a80aa24f10b1e914db608b2519f26774b24756423d517b68c45ef',28,0,'0014dcb543ca6e68b634ea4737667e537a7e9b537112',5000000000,'bcrt1qmj658jnwdzmrf6j8xan8u5m606d4xugjrnxqvk',''), ('20445eb9ec57603f695c01916c1ac277f73876fa49b6207d43e93e4391c8227f',0,'6d4f10bd3fb6dfdd6cefcbfd5871ac8d2300e72aca025b5e32a8c869c9490f88',19,0,'0014dcb543ca6e68b634ea4737667e537a7e9b537112',5000000000,'bcrt1qmj658jnwdzmrf6j8xan8u5m606d4xugjrnxqvk',''), ('fed3808a20e1bd4933d693a96ae547baf340ecebec81c9beb122eb8343430ddd',0,'2ad58e268d63eae4426dff0c9bcbf1c4cc1b3187c0dadc52117a77df52ffcca1',14,0,'0014dcb543ca6e68b634ea4737667e537a7e9b537112',5000000000,'bcrt1qmj658jnwdzmrf6j8xan8u5m606d4xugjrnxqvk',''), ('be059c2ce2350f20f5ae0983f7ff13abac2dcf2b0a6c2dba2dbb239b8ccfbd32',0,'303d14dbdac9158a681face1c7846844892270cf423f29c19458bb592cd39632',66,0,'0014dcb543ca6e68b634ea4737667e537a7e9b537112',5000000000,'bcrt1qmj658jnwdzmrf6j8xan8u5m606d4xugjrnxqvk',''), ('0adea256bcd97c86fb118c23562863a9a1cf1413ae7e8d55c49f045c8a60ad90',0,'55b88c4a8b69f77eb7c9cabf32e8ced020aa21b0c8a1db68da0ce54555578200',5,0,'0014dcb543ca6e68b634ea4737667e537a7e9b537112',5000000000,'bcrt1qmj658jnwdzmrf6j8xan8u5m606d4xugjrnxqvk',''), ('fbbc564c1c6db231d2e6237c25136c58c12148943819bcbfb5220b5eb11b14dc',1,'5a19f106e1e8d246b601cb8ace05bc7454abd8de8db547e92309e5928337dc43',105,0,'6a24aa21a9ede2f61c3f71d1defd3fa999dfa36953755c690689799962b48bebd836974e8cf9',0,'',''), ('79f3f034ba78251dab8b70e8c7a95e5792fbe49c60d3442e73e1f08d3af2accf',0,'26fbdd2c3dd68adee4560d7816c2bb03b570cc8655109f6436e17b52c3a663b5',3,0,'0014dcb543ca6e68b634ea4737667e537a7e9b537112',5000000000,'bcrt1qmj658jnwdzmrf6j8xan8u5m606d4xugjrnxqvk',''), ('be7f459304a0b0c0e53efe9ed6d443d4a7cc8ffcec2ea5e5ebb64dcc8000dd53',1,'6146d666a93cc38a25bf81d309b8213b996c647c5d294ac5cfef9f5af07a4b32',35,0,'6a24aa21a9ede2f61c3f71d1defd3fa999dfa36953755c690689799962b48bebd836974e8cf9',0,'',''), ('c7aedff56eb8d99de6c43a2db1795eb00c58fcae70c47fe5cabd5a0d980281a7',1,'7d1d8f69e1518e60fdc23c023c2cd9ca7b16b14ece3342b7d6dc38538217d61f',4,0,'6a24aa21a9ede2f61c3f71d1defd3fa999dfa36953755c690689799962b48bebd836974e8cf9',0,'',''), ('54e4ae8052fdf960c0fda25bdb3230d8b2cf7b0c748b2ceae1333bc6866a2edf',1,'5c68f9e60af3de929e645202096356955b488e9898258dcbf6cd345c61436bf2',61,0,'6a24aa21a9ede2f61c3f71d1defd3fa999dfa36953755c690689799962b48bebd836974e8cf9',0,'',''), ('1925189fb40fcf8ab8da5b6737bd1e2f91a82da050fa28e0a9b03002e7e19849',1,'493341e88bc6aa9607ff0ec4f7ee878ffb8353219673b6a8d7acc377d45f564f',73,0,'6a24aa21a9ede2f61c3f71d1defd3fa999dfa36953755c690689799962b48bebd836974e8cf9',0,'',''), ('5a74d53809575b9b9a9e6af1e523ecafd037949ab6b1961c31ad32f8c4790db4',1,'2d3579aa5572b65f6ec5b5e7201e8ab59dd5042ef5a8423d2648ad8a97edf59c',25,0,'6a24aa21a9ede2f61c3f71d1defd3fa999dfa36953755c690689799962b48bebd836974e8cf9',0,'',''), ('8e9a4d31b5b6d84e380bf8cb66866d4a153e0d9a799455b73db314c6b00f2a15',1,'1692cda12c7f1f43285e7390ceb38f9ab2e2a948553d6356883541b9f2a894ea',86,0,'6a24aa21a9ede2f61c3f71d1defd3fa999dfa36953755c690689799962b48bebd836974e8cf9',0,'',''), ('fec54afbc4ed3e283b588177b4635a44118e3f925fa4892ee50d3f49ab571d68',1,'717cb7ed457a80aa24f10b1e914db608b2519f26774b24756423d517b68c45ef',28,0,'6a24aa21a9ede2f61c3f71d1defd3fa999dfa36953755c690689799962b48bebd836974e8cf9',0,'',''), ('9a9ce51e545d5f19cd8dce9befbfa1656306f7fc78356dc80fc784d0ae2ca642',1,'302717fa7c74642b8e5e5005635d571685a72d69ab4f6dbeddf8c6c6ee6a6151',53,0,'6a24aa21a9ede2f61c3f71d1defd3fa999dfa36953755c690689799962b48bebd836974e8cf9',0,'',''), ('a6ea451506c1524abe0ec63629d4f929f8c3269dadda1667e9374cb70fdb0944',0,'5a2b66b4eb5d29337a7bbc79f712673a226a59f88f20594d04e84aa8967acb01',16,0,'0014dcb543ca6e68b634ea4737667e537a7e9b537112',5000000000,'bcrt1qmj658jnwdzmrf6j8xan8u5m606d4xugjrnxqvk',''), ('3fda66ea348b697d169637c7adff0979ae955c6c2faa4f210fdcc98eea1d3dd3',1,'7380293dbf0314ca98846e03bfbaa3097c3435ed1374c5fc3c4f8fbee3eea11e',69,0,'6a24aa21a9ede2f61c3f71d1defd3fa999dfa36953755c690689799962b48bebd836974e8cf9',0,'',''), ('a461bda505374d373d6a1e7f624278c08848e5d4e350375e0aaa537fd2700dc2',1,'4f6348fabeb688f54f2dc8c52270ce87b03da8733e07fda87055b7fe5aa2cd06',62,0,'6a24aa21a9ede2f61c3f71d1defd3fa999dfa36953755c690689799962b48bebd836974e8cf9',0,'',''), ('dd9f4b798ed069af7b89d4ac0615a5cca2ca37e0b4de4ee77b74c44cb7df44dd',0,'2d540abeede6023cf40e90db1b29d35cea14bc86049b7c479a6098c0f4fbc065',109,0,'0014dcb543ca6e68b634ea4737667e537a7e9b537112',5000000000,'bcrt1qmj658jnwdzmrf6j8xan8u5m606d4xugjrnxqvk',''), ('3fda66ea348b697d169637c7adff0979ae955c6c2faa4f210fdcc98eea1d3dd3',0,'7380293dbf0314ca98846e03bfbaa3097c3435ed1374c5fc3c4f8fbee3eea11e',69,0,'0014dcb543ca6e68b634ea4737667e537a7e9b537112',5000000000,'bcrt1qmj658jnwdzmrf6j8xan8u5m606d4xugjrnxqvk',''), ('4af7751be8b34c2294f286503da09fb7c2003a4bafcbfc2472a30412faa355f2',1,'5569679b35f15ee0239080ec9759b17f2d8fd61cbff95e99dc630c1da0a04267',97,0,'6a24aa21a9ede2f61c3f71d1defd3fa999dfa36953755c690689799962b48bebd836974e8cf9',0,'',''), ('1925189fb40fcf8ab8da5b6737bd1e2f91a82da050fa28e0a9b03002e7e19849',0,'493341e88bc6aa9607ff0ec4f7ee878ffb8353219673b6a8d7acc377d45f564f',73,0,'0014dcb543ca6e68b634ea4737667e537a7e9b537112',5000000000,'bcrt1qmj658jnwdzmrf6j8xan8u5m606d4xugjrnxqvk',''), ('e6addc97211c22bcc1fd8377a4c65e18cb838b6564094138304e2e98d4da716c',0,'00071d9dea046490018967e9cd7a75e5e81b681687f75364115f17d1845a878e',111,6,'76a9149c8d21c12f1e8356f4a0146ebbabb8479fd765f088ac',4899999853,'munimzXg7bxYVJQoJBq9Ujd34aCAa36UjT',''), ('f4abe5d856798a0a2d22893db53ba3580921760fad0f1c677a22cada8e457c4d',0,'1409fa87a8986414faf10f69b1a0edf921b79357b6bb68c733fb2547a01d5ca3',59,0,'0014dcb543ca6e68b634ea4737667e537a7e9b537112',5000000000,'bcrt1qmj658jnwdzmrf6j8xan8u5m606d4xugjrnxqvk',''), ('503f408596c30b8ea27b7bc1253c8667588f722076645e53f453416c1d3c7e6a',0,'403c970b95adf57a8cddc41f7393010e42b8d98806577a5d999e0a67306199c5',31,0,'0014dcb543ca6e68b634ea4737667e537a7e9b537112',5000000000,'bcrt1qmj658jnwdzmrf6j8xan8u5m606d4xugjrnxqvk',''), ('d9a83c94c8155989d5773168ae1a489b4de6e99fb4d82eab9c88e3609d8a91da',1,'79fd1e63db6dbe41b758896849f3e20309be46d7372562540964758e39e5f68a',13,0,'6a24aa21a9ede2f61c3f71d1defd3fa999dfa36953755c690689799962b48bebd836974e8cf9',0,'',''), ('abb761cbd8c0ff9c9da588ebab64a815c73acc74b92ec5c8a2aa2bf08739e337',1,'7a25da1bbd47f2ad7fcc3f365c27d3acba4df941b52dea9d390b51a2c4a49300',40,0,'6a24aa21a9ede2f61c3f71d1defd3fa999dfa36953755c690689799962b48bebd836974e8cf9',0,'',''), ('a984f01a650b4a7bc0cc7817c1aeef14f8013f5f00a6e2465322b6dfeb4ff4ff',1,'447145cf1640a62d68f57d71df92266070492a2a5906a874cbaebf578b12c1cd',90,0,'6a24aa21a9ede2f61c3f71d1defd3fa999dfa36953755c690689799962b48bebd836974e8cf9',0,'',''), ('6ddd9a8817ff79549218b2e5349c62d03efe37a0562fed4b5ba581835402361f',1,'0ae36a7b509f6c96c55aca854adafc019508d85bde44d093216410e43c467aa5',103,0,'6a24aa21a9ede2f61c3f71d1defd3fa999dfa36953755c690689799962b48bebd836974e8cf9',0,'',''), ('8db7a3c62f3bd0426ce46107ece98ca3f5ac261b2f8f4d997dd7e203cdc8915f',1,'7456828bbafa63ab63d228c95d07c36ffad3f760bd6bdc147e705dd4166b707f',74,0,'6a24aa21a9ede2f61c3f71d1defd3fa999dfa36953755c690689799962b48bebd836974e8cf9',0,'',''), ('deec9cac20efc870fa80ee08b2cffc4998403eeb28398303646085c58d018a7d',1,'308ba6c3dcb5a0cebcdd0131690f08a188a400cbc0e8c135dcd8e73db5049cf1',100,0,'6a24aa21a9ede2f61c3f71d1defd3fa999dfa36953755c690689799962b48bebd836974e8cf9',0,'',''), ('0fb30b09e894d65f01f7cb9f1c64bc52839a7684e71f1b4e482f25fdfbe151bb',1,'045fece7fe921bef95e36526505ff41bf9ef83e849e0c12e7f0327e80b0d7fdf',41,0,'6a24aa21a9ede2f61c3f71d1defd3fa999dfa36953755c690689799962b48bebd836974e8cf9',0,'',''), ('2136459004187494c8779505a8fced94c317b47929120894cb7bbe470b6a3980',1,'1932668235acee3cfd7ab435a3fec23930747f7f7aa9c60e691eec70bca8181d',68,0,'6a24aa21a9ede2f61c3f71d1defd3fa999dfa36953755c690689799962b48bebd836974e8cf9',0,'',''), ('55a26e92bf8e407de3bf80cb42afd00b5d6c5e7354db0d173ad4560b933dc6ff',0,'6bf88e599d84746ba9a8dc8cca2a7b80ab942ded9c6cbfd42423ad20bd8bc74f',24,0,'0014dcb543ca6e68b634ea4737667e537a7e9b537112',5000000000,'bcrt1qmj658jnwdzmrf6j8xan8u5m606d4xugjrnxqvk',''), ('fd2cd5f66c19e880666f5f8fa3f7993ca63823ee8534eb07e4c06218b65a9c91',0,'70ffabb0716ecb4d86b1ffe66a487a33743531f0bf798f62a1fc1b9916b50276',91,0,'0014dcb543ca6e68b634ea4737667e537a7e9b537112',5000000000,'bcrt1qmj658jnwdzmrf6j8xan8u5m606d4xugjrnxqvk',''), ('8af1717e8b063dc9e169df7c0f5e817ff37fbf701ebb5d35aa8076c5b558debb',1,'00071d9dea046490018967e9cd7a75e5e81b681687f75364115f17d1845a878e',111,0,'6a24aa21a9ed284a11f179f5eabbb5e25ede2b61976224dfb5a01495c5118b0f038d867bd6e7',0,'',''), ('4af7751be8b34c2294f286503da09fb7c2003a4bafcbfc2472a30412faa355f2',0,'5569679b35f15ee0239080ec9759b17f2d8fd61cbff95e99dc630c1da0a04267',97,0,'0014dcb543ca6e68b634ea4737667e537a7e9b537112',5000000000,'bcrt1qmj658jnwdzmrf6j8xan8u5m606d4xugjrnxqvk',''), ('e7160278d963b93b68a33b08c005fdad0a796d61da33b2e2a05a6b44106f7d30',0,'413c532e0b77cf12af2ab9c4318158c404a87aa12926f782b344cae4f0f8101a',38,0,'0014dcb543ca6e68b634ea4737667e537a7e9b537112',5000000000,'bcrt1qmj658jnwdzmrf6j8xan8u5m606d4xugjrnxqvk',''), ('8848f68c697ec8153c010b896e450d07c3a9096deb5894069df3dffb19814c8a',1,'506b757e3de622e8ee8a9889f44880c4b14415041e67f9b4aabfae7c1096bfec',102,0,'6a24aa21a9ede2f61c3f71d1defd3fa999dfa36953755c690689799962b48bebd836974e8cf9',0,'',''), ('90e57dec5709e9d15064b18036f1f78e75394559102f65c35fc40157d5f3e261',0,'5d846bf03ca4f22be0b294696a75fc6401db1bc8e1119e72ebd7e3e0815372bd',39,0,'0014dcb543ca6e68b634ea4737667e537a7e9b537112',5000000000,'bcrt1qmj658jnwdzmrf6j8xan8u5m606d4xugjrnxqvk',''), ('9b859f6ae367d5109d483c29b75548074afd4447ecc6854775baa9570b706218',1,'28ce969ed69c8ced1d4a67f15433783c48c54ca9553bcee5f011efbeb372b5bc',46,0,'6a24aa21a9ede2f61c3f71d1defd3fa999dfa36953755c690689799962b48bebd836974e8cf9',0,'',''), ('22c8a9a3872ea08fedd38e1ebbf7eaeb18f54e547d3e4f544364faf883c0b816',1,'4bcea39d7ab61b1371e096d100e863bb660456a7c116afa54d20aa5376d32b84',96,0,'6a24aa21a9ede2f61c3f71d1defd3fa999dfa36953755c690689799962b48bebd836974e8cf9',0,'',''), ('2e0823e7c01c5145ec384a641a35763d4af8cc1eaec2756b603fed5fe62e3eea',0,'4b14c77399ee86c276fea115b4ae654995a5e17c0c58cd7211304c69b3b33983',17,0,'0014dcb543ca6e68b634ea4737667e537a7e9b537112',5000000000,'bcrt1qmj658jnwdzmrf6j8xan8u5m606d4xugjrnxqvk',''), ('a2d80cded4136e80875d7658204942d7ba22289727d6ffc1165585922b027a68',1,'0088d6a56959dd854ff334ea62c90f5af81c92eac1c2dc40a6350e68ac9430f8',63,0,'6a24aa21a9ede2f61c3f71d1defd3fa999dfa36953755c690689799962b48bebd836974e8cf9',0,'',''), ('740c20865a6017577d318faedbd2a7b109e4072b425ff92785e801035e314216',1,'7856644bd76715aac8113e9c705355b89508efec83f12b5dee58dd32bf544473',44,0,'6a24aa21a9ede2f61c3f71d1defd3fa999dfa36953755c690689799962b48bebd836974e8cf9',0,'',''), ('c7c1f23ff85a9a94f3dd63ac4cfe320b62e8dbdfbc528d3818ec8e9c7ad38925',0,'00071d9dea046490018967e9cd7a75e5e81b681687f75364115f17d1845a878e',111,1,'76a914bf5ed0164011184be7cbf0c72fa641ffad488cbd88ac',4899999853,'mxxpwQTP9s5Y2HqM65JHy3TqguynQhdrvZ',''), ('d6a17854a313bd57dd3a0b61eeda6302a08d52bad5c2342d2046575dc692bd48',1,'2e0b641dc6bf4841a4bd3362b74dc02976b766f71c1b45800a6c9ceb156f054b',45,0,'6a24aa21a9ede2f61c3f71d1defd3fa999dfa36953755c690689799962b48bebd836974e8cf9',0,'',''), ('6cd20a16f787291fab7fb28f59157171dd2f5f1c76a59779c5b9ccdaf888a550',1,'5c9a0a6c232afc788d5d53e01770ade27b25e830d4b798fe93670812f1823328',95,0,'6a24aa21a9ede2f61c3f71d1defd3fa999dfa36953755c690689799962b48bebd836974e8cf9',0,'',''), ('55a26e92bf8e407de3bf80cb42afd00b5d6c5e7354db0d173ad4560b933dc6ff',1,'6bf88e599d84746ba9a8dc8cca2a7b80ab942ded9c6cbfd42423ad20bd8bc74f',24,0,'6a24aa21a9ede2f61c3f71d1defd3fa999dfa36953755c690689799962b48bebd836974e8cf9',0,'',''), ('1b0690a49c618b283f410c8c1556608bce0bbd690689fe53cc30f96c4840e7fb',0,'00071d9dea046490018967e9cd7a75e5e81b681687f75364115f17d1845a878e',111,8,'5120360f640ccdf8998fe5254cd2df4e1fdb3bf51be8445f3339fabfcfa957fbfd1f',100000000,'bcrt1pxc8kgrxdlzvclef9fnfd7nslmval2xlgg30nxw06hl86j4lml50sauyyat',''), ('22c8a9a3872ea08fedd38e1ebbf7eaeb18f54e547d3e4f544364faf883c0b816',0,'4bcea39d7ab61b1371e096d100e863bb660456a7c116afa54d20aa5376d32b84',96,0,'0014dcb543ca6e68b634ea4737667e537a7e9b537112',5000000000,'bcrt1qmj658jnwdzmrf6j8xan8u5m606d4xugjrnxqvk',''), ('4d2dc0382096009ccb7fe1c60222963f70f50fe136a995049941e0e23de9232d',0,'498c45219c99ef4aef379456c5b33d35d3ba2e7b6a560a58a6e5fb5612434af4',81,0,'0014dcb543ca6e68b634ea4737667e537a7e9b537112',5000000000,'bcrt1qmj658jnwdzmrf6j8xan8u5m606d4xugjrnxqvk',''), ('6a270c968b8af28d50474747583185d54b19939d2e8f0597aa35b1f5ff4140ea',0,'0d739c6a469c65d0617a5bc3dcc61050c1d909a35d0474e4063418102e2398f0',92,0,'0014dcb543ca6e68b634ea4737667e537a7e9b537112',5000000000,'bcrt1qmj658jnwdzmrf6j8xan8u5m606d4xugjrnxqvk',''), ('05742d6857cbd53c207c15c0d9af6efbd120bbfbd8ddac26b4c87375a2b8c43b',0,'454dfe6a09982708e326f2ee27c1f3e1b0719f5d300b33aa4061ec266c5c2333',8,0,'0014dcb543ca6e68b634ea4737667e537a7e9b537112',5000000000,'bcrt1qmj658jnwdzmrf6j8xan8u5m606d4xugjrnxqvk',''), ('fd2cd5f66c19e880666f5f8fa3f7993ca63823ee8534eb07e4c06218b65a9c91',1,'70ffabb0716ecb4d86b1ffe66a487a33743531f0bf798f62a1fc1b9916b50276',91,0,'6a24aa21a9ede2f61c3f71d1defd3fa999dfa36953755c690689799962b48bebd836974e8cf9',0,'',''), ('e5951bdc0402c597c61d38d4c77ab24b46d246c28aeef4029061051c00b1100f',1,'7fb4ce1581410f49dcda214f99925afb170d89606e17b7ad1b6993bb0bc4a7f4',50,0,'6a24aa21a9ede2f61c3f71d1defd3fa999dfa36953755c690689799962b48bebd836974e8cf9',0,'',''), ('7e3faa56ee71c794b7d082777bf8a9b5ae1fc52f47bac7d2bdb950188f6251a3',1,'2051a6fcc6f473dc39b36488f3a9b679c1247be7818f54c05e999b665afed988',104,0,'6a24aa21a9ede2f61c3f71d1defd3fa999dfa36953755c690689799962b48bebd836974e8cf9',0,'',''), ('4048c6e20c6992ccdb253e2fdbed5f29fe943632a13438c18984669aacea4464',1,'7fbc3a0e9805e7871f2fd93449fe91ce5aaf0b4663edfdd6a05fd8016ad543f7',52,0,'6a24aa21a9ede2f61c3f71d1defd3fa999dfa36953755c690689799962b48bebd836974e8cf9',0,'',''), ('c7aedff56eb8d99de6c43a2db1795eb00c58fcae70c47fe5cabd5a0d980281a7',0,'7d1d8f69e1518e60fdc23c023c2cd9ca7b16b14ece3342b7d6dc38538217d61f',4,0,'0014dcb543ca6e68b634ea4737667e537a7e9b537112',5000000000,'bcrt1qmj658jnwdzmrf6j8xan8u5m606d4xugjrnxqvk',''), ('3cbf954d5200fcc57abd4433a08efb1a38ae6ad9cbc2c7435a4ac98df16fc314',1,'0aecc726a069b9c50a4c28d558c70ab7844f6fa24e71ddb3028396c6b9e88645',18,0,'6a24aa21a9ede2f61c3f71d1defd3fa999dfa36953755c690689799962b48bebd836974e8cf9',0,'',''), ('59bb13625eec4d5b33665f58b4be64e40fc561f499413a3e4425ebb2ce7e6cba',1,'27948441d37d1a293f1b2ea02faace9ba750fe04f74543ff462801cb835e625f',67,0,'6a24aa21a9ede2f61c3f71d1defd3fa999dfa36953755c690689799962b48bebd836974e8cf9',0,'',''), ('eb13ec377a8ba9889e3ef31cf58a5c1215ad81df2b7dfb6afa8e2b5c08f8ca6d',1,'27c906038aa49bc6ecc982c3c1fc20ef452a0314d01919b31e29e70cec8f632d',26,0,'6a24aa21a9ede2f61c3f71d1defd3fa999dfa36953755c690689799962b48bebd836974e8cf9',0,'',''), ('2ac993b5b4d0fbf5278641bc6eb0a6aae2dba62704bbb65033a9762f3ce3cd49',0,'207ee495a9b56ff5536d22ddf377f0b97d1328a3198707124b7c7144318eeb7c',33,0,'0014dcb543ca6e68b634ea4737667e537a7e9b537112',5000000000,'bcrt1qmj658jnwdzmrf6j8xan8u5m606d4xugjrnxqvk',''), ('ac1b6bfc2b7f755fa8db2d7e725cb80bba77c154c38e180f5902362d3f3a56d1',0,'2b8f7bd2697b6d59824920fe405b03b86deb84652193b4d8c965eea07a893d95',30,0,'0014dcb543ca6e68b634ea4737667e537a7e9b537112',5000000000,'bcrt1qmj658jnwdzmrf6j8xan8u5m606d4xugjrnxqvk',''), ('0556f60c8567b8037624b13ea4091247d74af2840fc37dc42ac6a035b20984aa',1,'2c40ed389d55e2a3ee5cca5ab276019784833aa8810f911b2e7ebf15c27ea52d',101,0,'6a24aa21a9ede2f61c3f71d1defd3fa999dfa36953755c690689799962b48bebd836974e8cf9',0,'',''), ('bf108838f5c25ef3bc4c38f3f4c36ec3745544bd5222e8eeaf23a20824c722a2',0,'32f6a38d80b520103940a35c33688a42d5566ceeb5fdc8ab462639f6061b87a1',93,0,'0014dcb543ca6e68b634ea4737667e537a7e9b537112',5000000000,'bcrt1qmj658jnwdzmrf6j8xan8u5m606d4xugjrnxqvk',''), ('5650e212eac55392f12cd799dad04cac741d233260e58d1d2fed795d80dc1faa',1,'4f2a95fc60cd1b7dc4b27f7240cb4e99dd126a31e58b54ea4638543e8ff9e73d',88,0,'6a24aa21a9ede2f61c3f71d1defd3fa999dfa36953755c690689799962b48bebd836974e8cf9',0,'',''), ('d9a83c94c8155989d5773168ae1a489b4de6e99fb4d82eab9c88e3609d8a91da',0,'79fd1e63db6dbe41b758896849f3e20309be46d7372562540964758e39e5f68a',13,0,'0014dcb543ca6e68b634ea4737667e537a7e9b537112',5000000000,'bcrt1qmj658jnwdzmrf6j8xan8u5m606d4xugjrnxqvk',''), ('b939e9b32f626eac9631a174a4bc20eda699d9bba6642de2110ad0a3df204d54',1,'24680fc74fa9a054bd34fb526ef75cf14a8de64180809efd69a1683f491c13ac',58,0,'6a24aa21a9ede2f61c3f71d1defd3fa999dfa36953755c690689799962b48bebd836974e8cf9',0,'',''), ('0f325e1646bcbfd78ed063900fcf265b7eaaa29ac0bd54d7f217ec5b57351358',0,'0657592cc7a0b0fcafbec24aaa9c51c1d90e2a38adac194a0165084130b63b24',77,0,'0014dcb543ca6e68b634ea4737667e537a7e9b537112',5000000000,'bcrt1qmj658jnwdzmrf6j8xan8u5m606d4xugjrnxqvk',''), ('c671fc73498f7102b50a88252bdecf16c1d7c0867cc79986b8ddce9f81667d60',0,'57f9db276fc7a6a93dc2972c5d26c361705460512c302ff157888fd849187653',99,0,'0014dcb543ca6e68b634ea4737667e537a7e9b537112',5000000000,'bcrt1qmj658jnwdzmrf6j8xan8u5m606d4xugjrnxqvk',''), ('ab40f34cacf79efb5a85b5e31f85df61949bd19f193fb9b056222addf3600b10',1,'4210391dc7f224641646f5cb72989297c9eec5cb02f81bb805358cfe353659f0',94,0,'6a24aa21a9ede2f61c3f71d1defd3fa999dfa36953755c690689799962b48bebd836974e8cf9',0,'',''), ('9a9ce51e545d5f19cd8dce9befbfa1656306f7fc78356dc80fc784d0ae2ca642',0,'302717fa7c74642b8e5e5005635d571685a72d69ab4f6dbeddf8c6c6ee6a6151',53,0,'0014dcb543ca6e68b634ea4737667e537a7e9b537112',5000000000,'bcrt1qmj658jnwdzmrf6j8xan8u5m606d4xugjrnxqvk',''), ('5b4ac0e5d26d3db2db4441c33ea2855eb06d7e5a92be2f0a5651e61b80c11a27',1,'541e7075e60292acc7f963a1df210cd73f265e62700d29c2414e4744178048f1',71,0,'6a24aa21a9ede2f61c3f71d1defd3fa999dfa36953755c690689799962b48bebd836974e8cf9',0,'',''), ('ccb178e64865ee5af2573b28e02286797dd318c26fe5029fb1b87c416c315c66',0,'414ec2662d02b421b9e8122929eb63e9c09c86ce607135d9c5f5c14fda949a0e',80,0,'0014dcb543ca6e68b634ea4737667e537a7e9b537112',5000000000,'bcrt1qmj658jnwdzmrf6j8xan8u5m606d4xugjrnxqvk',''), ('8c9472dca8d9758ce52dafd5d77a186eb1a61e20288e6d009704b660f1b8517d',0,'298953c4df8fca3f6e5ab10ffde1aaea971a09325c6111e4acbbd27730c67786',37,0,'0014dcb543ca6e68b634ea4737667e537a7e9b537112',5000000000,'bcrt1qmj658jnwdzmrf6j8xan8u5m606d4xugjrnxqvk',''), ('e90b30fe8d039a2cfbc2915e0a66838e25f217bbdf4da1076f1729b6b19498b4',1,'462b7db27d3c241d65620e759f348dcc2838b3d60d261092738485d6945dd303',11,0,'6a24aa21a9ede2f61c3f71d1defd3fa999dfa36953755c690689799962b48bebd836974e8cf9',0,'',''), ('be7f459304a0b0c0e53efe9ed6d443d4a7cc8ffcec2ea5e5ebb64dcc8000dd53',0,'6146d666a93cc38a25bf81d309b8213b996c647c5d294ac5cfef9f5af07a4b32',35,0,'0014dcb543ca6e68b634ea4737667e537a7e9b537112',5000000000,'bcrt1qmj658jnwdzmrf6j8xan8u5m606d4xugjrnxqvk',''), ('8c9472dca8d9758ce52dafd5d77a186eb1a61e20288e6d009704b660f1b8517d',1,'298953c4df8fca3f6e5ab10ffde1aaea971a09325c6111e4acbbd27730c67786',37,0,'6a24aa21a9ede2f61c3f71d1defd3fa999dfa36953755c690689799962b48bebd836974e8cf9',0,'',''), ('8a46b566321e2113d6df146038b61870c20e60a116845d6c37af548e84541e01',1,'1b332decbb990f262be26549e51951de67bd7db6f31b99e631c847d8a8aad42a',84,0,'6a24aa21a9ede2f61c3f71d1defd3fa999dfa36953755c690689799962b48bebd836974e8cf9',0,'',''), ('e6addc97211c22bcc1fd8377a4c65e18cb838b6564094138304e2e98d4da716c',1,'00071d9dea046490018967e9cd7a75e5e81b681687f75364115f17d1845a878e',111,6,'76a914ff5884f44c5ccdc5a7aaa1a863775ef3594947c788ac',100000000,'n4o6eQLiDk8S4Y75aqxeBqhW3jXa9VWkXM',''), ('dd8220d893c8255383810b5c63ec0e2be0a9ba36b206e2136517c3c4814fb85f',1,'2c8a398badaf2fea398dc2df6d0e8969dd1de08923d4ceda8943e95b9fea99c8',98,0,'6a24aa21a9ede2f61c3f71d1defd3fa999dfa36953755c690689799962b48bebd836974e8cf9',0,'',''), ('6cd20a16f787291fab7fb28f59157171dd2f5f1c76a59779c5b9ccdaf888a550',0,'5c9a0a6c232afc788d5d53e01770ade27b25e830d4b798fe93670812f1823328',95,0,'0014dcb543ca6e68b634ea4737667e537a7e9b537112',5000000000,'bcrt1qmj658jnwdzmrf6j8xan8u5m606d4xugjrnxqvk',''), ('f42f4b53405dad49af255bc1f6b1685f447622230b5b9596db59b0c0dfee89bc',1,'444bdee8ed574f52a5a059d14bd3e5a160bc58ea6b3dcce914e56541f8c86dea',55,0,'6a24aa21a9ede2f61c3f71d1defd3fa999dfa36953755c690689799962b48bebd836974e8cf9',0,'',''), ('6b227e35b81ced49b12da8d795ecca525f51a05e11b118b30b3f0647a13ec135',0,'00071d9dea046490018967e9cd7a75e5e81b681687f75364115f17d1845a878e',111,4,'0014d45fa518b829d0f5510b5c1ce0ee56a95d8242d4',100000000,'bcrt1q63062x9c98g025gttswwpmjk49wcysk5jeh4pd',''), ('3cbf954d5200fcc57abd4433a08efb1a38ae6ad9cbc2c7435a4ac98df16fc314',0,'0aecc726a069b9c50a4c28d558c70ab7844f6fa24e71ddb3028396c6b9e88645',18,0,'0014dcb543ca6e68b634ea4737667e537a7e9b537112',5000000000,'bcrt1qmj658jnwdzmrf6j8xan8u5m606d4xugjrnxqvk',''), ('fed3808a20e1bd4933d693a96ae547baf340ecebec81c9beb122eb8343430ddd',1,'2ad58e268d63eae4426dff0c9bcbf1c4cc1b3187c0dadc52117a77df52ffcca1',14,0,'6a24aa21a9ede2f61c3f71d1defd3fa999dfa36953755c690689799962b48bebd836974e8cf9',0,'',''), ('5650e212eac55392f12cd799dad04cac741d233260e58d1d2fed795d80dc1faa',0,'4f2a95fc60cd1b7dc4b27f7240cb4e99dd126a31e58b54ea4638543e8ff9e73d',88,0,'0014dcb543ca6e68b634ea4737667e537a7e9b537112',5000000000,'bcrt1qmj658jnwdzmrf6j8xan8u5m606d4xugjrnxqvk',''), ('3e725745520a66c822a821969367da15e6af532ed876049b8ee51ef8de37c772',0,'6ac586f9dbb3e88a9f4c69710b3430c28eda2123c1d144d70cf5a0668476afe6',42,0,'0014dcb543ca6e68b634ea4737667e537a7e9b537112',5000000000,'bcrt1qmj658jnwdzmrf6j8xan8u5m606d4xugjrnxqvk',''), ('b939e9b32f626eac9631a174a4bc20eda699d9bba6642de2110ad0a3df204d54',0,'24680fc74fa9a054bd34fb526ef75cf14a8de64180809efd69a1683f491c13ac',58,0,'0014dcb543ca6e68b634ea4737667e537a7e9b537112',5000000000,'bcrt1qmj658jnwdzmrf6j8xan8u5m606d4xugjrnxqvk',''), ('2dd65d08e6031d2b175a97fb1b03536b5d2600bd301632fc72b44b8b9dae4ad3',1,'46c4de93ea3564b216dcd7d1067d466f8219859bc1cbacb5b6e10826d4ea4923',1,0,'6a24aa21a9ede2f61c3f71d1defd3fa999dfa36953755c690689799962b48bebd836974e8cf9',0,'',''), ('8f4a2b9220bca182382e4cdf139281435dd455777eb111f16b20d0da98fb749c',1,'5129c626625d6703f5a5070d2837741775fcea61c182a21636a57022a2c12cc9',27,0,'6a24aa21a9ede2f61c3f71d1defd3fa999dfa36953755c690689799962b48bebd836974e8cf9',0,'',''), ('ab7b7ca6f68184e90ab9defcc4f6347af106f5921fb24f20815069018beea56f',1,'1c3c0a9b3932ecfeebdd818629990d3bf5ac4c2134c85ddf5b6c68eb56ded879',110,0,'6a24aa21a9ede2f61c3f71d1defd3fa999dfa36953755c690689799962b48bebd836974e8cf9',0,'',''), ('ff6e6bac7fd2845f043b1a90de70bcbe349454b98810877468e12b88a233d846',0,'69acb61dfaaa9772e25783259320af4965696ba217f0233a6ac2914f82782c30',12,0,'0014dcb543ca6e68b634ea4737667e537a7e9b537112',5000000000,'bcrt1qmj658jnwdzmrf6j8xan8u5m606d4xugjrnxqvk',''), ('a461bda505374d373d6a1e7f624278c08848e5d4e350375e0aaa537fd2700dc2',0,'4f6348fabeb688f54f2dc8c52270ce87b03da8733e07fda87055b7fe5aa2cd06',62,0,'0014dcb543ca6e68b634ea4737667e537a7e9b537112',5000000000,'bcrt1qmj658jnwdzmrf6j8xan8u5m606d4xugjrnxqvk',''), ('d8c37b527a60fcd8bf5f60cd9ed045aa870d223e07b62d558960d2e7784a0de0',0,'53d2e60b912d4745f8705476f2f06c348ebd549d2e02a696499e2495dd04a882',112,0,'00147e2c7cd3247db2b06c98e4e75fcd360bfc1e9669',5000000000,'bcrt1q0ck8e5ey0ketqmycunn4lnfkp07pa9nfyy4tc3',''), ('1b0908ba3e4728e2222f20a16c85fb6b028ae4aff22710b2b09caac86d555c08',1,'6b48caea501a996081e1d6679e33bebec66d7515bed30271ce177ee488f9d5fb',49,0,'6a24aa21a9ede2f61c3f71d1defd3fa999dfa36953755c690689799962b48bebd836974e8cf9',0,'',''), ('da4f8f439ed3fa098a869bdf08c1e8777891570a96948b6668002e39fd9b8ff7',0,'487a17ec98c1cbdbf463a8e399492844466f423517463e616519f6e8ce052ccb',56,0,'0014dcb543ca6e68b634ea4737667e537a7e9b537112',5000000000,'bcrt1qmj658jnwdzmrf6j8xan8u5m606d4xugjrnxqvk',''), ('4a5e1e4baab89f3a32518a88c31bc87f618f76673e2cc77ab2127b7afdeda33b',0,'0f9188f13cb7b2c71f2a335e3a4fc328bf5beb436012afca590b1a11466e2206',0,0,'4104678afdb0fe5548271967f1a67130b7105cd6a828e03909a67962e0ea1f61deb649f6bc3f4cef38c4f35504e51ec112de5c384df7ba0b8d578a4c702b6bf11d5fac',5000000000,'',''), ('2dd65d08e6031d2b175a97fb1b03536b5d2600bd301632fc72b44b8b9dae4ad3',0,'46c4de93ea3564b216dcd7d1067d466f8219859bc1cbacb5b6e10826d4ea4923',1,0,'0014dcb543ca6e68b634ea4737667e537a7e9b537112',5000000000,'bcrt1qmj658jnwdzmrf6j8xan8u5m606d4xugjrnxqvk',''), ('6d094078d2898f3304bfd3b0ea5c6a01f5c6b83a60520ac54769e6d4002bbad2',0,'1df5eff9c727b70f99af7a8a687161132d9e7662cc7770549dc2808323506ed6',15,0,'0014dcb543ca6e68b634ea4737667e537a7e9b537112',5000000000,'bcrt1qmj658jnwdzmrf6j8xan8u5m606d4xugjrnxqvk',''), ('8576f6208aee8860d78f88f995a4a3dd0fa012d51ac53705d89766c7eb192e57',0,'7d2ef608aa6deb65083399f285c394a283bfd757936cdfea2ca7ab1add3a858b',6,0,'0014dcb543ca6e68b634ea4737667e537a7e9b537112',5000000000,'bcrt1qmj658jnwdzmrf6j8xan8u5m606d4xugjrnxqvk',''), ('0f325e1646bcbfd78ed063900fcf265b7eaaa29ac0bd54d7f217ec5b57351358',1,'0657592cc7a0b0fcafbec24aaa9c51c1d90e2a38adac194a0165084130b63b24',77,0,'6a24aa21a9ede2f61c3f71d1defd3fa999dfa36953755c690689799962b48bebd836974e8cf9',0,'',''), ('df4c4f255a06ddeb29e4b0d5114cc3ee8f136ebcbcf70e44113e21bb5e9b097e',0,'626eab74bd9e73b364a123233a35bfb871d13604d4ba9a05a6c962844fa297bb',9,0,'0014dcb543ca6e68b634ea4737667e537a7e9b537112',5000000000,'bcrt1qmj658jnwdzmrf6j8xan8u5m606d4xugjrnxqvk',''), ('875c6de6bb09d9882a7acd17d6b1f4bdfa439963c0e1b43816be5bf27a969801',1,'724c4db6f6f7db359a67f2c92267774aab32c2d9239eadc191b54bc3b7944f39',21,0,'6a24aa21a9ede2f61c3f71d1defd3fa999dfa36953755c690689799962b48bebd836974e8cf9',0,'',''), ('2ac993b5b4d0fbf5278641bc6eb0a6aae2dba62704bbb65033a9762f3ce3cd49',1,'207ee495a9b56ff5536d22ddf377f0b97d1328a3198707124b7c7144318eeb7c',33,0,'6a24aa21a9ede2f61c3f71d1defd3fa999dfa36953755c690689799962b48bebd836974e8cf9',0,'',''), ('dd8220d893c8255383810b5c63ec0e2be0a9ba36b206e2136517c3c4814fb85f',0,'2c8a398badaf2fea398dc2df6d0e8969dd1de08923d4ceda8943e95b9fea99c8',98,0,'0014dcb543ca6e68b634ea4737667e537a7e9b537112',5000000000,'bcrt1qmj658jnwdzmrf6j8xan8u5m606d4xugjrnxqvk',''), ('859cb2ff91de151f9384aa2692ef5534285bd1bf6d935faaf0f979f625236f30',0,'32f6d51844741a244a1811d59dd8d5ff187fa14aabb7b5b72493c46c8edb3bbc',106,0,'0014dcb543ca6e68b634ea4737667e537a7e9b537112',5000000000,'bcrt1qmj658jnwdzmrf6j8xan8u5m606d4xugjrnxqvk',''), ('0fb30b09e894d65f01f7cb9f1c64bc52839a7684e71f1b4e482f25fdfbe151bb',0,'045fece7fe921bef95e36526505ff41bf9ef83e849e0c12e7f0327e80b0d7fdf',41,0,'0014dcb543ca6e68b634ea4737667e537a7e9b537112',5000000000,'bcrt1qmj658jnwdzmrf6j8xan8u5m606d4xugjrnxqvk',''), ('7c07fd6d60b3fc629d44866df156aede91bb1ecfe35532276312fcd5fcf9984b',1,'04a9a74e591f01a578305226b8937c7ba041157f52377e03125a08e1820fc05e',87,0,'6a24aa21a9ede2f61c3f71d1defd3fa999dfa36953755c690689799962b48bebd836974e8cf9',0,'',''), ('8a46b566321e2113d6df146038b61870c20e60a116845d6c37af548e84541e01',0,'1b332decbb990f262be26549e51951de67bd7db6f31b99e631c847d8a8aad42a',84,0,'0014dcb543ca6e68b634ea4737667e537a7e9b537112',5000000000,'bcrt1qmj658jnwdzmrf6j8xan8u5m606d4xugjrnxqvk',''), ('41d1935e65ac0121945422bbbcc7c55d7b61ec2980bde6574202d5349dd4dcb3',0,'4b5203d91b11bfa4977548836999a4ab18b87d3845f6a7551248abe8911f1660',7,0,'0014dcb543ca6e68b634ea4737667e537a7e9b537112',5000000000,'bcrt1qmj658jnwdzmrf6j8xan8u5m606d4xugjrnxqvk',''), ('1b428044617d4caf7b90cc8528932a539d2b972c4314a5729e2da420ba62f637',1,'00071d9dea046490018967e9cd7a75e5e81b681687f75364115f17d1845a878e',111,5,'a9148c697f5327012228d5c6323c361d360721d554a087',4899999857,'2N63eyE2irMQAH5oi6bwxoYxqoUgDkr2jGW',''), ('8848f68c697ec8153c010b896e450d07c3a9096deb5894069df3dffb19814c8a',0,'506b757e3de622e8ee8a9889f44880c4b14415041e67f9b4aabfae7c1096bfec',102,0,'0014dcb543ca6e68b634ea4737667e537a7e9b537112',5000000000,'bcrt1qmj658jnwdzmrf6j8xan8u5m606d4xugjrnxqvk',''), ('2e0823e7c01c5145ec384a641a35763d4af8cc1eaec2756b603fed5fe62e3eea',1,'4b14c77399ee86c276fea115b4ae654995a5e17c0c58cd7211304c69b3b33983',17,0,'6a24aa21a9ede2f61c3f71d1defd3fa999dfa36953755c690689799962b48bebd836974e8cf9',0,'',''), ('7d45a07cbf537bdcf73e4d5ea495a8d661c45564a369dca98843dcfc76514037',0,'292f40c6269163aeccf86a83d45ba24136175f21247967198d6b44dea292e3e4',60,0,'0014dcb543ca6e68b634ea4737667e537a7e9b537112',5000000000,'bcrt1qmj658jnwdzmrf6j8xan8u5m606d4xugjrnxqvk',''), ('ed31b4e8b2596a0a15827fafb6b049e7a928773e0bac4125dfe855460c985f74',1,'69745efd4d3bce13fe2ca71c5c575faa17d8851080e9165dd40d3d916b5573b4',23,0,'6a24aa21a9ede2f61c3f71d1defd3fa999dfa36953755c690689799962b48bebd836974e8cf9',0,'',''), ('0fa2635b30a0d62ca3efe91d43641fb0a4b6c2db06da0f1843aaeba160bc0b88',0,'6a0363544420027cc752c14d4902ac5af591b926120e1c8035249b7f9af612ab',65,0,'0014dcb543ca6e68b634ea4737667e537a7e9b537112',5000000000,'bcrt1qmj658jnwdzmrf6j8xan8u5m606d4xugjrnxqvk',''), ('747f317d8b29ec8ad1bd5a523ff67e19895a4de03dd750996d73bc30473c2578',1,'7999a643bec8f143be9ebefe52bd520acd581c1e5f1d4c2f47d89e44f23795b2',64,0,'6a24aa21a9ede2f61c3f71d1defd3fa999dfa36953755c690689799962b48bebd836974e8cf9',0,'',''), ('41d1935e65ac0121945422bbbcc7c55d7b61ec2980bde6574202d5349dd4dcb3',1,'4b5203d91b11bfa4977548836999a4ab18b87d3845f6a7551248abe8911f1660',7,0,'6a24aa21a9ede2f61c3f71d1defd3fa999dfa36953755c690689799962b48bebd836974e8cf9',0,'',''), ('fbbc564c1c6db231d2e6237c25136c58c12148943819bcbfb5220b5eb11b14dc',0,'5a19f106e1e8d246b601cb8ace05bc7454abd8de8db547e92309e5928337dc43',105,0,'0014dcb543ca6e68b634ea4737667e537a7e9b537112',5000000000,'bcrt1qmj658jnwdzmrf6j8xan8u5m606d4xugjrnxqvk',''), ('0adea256bcd97c86fb118c23562863a9a1cf1413ae7e8d55c49f045c8a60ad90',1,'55b88c4a8b69f77eb7c9cabf32e8ced020aa21b0c8a1db68da0ce54555578200',5,0,'6a24aa21a9ede2f61c3f71d1defd3fa999dfa36953755c690689799962b48bebd836974e8cf9',0,'',''), ('085610742577f4b31b121fcf07c63e77566b39004674ce31dde508c151869c9c',1,'186df7fc171613c6e2d6292e5d4edceb224678fb037bb48fc17e4e005b304475',76,0,'6a24aa21a9ede2f61c3f71d1defd3fa999dfa36953755c690689799962b48bebd836974e8cf9',0,'',''), ('2136459004187494c8779505a8fced94c317b47929120894cb7bbe470b6a3980',0,'1932668235acee3cfd7ab435a3fec23930747f7f7aa9c60e691eec70bca8181d',68,0,'0014dcb543ca6e68b634ea4737667e537a7e9b537112',5000000000,'bcrt1qmj658jnwdzmrf6j8xan8u5m606d4xugjrnxqvk',''), ('54e4ae8052fdf960c0fda25bdb3230d8b2cf7b0c748b2ceae1333bc6866a2edf',0,'5c68f9e60af3de929e645202096356955b488e9898258dcbf6cd345c61436bf2',61,0,'0014dcb543ca6e68b634ea4737667e537a7e9b537112',5000000000,'bcrt1qmj658jnwdzmrf6j8xan8u5m606d4xugjrnxqvk',''), ('a3fb67f0829e473e5c7c26c41e5ccfff702e2274757fb5731a0a86d8b4d21377',1,'77a798c4f82e133d4d5a356f32e5b84284cc12cc9a21e6d0141558df22d49008',20,0,'6a24aa21a9ede2f61c3f71d1defd3fa999dfa36953755c690689799962b48bebd836974e8cf9',0,'',''), ('b65e342d932f1f1f2f23666c6013a3701f167777dfd3f01d754dc80cd191de7f',1,'5f0a19be50d45d174a8b6da5655cf80ac54ba1b839eeaa655b33426a753a7719',47,0,'6a24aa21a9ede2f61c3f71d1defd3fa999dfa36953755c690689799962b48bebd836974e8cf9',0,'',''), ('1b0908ba3e4728e2222f20a16c85fb6b028ae4aff22710b2b09caac86d555c08',0,'6b48caea501a996081e1d6679e33bebec66d7515bed30271ce177ee488f9d5fb',49,0,'0014dcb543ca6e68b634ea4737667e537a7e9b537112',5000000000,'bcrt1qmj658jnwdzmrf6j8xan8u5m606d4xugjrnxqvk',''), ('3dcd6784137a05e6993923e4b5dea55e7018a177613b866bbc3d61365b938127',0,'53f7e3f1606256e18ca5b612748d2282c77b9df1f3dea6b26a77228c9f9ebb86',83,0,'0014dcb543ca6e68b634ea4737667e537a7e9b537112',5000000000,'bcrt1qmj658jnwdzmrf6j8xan8u5m606d4xugjrnxqvk',''), ('f4545c5a081f459b14bd8f5d30d50f93b267114449da26a8b99b9f8f8394b496',0,'00071d9dea046490018967e9cd7a75e5e81b681687f75364115f17d1845a878e',111,7,'512050bd67462656dcfc74fbee6515a896f992769a5357fd56583bf9b389dac4a27e',4899999835,'bcrt1p2z7kw33x2mw0ca8maej3t2yklxf8dxjn2l74vkpmlxecnkky5flqnydmpn',''), ('d372ff1f1b50566c42c3d1108d17baad04e0734e72320d996b1de7d9d690b204',0,'06db37c103b549070e375e6ab64480c8878cce29a7c6aada4ebe612298bf808d',36,0,'0014dcb543ca6e68b634ea4737667e537a7e9b537112',5000000000,'bcrt1qmj658jnwdzmrf6j8xan8u5m606d4xugjrnxqvk',''), ('2a9e8ea65b01d39a09220a3f7027084ba44790508790d9c5405bf0fdf2c39da2',0,'6b4fe61fe506e95f3bc7007646445de9c99b93b980c10538ce477d86358c0f73',57,0,'0014dcb543ca6e68b634ea4737667e537a7e9b537112',5000000000,'bcrt1qmj658jnwdzmrf6j8xan8u5m606d4xugjrnxqvk',''), ('e90b30fe8d039a2cfbc2915e0a66838e25f217bbdf4da1076f1729b6b19498b4',0,'462b7db27d3c241d65620e759f348dcc2838b3d60d261092738485d6945dd303',11,0,'0014dcb543ca6e68b634ea4737667e537a7e9b537112',5000000000,'bcrt1qmj658jnwdzmrf6j8xan8u5m606d4xugjrnxqvk',''), ('ff6cc06f2b4445f006396e658bf1f729dee71f210f610196e84c99faec810387',0,'57218e7dd67dc0f393ae1ede539967a673c0b75902fd9f079a9b78c339d5c90c',72,0,'0014dcb543ca6e68b634ea4737667e537a7e9b537112',5000000000,'bcrt1qmj658jnwdzmrf6j8xan8u5m606d4xugjrnxqvk',''), ('ab40f34cacf79efb5a85b5e31f85df61949bd19f193fb9b056222addf3600b10',0,'4210391dc7f224641646f5cb72989297c9eec5cb02f81bb805358cfe353659f0',94,0,'0014dcb543ca6e68b634ea4737667e537a7e9b537112',5000000000,'bcrt1qmj658jnwdzmrf6j8xan8u5m606d4xugjrnxqvk',''), ('b2f7903cdc571c45d605521d7d309ef3743a0fd73bde21f58b28d854d81d35b2',1,'4298d20203b9789d49bf6e0d81da2cfc3c7897fa3e24b5b264b9ef66ae85b793',85,0,'6a24aa21a9ede2f61c3f71d1defd3fa999dfa36953755c690689799962b48bebd836974e8cf9',0,'',''), ('4804019b1b249baeccbfc9d64aa0ac3929a0c0f1786d2b2f438f564463c6bc0c',1,'5f09cbabdc9bab51df34ec9137bde5519abf4c8bead5661221e4ae8db54a1429',34,0,'6a24aa21a9ede2f61c3f71d1defd3fa999dfa36953755c690689799962b48bebd836974e8cf9',0,'',''), ('90e57dec5709e9d15064b18036f1f78e75394559102f65c35fc40157d5f3e261',1,'5d846bf03ca4f22be0b294696a75fc6401db1bc8e1119e72ebd7e3e0815372bd',39,0,'6a24aa21a9ede2f61c3f71d1defd3fa999dfa36953755c690689799962b48bebd836974e8cf9',0,'',''), ('da4f8f439ed3fa098a869bdf08c1e8777891570a96948b6668002e39fd9b8ff7',1,'487a17ec98c1cbdbf463a8e399492844466f423517463e616519f6e8ce052ccb',56,0,'6a24aa21a9ede2f61c3f71d1defd3fa999dfa36953755c690689799962b48bebd836974e8cf9',0,'',''), ('8576f6208aee8860d78f88f995a4a3dd0fa012d51ac53705d89766c7eb192e57',1,'7d2ef608aa6deb65083399f285c394a283bfd757936cdfea2ca7ab1add3a858b',6,0,'6a24aa21a9ede2f61c3f71d1defd3fa999dfa36953755c690689799962b48bebd836974e8cf9',0,'',''), ('d8c37b527a60fcd8bf5f60cd9ed045aa870d223e07b62d558960d2e7784a0de0',1,'53d2e60b912d4745f8705476f2f06c348ebd549d2e02a696499e2495dd04a882',112,0,'6a24aa21a9ede2f61c3f71d1defd3fa999dfa36953755c690689799962b48bebd836974e8cf9',0,'',''), ('59bb13625eec4d5b33665f58b4be64e40fc561f499413a3e4425ebb2ce7e6cba',0,'27948441d37d1a293f1b2ea02faace9ba750fe04f74543ff462801cb835e625f',67,0,'0014dcb543ca6e68b634ea4737667e537a7e9b537112',5000000000,'bcrt1qmj658jnwdzmrf6j8xan8u5m606d4xugjrnxqvk',''), ('9b859f6ae367d5109d483c29b75548074afd4447ecc6854775baa9570b706218',0,'28ce969ed69c8ced1d4a67f15433783c48c54ca9553bcee5f011efbeb372b5bc',46,0,'0014dcb543ca6e68b634ea4737667e537a7e9b537112',5000000000,'bcrt1qmj658jnwdzmrf6j8xan8u5m606d4xugjrnxqvk',''), ('8ee3dee1ff2087c45d628195c4b2c144e7ce3fc9ddde5c94d61c5408cdf0cb5c',0,'75bd5db9cd44d7354bdb93ec53fc5c1c53ac14975f7c13ed18c81a9a9b443a7b',89,0,'0014dcb543ca6e68b634ea4737667e537a7e9b537112',5000000000,'bcrt1qmj658jnwdzmrf6j8xan8u5m606d4xugjrnxqvk',''), ('859cb2ff91de151f9384aa2692ef5534285bd1bf6d935faaf0f979f625236f30',1,'32f6d51844741a244a1811d59dd8d5ff187fa14aabb7b5b72493c46c8edb3bbc',106,0,'6a24aa21a9ede2f61c3f71d1defd3fa999dfa36953755c690689799962b48bebd836974e8cf9',0,'',''), ('ed31b4e8b2596a0a15827fafb6b049e7a928773e0bac4125dfe855460c985f74',0,'69745efd4d3bce13fe2ca71c5c575faa17d8851080e9165dd40d3d916b5573b4',23,0,'0014dcb543ca6e68b634ea4737667e537a7e9b537112',5000000000,'bcrt1qmj658jnwdzmrf6j8xan8u5m606d4xugjrnxqvk',''), ('ad73d66f94212c74a11386b1aeac705c8e976ba26d2c26e6f3bbe184b95f3478',0,'3b6354cec0b3af2cb86afa8b767ca1003ffa888ac4727c96a590d6b0bdfb9892',32,0,'0014dcb543ca6e68b634ea4737667e537a7e9b537112',5000000000,'bcrt1qmj658jnwdzmrf6j8xan8u5m606d4xugjrnxqvk',''), ('2c13c19b5e9d2b963cd4482c53c34eb29ac7d1c5fd1823e4d95e3fc452e32c70',0,'0c233af9fa1ddb5bd2076cbf9861818e8600896f0e558000b665f814845c182d',79,0,'0014dcb543ca6e68b634ea4737667e537a7e9b537112',5000000000,'bcrt1qmj658jnwdzmrf6j8xan8u5m606d4xugjrnxqvk',''), ('20e7222cd8f99e46a4c7bf62f0eb0f9cf35043134e5287cbd3f8cf79d99efa1e',0,'030d15a616f6ca91bb4b4534810c767d01c244c8d64af7b45ef73a75cec768eb',78,0,'0014dcb543ca6e68b634ea4737667e537a7e9b537112',5000000000,'bcrt1qmj658jnwdzmrf6j8xan8u5m606d4xugjrnxqvk',''), ('d453daa3a08658ebe17dfa9ada3e38b1c270485e05f5e8de4aa5303410951778',0,'6bc78e27ca589b8bd3389c8f154794cfaf1328ded521e717c2459494b1f26b10',51,0,'0014dcb543ca6e68b634ea4737667e537a7e9b537112',5000000000,'bcrt1qmj658jnwdzmrf6j8xan8u5m606d4xugjrnxqvk',''), ('abb761cbd8c0ff9c9da588ebab64a815c73acc74b92ec5c8a2aa2bf08739e337',0,'7a25da1bbd47f2ad7fcc3f365c27d3acba4df941b52dea9d390b51a2c4a49300',40,0,'0014dcb543ca6e68b634ea4737667e537a7e9b537112',5000000000,'bcrt1qmj658jnwdzmrf6j8xan8u5m606d4xugjrnxqvk',''), ('79f3f034ba78251dab8b70e8c7a95e5792fbe49c60d3442e73e1f08d3af2accf',1,'26fbdd2c3dd68adee4560d7816c2bb03b570cc8655109f6436e17b52c3a663b5',3,0,'6a24aa21a9ede2f61c3f71d1defd3fa999dfa36953755c690689799962b48bebd836974e8cf9',0,'',''), ('e7160278d963b93b68a33b08c005fdad0a796d61da33b2e2a05a6b44106f7d30',1,'413c532e0b77cf12af2ab9c4318158c404a87aa12926f782b344cae4f0f8101a',38,0,'6a24aa21a9ede2f61c3f71d1defd3fa999dfa36953755c690689799962b48bebd836974e8cf9',0,'',''), ('1e4e120519ef23531b6ec6ca3a2447e3a7db8c0788182ea74c84771dae68ff2c',0,'00071d9dea046490018967e9cd7a75e5e81b681687f75364115f17d1845a878e',111,3,'a9149cb8756052ab7cacf54bab2812ec8d4926476a4b87',100000000,'2N7XtNcP6xr4ZDCksqP1QvU9FyfaBXh2VGG',''), ('f4abe5d856798a0a2d22893db53ba3580921760fad0f1c677a22cada8e457c4d',1,'1409fa87a8986414faf10f69b1a0edf921b79357b6bb68c733fb2547a01d5ca3',59,0,'6a24aa21a9ede2f61c3f71d1defd3fa999dfa36953755c690689799962b48bebd836974e8cf9',0,'',''), ('7d436404a6db5810fe1f4cf849e8d3533a4e89d845269c1992b598e62845a5ba',1,'447f9c3c7d0198534b4506c3f53a933f22e1837a02474b28b74dcb1faa4af004',82,0,'6a24aa21a9ede2f61c3f71d1defd3fa999dfa36953755c690689799962b48bebd836974e8cf9',0,'','');
