CREATE DATABASE IF NOT EXISTS `indexer`; USE `indexer`; 
SET FOREIGN_KEY_CHECKS=0;
SET UNIQUE_CHECKS=0;
DROP TABLE IF EXISTS `blocks`;
CREATE TABLE `blocks` (
  `hash` varchar(191),
  `height` bigint unsigned,
  `is_orphan` tinyint(1),
  `previous_block` longtext,
  `version` int,
  `nonce` int unsigned,
  `timestamp` int unsigned,
  `bits` longtext,
  `merkle_root` longtext,
  KEY `idx_hash` (`hash`)
) ENGINE=InnoDB DEFAULT CHARSET=utf8mb4 COLLATE=utf8mb4_0900_bin;
INSERT INTO `blocks` (`hash`,`height`,`is_orphan`,`previous_block`,`version`,`nonce`,`timestamp`,`bits`,`merkle_root`) VALUES ('79c492c6e4be2dcf17d4f1ef9f91724a5bd436804d4bf6388f71fce8593fd0a5',20,0,'25d09b0d56966bb132f6408ff8184e42d5a9ce72431fa0da48ec916eb9088bfd',536870912,0,1723711249,'207fffff','6ead96b268b008e7c6eb9f1a9fc0277d4eab6f3dd112ff8d20dd05f0ac547c4d'), ('5bbeca82710867c693348de2852012a3cf0cce42feb4c312861237cf4b781bf1',56,0,'4b78039e50b19493fbcc49ae002c0badfe5fdbd68bbb831f112bb7d25379d524',536870912,1,1723711255,'207fffff','73df963ebf035ceb00914e7f8d0e89e5098f58301306db18bafe6dd6a0931966'), ('671f4d3591613f725927d20ce3705cf0f65e3b36c9d125fec1b6fa5f2bb862c3',127,0,'6dfb6091f04865c5cbab36c6703ad589ef1647b3b9f199284addc5fbb8549283',536870912,1,1723712221,'207fffff','999098d3e6a6abe69ab8d01df308256febdaca68f3317c891318524301a73726'), ('7c5c26475e4cd8d024d35a2d018e8846903a7188a1b262af31e273d877061770',10,0,'71f2b2014923b3cb491251407573360df1450f0632fba4af5fccb3de4edcc8df',536870912,1,1723711247,'207fffff','e0f028d7deada31c9af0b22dcf465c94909e4e94459ad979a749d56113c3074a'), ('709e50d61304f7a6a4dabd14edd4dc73ea0bca943f501ffb295d23cfbd827296',95,0,'46c31f908f4d7c0c4fc5bb5c9e15ae88551a9e34e98f7e1a9cad534fd62c807e',536870912,0,1723711261,'207fffff','9bda5c7141b4ff48ff5546f99d53931da33e2216ed8c4bf0dfb7c8b5c7d3426e'), ('57198422c39f499c5ea83ee6bbede315d0e494a90ff35b9f24c884e3d101fe43',82,0,'4c1bf69a64d25818cecd9aebc7a9cd38cb6262ca9d71a05b8ca8e926ccc7f4f8',536870912,5,1723711259,'207fffff','4c45a3461dd09ad45c8fe6b4dd023a53a5e3318f81375fd1561a1cff95698770'), ('6582d5b3e1effb80ead6eb5d4ad7e17ccde1853df3c43845c719790eea2ed08e',58,0,'625a8a305489f0dace6d21612bad7cf96329699dfa90e530cd3bf1d3b763a2ac',536870912,1,1723711255,'207fffff','daa827ed25ac7e4bd7acc22891ca93c0864d6bea7acda2022cfe591d59cee80f'), ('721d3d5263697d6cd0ecc0e6e464e48589743e7ba5985c9fd3e7f6474741c657',79,0,'5892815696bf81b82627bfef9b8e35dbccea6f7ff81be35e57c638fe5e8a9336',536870912,1,1723711258,'207fffff','b0dc7c1e83e82775e2deb56eda05967cc6f312bf884962a106a852b02134006f'), ('4cfda87f3d849ea6280b6ab323243fb2d7eb67f851989b151be4dec4b55d4a69',17,0,'2fa550819fd3553100ff04cd37101739cbcc6a31ccae283db327e6c60bca8916',536870912,0,1723711248,'207fffff','e7e5e028299fd86cdad1232c8f10969b4a9fc7a76971759f40966dd514818c21'), ('29c27debb5b6e03a71bf40d54967925c0cba2e43253f01ac830d6422b9dd7c34',97,0,'1a9d60c9f56f9bcc55056084ed646308ecb56cf779d20026bf08c955a8970482',536870912,0,1723711261,'207fffff','d306ce780ba1ead1584c511a0e8ab4e8f994e5170897e1ead17e554c3b665f89'), ('2fa550819fd3553100ff04cd37101739cbcc6a31ccae283db327e6c60bca8916',16,0,'5e6c6e74a0deda5245cfa173f9051eb6674928e4b549e5a21d55703d6e077ab1',536870912,1,1723711248,'207fffff','6a9738afad6422829bb9a86e24ddbee8eb73dfa74d49d4553bd53e7ac3a79022'), ('13d0a972b2b521d87a9baa3b77156005a6f90504bcbbf351d4da1cf598f7496a',112,0,'24bf1f806088f94c75bfb372356a3bd64de0a7564b331df76b30497991d297e3',536870912,2,1723711328,'207fffff','34511cd48d18ba4b128ed98b9b59a700e167f7330650c22cc491b7875aa4b225'), ('6be782332761f49f35bc8c59cc872995e701c3d728f1ed65532ad331e4918a41',75,0,'13026436b4bdc233d6fb646fc8e4817413254e7a076b2236eb4a5da42243173c',536870912,0,1723711258,'207fffff','5c14b3758872618fa628728590efec5fb02b49370b8ba5b1be19178926730e34'), ('277fdac95361d3d78071b2ee48260b97666606f225933727a0d9f036dbb049c9',114,0,'50e6f2d3e48049f7ed700274dd42801442071cbf0e878cec9414df7efc891126',536870912,2,1723711328,'207fffff','f72c1e80a1d6ddc296b558b47806e46f3b60457071fd718f52700d8da722f7f5'), ('4c1bf69a64d25818cecd9aebc7a9cd38cb6262ca9d71a05b8ca8e926ccc7f4f8',81,0,'06b1268046acb71423a6dbc42c43d3426aae51e6ef5f4b71ff7f6046a2a6c7ec',536870912,0,1723711259,'207fffff','4850ead20c12105d787fdd706659608e84e6cd81f617c37063d9cc508d2b3c17'), ('449aa7877a9ada127926b8baa6b455cf72c1eb8fff66d951fce634fc045fb44e',99,0,'1e0594a7755671f6f7577d9c83c739b3b7a2e6cf9dc8ee712275911a282183e2',536870912,0,1723711262,'207fffff','8fa350d43f02532ffd99ac2e212436f0db9ee1a74450b6644bfe40ed47500b74'), ('05e2d929470cea41fb442cccff393a9445d7c01f3ee3eb4f440c3ef844908d57',46,0,'507545c89d04daa3a6b9957f84f0713d55bc6fa0e6cec39b511c1cd9df2e18f3',536870912,3,1723711253,'207fffff','5fd035933042d955926cd8625dab660acc9380c82b7a99a3c785bb70e783350f'), ('625a8a305489f0dace6d21612bad7cf96329699dfa90e530cd3bf1d3b763a2ac',57,0,'5bbeca82710867c693348de2852012a3cf0cce42feb4c312861237cf4b781bf1',536870912,0,1723711255,'207fffff','e9cf86aef00dfb807dd19400152eccab841db7da6b31ad716aaf163cf6251d39'), ('0dff1033cf68709225c47a1f509ccebddeed38bea48793f64066ff53f0fee7b3',120,0,'16246b73a1918df5f822cee6be93d4e80fadda84515dbdcbd2ab292b4ad0ec5c',536870912,2,1723711573,'207fffff','851e7bc115f7b21c4644bba251ed5cf393354a2ebb29f8b1ef06345cf39b1c7c'), ('38b88c951db03bfea464d6b0aeca9873bcb91be75b06f0939f6cafc6c0db3c68',8,0,'13a0c78cea42fc43884358123d5df683f1fb572245d2eb69243ba14c6557173e',536870912,3,1723711247,'207fffff','9fa7bc6875b0f8df178a9f94e0b04f65cf40f4eaa28220fb06bc86fb944a0b6f'), ('2b536d65b8bc08a1b1cdea08c1a02c33e339f3f93c99ba1db3d4d0c6ae849760',139,0,'48cc7e65753423599327b02bf6ef212dd7d95f5154697bcf56edbc2e87f916e0',536870912,4,1723717312,'207fffff','a6bc453fd4d4af8793d07244553e79142f82bd5618bb8637998c1b1d233badc7'), ('69e5e63801592e8aadf3c1556c2964ca920d73ecca656d7057adba3b32f0f2d2',35,0,'057bccaea21e0edd73e0b8fd66fac8ae88c11eba0757946b0045566455fab649',536870912,2,1723711251,'207fffff','f5682c7f0756048817618b5399e3c50ade630fa1557b1bd158395d7e36d1d1d2'), ('4051942e6c795dbe027242d11c1fd5d7836c8cced2bc200a320137952ab26fcb',105,0,'38af1f8c806081bc918171016b5a06dfef9d83368524adcefe1e32f68759b01f',536870912,0,1723711263,'207fffff','9473bc18e1b8f12d4ce8da8abddbde42622a6304b098a3792be6f12f68719c35'), ('2734e979254c576c7fa090e1bbcfcf9f16ac1af4eeffad6e75fdba8e7448d3c4',102,0,'18f9cb7ad5dbd612d585aa83d85052f6bbdda9052d17095297aa72c856fbdcec',536870912,0,1723711262,'207fffff','b38b18e437290fa2be43e68c4568ca01ec9dd996d761be391bb44c8416d567d7'), ('1abcd57179089a669919b2d4679f8946fb3d3c8cd1a54be97791a691560becb4',84,0,'7fbc84320d66c99946fdc95c3eb95a630d0eaf2ff56838485302ac011405b479',536870912,5,1723711259,'207fffff','410c0e938cb1818e0614ab29ae7a38807571fda4a53fae0dbaa5fca75aa893ce'), ('32f8d642fa771d5cb9e75fc7fc9bdc4e41bede83dc2dbfa003f1b3adaf670fca',53,0,'20608bd23d35c4ba20dfac32d73fd5fac43e0fa7365fb54add498d2f62cb4211',536870912,1,1723711254,'207fffff','df8396cbb60501fee088fad7b79403a4260562533e614eb0c9a34238772080a8'), ('134646d6d7ff2900220603889742532b8e905d7065d2118a24d4b58ee6c0576f',11,0,'7c5c26475e4cd8d024d35a2d018e8846903a7188a1b262af31e273d877061770',536870912,1,1723711247,'207fffff','38262dffc3c2654397c0799fa0312929c900cad5386eef6e0057568592392f7c'), ('4d5954d40691fc140f01e2a93bef8688f9b51d66b0c0d5cef0e1bd2fe8a65e48',133,0,'09ca5efa08788dcb54df1240423be6e8e16f15f6894aeba6012331079a38f7e2',536870912,0,1723716789,'207fffff','9c94f71f28c8e153eba51949acbfe3a13600a378daadad7c97b6649614f70e96'), ('7fbc84320d66c99946fdc95c3eb95a630d0eaf2ff56838485302ac011405b479',83,0,'57198422c39f499c5ea83ee6bbede315d0e494a90ff35b9f24c884e3d101fe43',536870912,0,1723711259,'207fffff','7fedd6158ae794fd3342f6032207f86123ca99a27bdbdbebc64e54104b4e697c'), ('55ca345515461f4becea2bfb80e9a7224980582589890da9305367803c61ce7b',29,0,'3237e5f79dee85ee0b44bd52d2915d73f40a5b0480fa1162c531c5f35e7e3f76',536870912,0,1723711250,'207fffff','dd3140a53766e066bb99ef4e387ab536979b44452c7294af0153de64d7c06882'), ('2c70d4c36d242f260c20b9b46d00ede189f323590f90306a475530b9317d6041',134,0,'4d5954d40691fc140f01e2a93bef8688f9b51d66b0c0d5cef0e1bd2fe8a65e48',536870912,3,1723716827,'207fffff','0baff57f4b75513b64e264158a3eb8d5779eb27a7240b42f9f9b4a4812a349a1'), ('7d8c573b61aaf4068d3a678f991ff92514e3793e52059d95ed6604fd1890043b',91,0,'2667148c4101f160dda3a0129c86c594fea1450359f49bbb8e5bd268bfb1cf34',536870912,0,1723711260,'207fffff','7736b81461897cc3bda8a482e95776ca0483d23f8dc82678e772ade702df4679'), ('1fc2574c22ba5bbeba67f3362df8ebbd6a3861b6591314b821548304108b9b71',117,0,'45ea53ed57874bd650130223fd2e49e6a10f729eafc1f71947475e71bad2514a',536870912,0,1723711328,'207fffff','a5c1fcf58144900e86fa9f50fd060ee892a09c2ce8948b279daaa4600ef5c840'), ('49f11a2e45a48a7d7fbcc504fdd2973d004610eb336e528415147ecf8d748318',4,0,'7e485a3eaab9fd8ad9f86012fb33bec9e6953ca3e114b14e583fb9ed58f0e6da',536870912,0,1723711246,'207fffff','84d2628af2317fd791f7468b313d3c3dc87c6257d2d3fce2cb1cfb7d58c572ca'), ('31475fcb34846d9f603fbb0b3e2b01fb3eaaadcf57edbfb3f762dba3f7b8e7cd',110,0,'5f9955d5bc410b2fcbf427261a4d23e2c1e4bd839c295a34d51ef1f8b02c0d3c',536870912,0,1723711264,'207fffff','2413237c4e484d442b9bb1d6eb2ea3027582ef32e247a30c767e0d49a804a125'), ('43629e5c00af27826d00c0eda962e04421887c15373a525ba2c31df054e4b010',73,0,'125541c21fc7f7443a54ab74d4d9db3605d9b5d140b2ff94845aa15a70d787b0',536870912,1,1723711257,'207fffff','b9f2221e8cd465f430fb182d07a02efacb960130760ac69c54c0a5fec1c9f26a'), ('06b1268046acb71423a6dbc42c43d3426aae51e6ef5f4b71ff7f6046a2a6c7ec',80,0,'721d3d5263697d6cd0ecc0e6e464e48589743e7ba5985c9fd3e7f6474741c657',536870912,0,1723711259,'207fffff','153c87ddf68980ffa050b5320fd8ce95084f682d643ca727bd760decfebf0b07'), ('6dfb6091f04865c5cbab36c6703ad589ef1647b3b9f199284addc5fbb8549283',126,0,'1e24e11da9ab463ccfcccf3f1e7960fec827bec27a99dc9bcc563e53179c18bf',536870912,0,1723712044,'207fffff','0e3d11bfbcd129a5f6a574b6bac4c8e7c3c2ed5636bea0b90976ba37e15458c1'), ('1a9d60c9f56f9bcc55056084ed646308ecb56cf779d20026bf08c955a8970482',96,0,'709e50d61304f7a6a4dabd14edd4dc73ea0bca943f501ffb295d23cfbd827296',536870912,2,1723711261,'207fffff','efe2699ae43c04404f5a246b636109b4e34127a4aac7c8e499ef0ace9025f3dd'), ('57ca84b553921463b2a87c2b6f02b8d7b8d1b52ac6385b2b268876a37623b7bf',77,0,'692409162f5fdcced210140883aba87a174007828469472fd52395b182d8d578',536870912,0,1723711258,'207fffff','ae78fa683bc6c24953f4e8b4bdfb0dafcebed73940e7402bb57a3a37a61decf5'), ('24bf1f806088f94c75bfb372356a3bd64de0a7564b331df76b30497991d297e3',111,0,'31475fcb34846d9f603fbb0b3e2b01fb3eaaadcf57edbfb3f762dba3f7b8e7cd',536870912,0,1723711264,'207fffff','2839f663fd5a7eaa3cabeee714bc6f4e4188fe0c84fbbb8bcbc0c1e7d2ab6998'), ('2be1aa8b4c18abfb9246d74707b1567f58f2f0d7b579271705466284a61f3c81',13,0,'2d9850cd6ae4e8005803b76a396082dbcbfe6b1ca359d66e6306da50df73faf6',536870912,0,1723711247,'207fffff','aadd5ccc56ad31aebd91cd8f32f85ee48ee4bb0533bec83055b9b3c76c7256d9'), ('25d09b0d56966bb132f6408ff8184e42d5a9ce72431fa0da48ec916eb9088bfd',19,0,'6a9c47b72bf00034934774269bc6d3c0192dba419be588575970ac340e369aa9',536870912,0,1723711248,'207fffff','e8f52ca14e99f118fd698435663e124952e15ab93979f5ba4018b1ff70cf2c19'), ('18f9cb7ad5dbd612d585aa83d85052f6bbdda9052d17095297aa72c856fbdcec',101,0,'42b456d358ddda2bcbda32cca6b6cc16405aeb0277643e8c923ec80dc6e8204c',536870912,3,1723711262,'207fffff','00a2e16f4cb803442a75d6cd1a8926d71ae5dc7ccfba17fc1662f4915f6ccfa6'), ('64a535206a8f605623cb23f1201569f1baf489aedf22d529b1ad0664ce7fdcf9',123,0,'5bfa94a3afd340064ac7fddabf25e12eea8324cbc9e0cd0c1fbd5351779ce88f',536870912,0,1723711894,'207fffff','cca60e09aeedf3a2dc53717fc15dcdcd183af949c8e73bd3c595b53eab51c9f8'), ('23a56ca5f2a7f721994c18d3e47fad1cf9b24bbd2579f13b260415805fac2a97',37,0,'1d75e66f3462012ab9700b96867397c5379dfe466029b972f5c8e2f08ac0d80e',536870912,0,1723711251,'207fffff','14eb7fb8d0e137137503eb2f298c9202781574afcd3bec07931ac4f70cd4d8bb'), ('39ba426a3c448bf719fb07e20867c510f77cd880283f42c2f4f8e34183ddeb82',47,0,'05e2d929470cea41fb442cccff393a9445d7c01f3ee3eb4f440c3ef844908d57',536870912,0,1723711253,'207fffff','72a4befca5ce5424f4c50a235fd10e5a8ed0ab0ef1f81b2830ea196bac7a9f26'), ('38af1f8c806081bc918171016b5a06dfef9d83368524adcefe1e32f68759b01f',104,0,'5d9ba1e864787348eb8376a4187c68b38a57674f0e15641faabeedb1756c4109',536870912,0,1723711263,'207fffff','b3519f09549f5763072656963cf18905f742cd0c72bcc5964f7486fab901be65'), ('0f9188f13cb7b2c71f2a335e3a4fc328bf5beb436012afca590b1a11466e2206',0,0,'',1,2,1296688602,'207fffff','4a5e1e4baab89f3a32518a88c31bc87f618f76673e2cc77ab2127b7afdeda33b'), ('37bc062d1467236f657e8614e554b3253c919a82a81a4d44ca4d79da249921d1',124,0,'64a535206a8f605623cb23f1201569f1baf489aedf22d529b1ad0664ce7fdcf9',536870912,1,1723711900,'207fffff','b55fb78c6b230979bb492de8ef34d970643ce23f3f51e835dda42ed56dc9bb6a'), ('68da018480e39d40822768b1c889487eacae88bd860db89315d09acd773a26b5',106,0,'4051942e6c795dbe027242d11c1fd5d7836c8cced2bc200a320137952ab26fcb',536870912,1,1723711263,'207fffff','bad4ff7d293c2719494f3625f16c8024a5932ed9d4b54487baa66c9d3b3b68f1'), ('3afa83df1b9358a5c2a22b4cf2c2202896030a99690b1400d7a906b933073ec6',48,0,'39ba426a3c448bf719fb07e20867c510f77cd880283f42c2f4f8e34183ddeb82',536870912,0,1723711253,'207fffff','daabfab114f7efff8615c69e2b13c8fe716b09ad130f2272f70762dd53f76974'), ('2cde7e6feb785235e0869b8e795f99193841f138eeb87ba962e398e9b27e7b4f',43,0,'393cdae581f0d0dbba3c05cee04b222b9923b548d4e7e0a10ac6f2e150c6ff64',536870912,0,1723711252,'207fffff','0b0f71bff3927071f41fd698ceab829892b948ba555cce19ad4d22d8fce5f5fa'), ('48cc7e65753423599327b02bf6ef212dd7d95f5154697bcf56edbc2e87f916e0',138,0,'3f6bef4d4aba819ccfc23755c7e99dfd5c8213463c374a11f34b15a1abd195ea',536870912,0,1723717307,'207fffff','0dbc8f727e33870fb048512f92c8d7fd72667723400ab36c13c40cf67811e2d5'), ('50e6f2d3e48049f7ed700274dd42801442071cbf0e878cec9414df7efc891126',113,0,'13d0a972b2b521d87a9baa3b77156005a6f90504bcbbf351d4da1cf598f7496a',536870912,4,1723711328,'207fffff','d73a48948d2f16245416eb8fe3dd7612e3bdfd73e6654a7b0194458a98bbce83'), ('7c9fa8ec1054cf188bbfdf2e984fe83b58f5732629eacef3b0997c13886cba9d',32,0,'01520aa03dfd5e305b14eee2ede0e1fb95d82af33cc20226519fe32364eb1123',536870912,2,1723711251,'207fffff','eda353d97807057729e47de19542cf3e633ed31ffdd7591e4ebc2ac8bb43b336'), ('3237e5f79dee85ee0b44bd52d2915d73f40a5b0480fa1162c531c5f35e7e3f76',28,0,'14e389ee07ee55fb6d06b678e4a98c6ac4a6f74dd1042922535fc7d3edae9215',536870912,2,1723711250,'207fffff','aa44d740dc05bf330665dbbc83bd81cda09dc662063ec91781b35818444a5d1f'), ('13a0c78cea42fc43884358123d5df683f1fb572245d2eb69243ba14c6557173e',7,0,'3185171602f89e3744df28e5363171bb4cb5d264aa40501f047bdcda829148e2',536870912,1,1723711246,'207fffff','184c756104267aa213231226512fb29e1b08c31987405184a690ef43ca723955'), ('29f4e640cfc97a5561c6ab532eaaeeb5890e3b1eaaaf3a3acc2f2b69a0693b33',2,0,'4e59aad87a41cc1a15566066b78ea5b225530fca0d60e0308b78f1d72024e676',536870912,0,1723711245,'207fffff','2f21030d938662fe5627f0f7f80917e5224d69ec48f3e5619f9b3e3026f82c29'), ('057bccaea21e0edd73e0b8fd66fac8ae88c11eba0757946b0045566455fab649',34,0,'2d02407a02d973d03f6767fe259804a011653c98095eb5b4d50bfe445c1dbce4',536870912,2,1723711251,'207fffff','2e52544259de537c3023b82b0e7c45e055107c5ca39f1c995d27890e5aa60c8b'), ('463bc341c9b8e1337932791e8fecf20eaa1631093cc54026ff7e35b7c5b92255',70,0,'301194071f1a746ee1ee29166627588b97c9b29c98bbbcea13bab42d0060bc0e',536870912,2,1723711257,'207fffff','fe3853979259d0ac6d1d48bec45135daa218ae284189ea2d9d556641de1bf4bd'), ('59874717563ddc3269bc95e30ee1a4da364a29fa50a61db3b4e50f9b1592fdc8',5,0,'49f11a2e45a48a7d7fbcc504fdd2973d004610eb336e528415147ecf8d748318',536870912,3,1723711246,'207fffff','fe306afb19e7e87206b15f546705bd594713be164324072ccabef6fe14bb1e2b'), ('6cfe3cd9b65e3c921efef0552d05a8e027a8571f766c8cd0c3bcd519c8601af3',128,0,'671f4d3591613f725927d20ce3705cf0f65e3b36c9d125fec1b6fa5f2bb862c3',536870912,0,1723712226,'207fffff','921686c54fc5877332e63dad564cf6f8840e3d7f3aee8d802278bc6af2fea172'), ('507545c89d04daa3a6b9957f84f0713d55bc6fa0e6cec39b511c1cd9df2e18f3',45,0,'77a0da40c55643cdd74ccb580f33e85a51ce25e7be2343a3629b54535039bdd8',536870912,0,1723711253,'207fffff','b7fea6ff80f609cc0e28b248b4b1924406a8aefe588b792973531b5c99e75976'), ('1e0594a7755671f6f7577d9c83c739b3b7a2e6cf9dc8ee712275911a282183e2',98,0,'29c27debb5b6e03a71bf40d54967925c0cba2e43253f01ac830d6422b9dd7c34',536870912,0,1723711262,'207fffff','beef52ace2b2254ae475f9130cb9c82c3e5db13437dba04e9ce94c78ce666782'), ('01520aa03dfd5e305b14eee2ede0e1fb95d82af33cc20226519fe32364eb1123',31,0,'722a260aec115a9bfe91c9ec71e8e99554feabb100bf126c41202642198eb727',536870912,0,1723711250,'207fffff','a248876107e1f6e57a41eba69d45c1badcbb061f75e3ac7256468f2b1bbe924c'), ('225e0b49e5b3862055c2daa91af05e7721f611b1154d98f2534fee55d7290fd7',54,0,'32f8d642fa771d5cb9e75fc7fc9bdc4e41bede83dc2dbfa003f1b3adaf670fca',536870912,1,1723711254,'207fffff','a506a2c0548b4f5e7881492ad0816345c9f892c22fd88533f88c74584fd3b47c'), ('16246b73a1918df5f822cee6be93d4e80fadda84515dbdcbd2ab292b4ad0ec5c',119,0,'3132a7578a6cfeb9419833089caf834552e524d971e9f66daf302fc3d73db7e8',536870912,0,1723711568,'207fffff','2dea8b06da89cc997a8f303ded646d5b309bbdf4e14844c6e6fb37881af5cfb2'), ('09fcfb259dac70543a7a099588a03b01792a828f70f54f95f2f6d9ccfa3a3132',66,0,'4dab652f0980b7f6c8634315af35f191cbc4992734336791611607049749ad8f',536870912,1,1723711256,'207fffff','a624e601cfa7a16a12f007d47d7defc9c6f4bd902a63d8b1f699da2f8ffd181a'), ('13026436b4bdc233d6fb646fc8e4817413254e7a076b2236eb4a5da42243173c',74,0,'43629e5c00af27826d00c0eda962e04421887c15373a525ba2c31df054e4b010',536870912,3,1723711258,'207fffff','0c0457f0ad8b9dd6eaf5549ef3f7759cffe320befaa6390252e3b806391859c1'), ('77a0da40c55643cdd74ccb580f33e85a51ce25e7be2343a3629b54535039bdd8',44,0,'2cde7e6feb785235e0869b8e795f99193841f138eeb87ba962e398e9b27e7b4f',536870912,2,1723711253,'207fffff','59b18512102cca7c02395265df9991e45a40d77db9ac321482438177f5d34bd6'), ('5e6c6e74a0deda5245cfa173f9051eb6674928e4b549e5a21d55703d6e077ab1',15,0,'6ad8bf9a008e609bb38e46324e0781041e433feaa9a6e508ec651a113d8c91e6',536870912,1,1723711248,'207fffff','2b877df5df514d5c35990653826db43138010797b35b0d90bf51042ad670171a'), ('7e485a3eaab9fd8ad9f86012fb33bec9e6953ca3e114b14e583fb9ed58f0e6da',3,0,'29f4e640cfc97a5561c6ab532eaaeeb5890e3b1eaaaf3a3acc2f2b69a0693b33',536870912,1,1723711245,'207fffff','8440390642ae75a599d968d82f289239eb13c7ed357b81b131db315f7a532d73'), ('0f83f0ae5e1a0da058a9f18e774db7458d6f6e08a7d3ee6b4a1aa0235a5883dc',41,0,'29f456622f6322e2937b1a26df56dcd5f1128e5066ed9afb8b2e0afc95165a85',536870912,0,1723711252,'207fffff','bfbe61011b88a4c0c615f0638e57e4db9f3d243ab308cceebf04c7f72f90f1b2'), ('1f4079615b230ff996b7f7fc6b5b4233762242d1d9207bd3b0161a3feb6284f4',23,0,'6760c86f51f60589f2da6b85a2f9f62012884adc1ffffc289b23ea1781c89e2e',536870912,1,1723711249,'207fffff','abebb2b237d0cb09b68cfa73982fd0bc5759ae2692adcabb498e9a61f03691e7'), ('1ca808fd8cf7182a08e6b7a300ad309398378daa0b37c75513708db27ca70bee',25,0,'3cbd5c344a6f1a91a20457c15630d705a7b1ac41f1224c120ac597bbf380756b',536870912,6,1723711249,'207fffff','a29db67546dda0a7cabc34a7bd5e9a776d944618854ed862d84742cdc6ca19d3'), ('22f74fbb6d0c558b724f29b2105841f06e59c7e8563b96175681a64147d7248a',135,0,'2c70d4c36d242f260c20b9b46d00ede189f323590f90306a475530b9317d6041',536870912,1,1723716832,'207fffff','573aead4f62140976b2e5fc15942b7349f2c2ee3583fd767b437b320d1245987'), ('722a260aec115a9bfe91c9ec71e8e99554feabb100bf126c41202642198eb727',30,0,'55ca345515461f4becea2bfb80e9a7224980582589890da9305367803c61ce7b',536870912,0,1723711250,'207fffff','29fb3331a5770a6dd3181411c1ed0c1708245445e15753ca3ed672e1a125c626'), ('125541c21fc7f7443a54ab74d4d9db3605d9b5d140b2ff94845aa15a70d787b0',72,0,'032ea57a123f520d2be58da9f9687594a076b818b82157cfa446d9b15c409fae',536870912,0,1723711257,'207fffff','60d0c7fb5b2dbca65ef2dc76d07502c2e553d6369e4500bb7c4a21bbd8a340a2'), ('46c31f908f4d7c0c4fc5bb5c9e15ae88551a9e34e98f7e1a9cad534fd62c807e',94,0,'556e66d9e7e8efbd3bb57d538d1e117ea464b8f0e640ddc6b31133e75659e284',536870912,1,1723711261,'207fffff','bcc5d9159e585729efacaa4635569955267deebf4d8593240ea9e44757549e9d'), ('47f6f50e175496b35108cac9049324a0e672e806fff4f7226f87622bac9b18d4',85,0,'1abcd57179089a669919b2d4679f8946fb3d3c8cd1a54be97791a691560becb4',536870912,0,1723711259,'207fffff','b2644c9d04ecdec0e0452b0b847004dea76197676d856210ad25104e13c687c0'), ('2667148c4101f160dda3a0129c86c594fea1450359f49bbb8e5bd268bfb1cf34',90,0,'4eb4ac0837df0f8d961b4c3c5b7243a99df83562df52753e9da44b565945b18f',536870912,1,1723711260,'207fffff','58b60736058be8b722b32890adbd565480e780a0f7a41fcff5c0258ad387e6cb'), ('72f519b0ad48760c0284a1b4d0636fe5267e69761ab63d46f7a5e1f00a7f992e',60,0,'313727c3e8fe6ed03b35ee54ffe79533a1ccccda29dcb9ebf9150798553d1a39',536870912,3,1723711255,'207fffff','e7dad335de81339a984fc66057ff2a8952d865c32ca9ae5c2f5bccd7a67ad673'), ('313727c3e8fe6ed03b35ee54ffe79533a1ccccda29dcb9ebf9150798553d1a39',59,0,'6582d5b3e1effb80ead6eb5d4ad7e17ccde1853df3c43845c719790eea2ed08e',536870912,4,1723711255,'207fffff','a660ccee9c3a4ad6b56ef8321701504f6f54ca995853d4aa86f1ad2359dd32f1'), ('012c9051e9df22896098466b22163cb646f1d05711b485eb2621eb63f9f5b24e',62,0,'2f5073754ff81495f596a9ea09f822cbb3b8258b6d8a99ce5943651bc64aca50',536870912,0,1723711256,'207fffff','8c7245e7c7fdc52097f98a991976548ceeb3aacb3e3c96a26853f84c1c776759'), ('3a76c0748d945a0e8b87e8f0c2a64b22b3eac858b14faca57ee280e70532706c',131,0,'0269b210d7c985d1d8ac0b7ddd99a3cd813d858fa6a6d2f7b37918a07b40dfee',536870912,0,1723715912,'207fffff','989730b8eeb7fddda6bb344d3774b3f8a322cd19df6a40f7fb66292fc31b6cdf'), ('2f5073754ff81495f596a9ea09f822cbb3b8258b6d8a99ce5943651bc64aca50',61,0,'72f519b0ad48760c0284a1b4d0636fe5267e69761ab63d46f7a5e1f00a7f992e',536870912,1,1723711255,'207fffff','fb3c2f6febc30ff7e676ca95dc96f8b70fa1756951968b67953d877900b0185b'), ('52fb8bfe53b2a406815d7d0b22a0d0b97122d61e4bb56a26be51b33d9f316673',136,0,'22f74fbb6d0c558b724f29b2105841f06e59c7e8563b96175681a64147d7248a',536870912,0,1723717060,'207fffff','8384bf51914b0aa0b52e23976e3b3a732b3f6713de1b7523d68b4abe9470f551'), ('5f9955d5bc410b2fcbf427261a4d23e2c1e4bd839c295a34d51ef1f8b02c0d3c',109,0,'25e45f8860436d6194072c8c790782df22fd58fb174182e9e165f4bd6176c462',536870912,0,1723711263,'207fffff','65fa0240ef61c9becfa02e9a4e7bf14dec4cc643f224cc849106c3d9b2508fb7'), ('774b433e000afbcde3bccd9893e8aa835ff227e1e72c83203b0209f35c78c890',38,0,'23a56ca5f2a7f721994c18d3e47fad1cf9b24bbd2579f13b260415805fac2a97',536870912,2,1723711252,'207fffff','d93ae153e35e1c2bd7db901786ef04555e8ec367fb94b2129d8443ef30fa2161'), ('5892815696bf81b82627bfef9b8e35dbccea6f7ff81be35e57c638fe5e8a9336',78,0,'57ca84b553921463b2a87c2b6f02b8d7b8d1b52ac6385b2b268876a37623b7bf',536870912,2,1723711258,'207fffff','406a6f47f62ecb502b93332297a1c191b541ddfa02d412acc3f14ea7921025d7'), ('6760c86f51f60589f2da6b85a2f9f62012884adc1ffffc289b23ea1781c89e2e',22,0,'3b10ad1aef4247ae24292ad12355e8d9964e4715e9d002834fea13a82ccb3813',536870912,2,1723711249,'207fffff','32ed3c9cbb9d7c08ddd3800a4c3fa8fc4268e136424338d579fecfc314438883'), ('25325cb206fc5da885426a2d89f4d4dadba0cc403976ff7e94aaafc14699ca57',88,0,'4018f9bc483aa6571adcdcf65584a70295591ebccb8694425a17c6022193faaf',536870912,2,1723711260,'207fffff','d11cef51f422f8520acd1248cd563908114e0d81529aa8c453dfe62e3f6b7baa'), ('5d0325843fe289ecde232d951b339f0f7bca73a428a2dcd215d5da28e9a5b39c',68,0,'4bfb3758a701b5b053814b1aad6549dfc4984c276c22bb92692fa338e4e3486d',536870912,3,1723711257,'207fffff','c30eb45021ee8fb5aba0ff5456293452bca82a39335d246727c739b13d6f6bd2'), ('4e59aad87a41cc1a15566066b78ea5b225530fca0d60e0308b78f1d72024e676',1,0,'0f9188f13cb7b2c71f2a335e3a4fc328bf5beb436012afca590b1a11466e2206',536870912,1,1723711244,'207fffff','64c4db15d449d936cde1429815781b8654f4efc01ae495314ea37ae3908a655c'), ('4b78039e50b19493fbcc49ae002c0badfe5fdbd68bbb831f112bb7d25379d524',55,0,'225e0b49e5b3862055c2daa91af05e7721f611b1154d98f2534fee55d7290fd7',536870912,2,1723711254,'207fffff','2eaff11f8b43e28bc4193d3bc7decc0901c55ed53b795ef3925cee52aad367b6'), ('2acc9bb6e8e3465f6f3f8efd2dfc654d0184080c75af369a6dafb5ba150715f5',64,0,'52b64d19a5c33dd0916d82674989a2f88b22e00f63827410b610d1da62d1980b',536870912,0,1723711256,'207fffff','ae582ddb5c39cfc544aad2e40449811cca59ac4b3822744d0f0e295e45e44fd2'), ('5d9ba1e864787348eb8376a4187c68b38a57674f0e15641faabeedb1756c4109',103,0,'2734e979254c576c7fa090e1bbcfcf9f16ac1af4eeffad6e75fdba8e7448d3c4',536870912,0,1723711262,'207fffff','e3e95effa7258a568434d19d4c552e2511653ce3fb3c635156d2390a002ba59b'), ('09ca5efa08788dcb54df1240423be6e8e16f15f6894aeba6012331079a38f7e2',132,0,'3a76c0748d945a0e8b87e8f0c2a64b22b3eac858b14faca57ee280e70532706c',536870912,0,1723715917,'207fffff','0563fbcc0f6febf40578edd21fe4ac0623eed63ddd0dfa5dcf36f877006be21e'), ('1e24e11da9ab463ccfcccf3f1e7960fec827bec27a99dc9bcc563e53179c18bf',125,0,'37bc062d1467236f657e8614e554b3253c919a82a81a4d44ca4d79da249921d1',536870912,2,1723712039,'207fffff','6653dfe7a49dad1d3da7664d532de2e36b3579bb00fcb3084dcb59feb4a51a58'), ('52b64d19a5c33dd0916d82674989a2f88b22e00f63827410b610d1da62d1980b',63,0,'012c9051e9df22896098466b22163cb646f1d05711b485eb2621eb63f9f5b24e',536870912,2,1723711256,'207fffff','de7bb2b4b6d8fb9cf92fb26a6683cf37fa6ff54b4b430b9134658fb3a715ca08'), ('1d75e66f3462012ab9700b96867397c5379dfe466029b972f5c8e2f08ac0d80e',36,0,'69e5e63801592e8aadf3c1556c2964ca920d73ecca656d7057adba3b32f0f2d2',536870912,1,1723711251,'207fffff','e9ef99f93bf795e0c92a27df04120f10340faa2715ccbe8a3aaf0a07ba4efc13'), ('3514f2be750f505e6978b2b2a953c3612d0ecc33f527840c05206714e27d1a64',39,0,'774b433e000afbcde3bccd9893e8aa835ff227e1e72c83203b0209f35c78c890',536870912,6,1723711252,'207fffff','a550f7fe15f897ee3078648a07631124cb2e0afe7717e7643ef4d40182cc595e'), ('3132a7578a6cfeb9419833089caf834552e524d971e9f66daf302fc3d73db7e8',118,0,'1fc2574c22ba5bbeba67f3362df8ebbd6a3861b6591314b821548304108b9b71',536870912,1,1723711333,'207fffff','7f54b747992cb9d7df745b26eec77b379fb64b81ca8fc92319f1687ce4ae4b50'), ('0269b210d7c985d1d8ac0b7ddd99a3cd813d858fa6a6d2f7b37918a07b40dfee',130,0,'6f5cdddb066d43ce7670544b16bd871c0a69016819908aafe0f7cd41920c9d29',536870912,1,1723712482,'207fffff','1c1d3e84ce68e8b0d406761607ec2ebea9b99cd98997bb0c61477cee2b73692f'), ('3b10ad1aef4247ae24292ad12355e8d9964e4715e9d002834fea13a82ccb3813',21,0,'79c492c6e4be2dcf17d4f1ef9f91724a5bd436804d4bf6388f71fce8593fd0a5',536870912,4,1723711249,'207fffff','d32bb94c6dbb404d53dccf798007a284daed43bcb00401f6ec0bef3a4c57aaed'), ('753556f808ea5928a2ffd452f1a3d1da315989e812eed01e0afba982b638a8f8',92,0,'7d8c573b61aaf4068d3a678f991ff92514e3793e52059d95ed6604fd1890043b',536870912,0,1723711261,'207fffff','f3dd7085e1d9fa1348ab5afba7fc1c70677ef4633a088a428d742e899dd39a8f'), ('301194071f1a746ee1ee29166627588b97c9b29c98bbbcea13bab42d0060bc0e',69,0,'5d0325843fe289ecde232d951b339f0f7bca73a428a2dcd215d5da28e9a5b39c',536870912,0,1723711257,'207fffff','60c951de816f9ef23cf31151f3f8bedebd0b35729bdc01f9b70a3df73f0bf3c4'), ('3f6bef4d4aba819ccfc23755c7e99dfd5c8213463c374a11f34b15a1abd195ea',137,0,'52fb8bfe53b2a406815d7d0b22a0d0b97122d61e4bb56a26be51b33d9f316673',536870912,2,1723717065,'207fffff','8b25b8417d80c2bb796ee6798e4481e80e319ff6cb9ad7aeb3735ac18bf7e498'), ('1c61c11cd01f5acb03233eac581ee3a04ae4496fdb7ff58566da09d1e1c853b8',49,0,'3afa83df1b9358a5c2a22b4cf2c2202896030a99690b1400d7a906b933073ec6',536870912,0,1723711253,'207fffff','6e4313f4add03df80b23e6269e8f6f0c2023fec8ac1f4c26f67987f8607b1901'), ('45ea53ed57874bd650130223fd2e49e6a10f729eafc1f71947475e71bad2514a',116,0,'4228bfef68a7823943f49d98516a760b6f01cfce616b3bd84ec1d09d7402c813',536870912,0,1723711328,'207fffff','1a6c8bbac349ff89ad968ab117c8474c632b4caf61131e53e477efe0fb4e6466'), ('2d02407a02d973d03f6767fe259804a011653c98095eb5b4d50bfe445c1dbce4',33,0,'7c9fa8ec1054cf188bbfdf2e984fe83b58f5732629eacef3b0997c13886cba9d',536870912,2,1723711251,'207fffff','33f69845c0d27e44f651415a7d0d50d02a03087eace56d3e9521745f3fc022f1'), ('6a9c47b72bf00034934774269bc6d3c0192dba419be588575970ac340e369aa9',18,0,'4cfda87f3d849ea6280b6ab323243fb2d7eb67f851989b151be4dec4b55d4a69',536870912,1,1723711248,'207fffff','c1cc65685430b4b7b925c4f52885c4123621ea850b27480bcef94efb3ad046fc'), ('0093564b27e15b318aadb8981d8eec59b6762f2c166edb0d30a8b9b10d68eeb7',50,0,'1c61c11cd01f5acb03233eac581ee3a04ae4496fdb7ff58566da09d1e1c853b8',536870912,0,1723711254,'207fffff','1f1131595c3734eea87611311d1f60cbd0f1826d4429f07b145910369c76c96f'), ('692409162f5fdcced210140883aba87a174007828469472fd52395b182d8d578',76,0,'6be782332761f49f35bc8c59cc872995e701c3d728f1ed65532ad331e4918a41',536870912,0,1723711258,'207fffff','926a9a4435b5fc6a5c47d3a4291db78650bace39cd86e8dc109941828bff5254'), ('2d9850cd6ae4e8005803b76a396082dbcbfe6b1ca359d66e6306da50df73faf6',12,0,'134646d6d7ff2900220603889742532b8e905d7065d2118a24d4b58ee6c0576f',536870912,4,1723711247,'207fffff','27c8b21df34532bb7d37670ca9ff27cff607a2ff1962063d44acb7a0eb03f28b'), ('3e60e9f65e0a37f8953d3804515081ad5584e65403b667a76fda78936f478376',107,0,'68da018480e39d40822768b1c889487eacae88bd860db89315d09acd773a26b5',536870912,0,1723711263,'207fffff','6440aec553d05414f1174b11d6423368c1e2e71ff1938536d43202f31019babf'), ('6ad8bf9a008e609bb38e46324e0781041e433feaa9a6e508ec651a113d8c91e6',14,0,'2be1aa8b4c18abfb9246d74707b1567f58f2f0d7b579271705466284a61f3c81',536870912,2,1723711248,'207fffff','18139d47d017b13a80886653776ce4eaf4a4539d64ea0c6da25b084e8687ad01'), ('4bfb3758a701b5b053814b1aad6549dfc4984c276c22bb92692fa338e4e3486d',67,0,'09fcfb259dac70543a7a099588a03b01792a828f70f54f95f2f6d9ccfa3a3132',536870912,0,1723711256,'207fffff','09eeca003c07d11fb03dbf7d2e67449a03aed1699d2905dbe735d75d9afce773'), ('29f456622f6322e2937b1a26df56dcd5f1128e5066ed9afb8b2e0afc95165a85',40,0,'3514f2be750f505e6978b2b2a953c3612d0ecc33f527840c05206714e27d1a64',536870912,4,1723711252,'207fffff','d4183cb125a1324a6c1c26b8db0582fd04d0254a555925a07ffb70829cdde83d'), ('3cbd5c344a6f1a91a20457c15630d705a7b1ac41f1224c120ac597bbf380756b',24,0,'1f4079615b230ff996b7f7fc6b5b4233762242d1d9207bd3b0161a3feb6284f4',536870912,0,1723711249,'207fffff','a7696834b3c6b8e45537c7191b2a45e3532e09a99f6d5d2f3d43dca3c97997bf'), ('25e45f8860436d6194072c8c790782df22fd58fb174182e9e165f4bd6176c462',108,0,'3e60e9f65e0a37f8953d3804515081ad5584e65403b667a76fda78936f478376',536870912,0,1723711263,'207fffff','ea1bf5f15366ddad0dc027db8d8b14aaf11e2e9277bb17889d11416583634eff'), ('556e66d9e7e8efbd3bb57d538d1e117ea464b8f0e640ddc6b31133e75659e284',93,0,'753556f808ea5928a2ffd452f1a3d1da315989e812eed01e0afba982b638a8f8',536870912,0,1723711261,'207fffff','ab6f4407308d1d2a6b4de661ec1421a203b556b790858247ab33a3cf249d6ae4'), ('42b456d358ddda2bcbda32cca6b6cc16405aeb0277643e8c923ec80dc6e8204c',100,0,'449aa7877a9ada127926b8baa6b455cf72c1eb8fff66d951fce634fc045fb44e',536870912,0,1723711262,'207fffff','2df2119b7bedb7e9e975ab31e9089c7c3fb6f57aea0f2ef5f1083cd9787b5238'), ('4dab652f0980b7f6c8634315af35f191cbc4992734336791611607049749ad8f',65,0,'2acc9bb6e8e3465f6f3f8efd2dfc654d0184080c75af369a6dafb5ba150715f5',536870912,1,1723711256,'207fffff','cf35afa0093299ee3310eab9913040aa9e9f245f08e997776e395a1572f76add'), ('6f5cdddb066d43ce7670544b16bd871c0a69016819908aafe0f7cd41920c9d29',129,0,'6cfe3cd9b65e3c921efef0552d05a8e027a8571f766c8cd0c3bcd519c8601af3',536870912,0,1723712477,'207fffff','fcad424049900fbae54580020ccd435572ff13575331c0bf4bda8ca81250c55a'), ('393cdae581f0d0dbba3c05cee04b222b9923b548d4e7e0a10ac6f2e150c6ff64',42,0,'0f83f0ae5e1a0da058a9f18e774db7458d6f6e08a7d3ee6b4a1aa0235a5883dc',536870912,0,1723711252,'207fffff','a7c32d1205f9caf2fad005bd46ce4213a2e99b6d1b298b54ee0ed45053f967a9'), ('71f2b2014923b3cb491251407573360df1450f0632fba4af5fccb3de4edcc8df',9,0,'38b88c951db03bfea464d6b0aeca9873bcb91be75b06f0939f6cafc6c0db3c68',536870912,0,1723711247,'207fffff','c411cb412545d1472672bc51f6f32164fa1c145ba57d50a01757182e94a147c0'), ('1633335d546971d5367edb969a0bd2281618a59e6f39292aa48053ac1fdfc4c1',86,0,'47f6f50e175496b35108cac9049324a0e672e806fff4f7226f87622bac9b18d4',536870912,0,1723711260,'207fffff','dc15c81573d5657c872c863884fc684ae72fa584a0b30c08b2ccd57505a8eb46'), ('08467aedb98a462c2a86edebf738083c67c487710f134d4d095373dd9fdc749a',51,0,'0093564b27e15b318aadb8981d8eec59b6762f2c166edb0d30a8b9b10d68eeb7',536870912,4,1723711254,'207fffff','3c2ee965533798ca1e335bb4e32b0097b268fbbbf627d8346fe2619eb1a7be6a'), ('4eb4ac0837df0f8d961b4c3c5b7243a99df83562df52753e9da44b565945b18f',89,0,'25325cb206fc5da885426a2d89f4d4dadba0cc403976ff7e94aaafc14699ca57',536870912,2,1723711260,'207fffff','fdf57e5fa61e38aaa4e381ed764c2b7eee2e5b8248ee21f7920ecb16afb62ac4'), ('20608bd23d35c4ba20dfac32d73fd5fac43e0fa7365fb54add498d2f62cb4211',52,0,'08467aedb98a462c2a86edebf738083c67c487710f134d4d095373dd9fdc749a',536870912,0,1723711254,'207fffff','eedbfc3e74a6496a2431412ab529037d9b8ed6289cb963a6685899f5f81b7bf6'), ('6f7aa9feb3ae9fb122c5d69618ec0a0538f4234505bd565e7f81925180a8a68c',26,0,'1ca808fd8cf7182a08e6b7a300ad309398378daa0b37c75513708db27ca70bee',536870912,0,1723711250,'207fffff','2c33ce96101dd542eeb62fd9557302c3e955c1cf17298caa6ab8252349172257'), ('5bfa94a3afd340064ac7fddabf25e12eea8324cbc9e0cd0c1fbd5351779ce88f',122,0,'1242fd7e491c19010ad0693428fdc89a8e852f1b1a2e19dba898e969ce673e23',536870912,4,1723711735,'207fffff','6679349d8786973836bab52b11bd04dd2eea6f4fb2369eb403e68ec858d9aa0e'), ('032ea57a123f520d2be58da9f9687594a076b818b82157cfa446d9b15c409fae',71,0,'463bc341c9b8e1337932791e8fecf20eaa1631093cc54026ff7e35b7c5b92255',536870912,0,1723711257,'207fffff','9f30f40603869c917558371ef1bd2ad9cd84716ec1ce3a873dbb6b79ca1eecd8'), ('4018f9bc483aa6571adcdcf65584a70295591ebccb8694425a17c6022193faaf',87,0,'1633335d546971d5367edb969a0bd2281618a59e6f39292aa48053ac1fdfc4c1',536870912,0,1723711260,'207fffff','d20ab3813da026c9eb8d7f3c97aa33a15f05ad7fdaf073e124dceab7a5cf415f'), ('1242fd7e491c19010ad0693428fdc89a8e852f1b1a2e19dba898e969ce673e23',121,0,'0dff1033cf68709225c47a1f509ccebddeed38bea48793f64066ff53f0fee7b3',536870912,0,1723711730,'207fffff','28c08f6b9f9deee11b666ebc5910cfcad5bea60dd77a64492212a1aece3e56a7'), ('4228bfef68a7823943f49d98516a760b6f01cfce616b3bd84ec1d09d7402c813',115,0,'277fdac95361d3d78071b2ee48260b97666606f225933727a0d9f036dbb049c9',536870912,0,1723711328,'207fffff','f7d65962d2688a8927949114353d3bc7226e93a7d16ec4fb9a04c812b96afd18'), ('14e389ee07ee55fb6d06b678e4a98c6ac4a6f74dd1042922535fc7d3edae9215',27,0,'6f7aa9feb3ae9fb122c5d69618ec0a0538f4234505bd565e7f81925180a8a68c',536870912,2,1723711250,'207fffff','2ef9641afe072cf11ec445d0d879a0f81ccb436f3992d7cd6daca671e90984cf'), ('3185171602f89e3744df28e5363171bb4cb5d264aa40501f047bdcda829148e2',6,0,'59874717563ddc3269bc95e30ee1a4da364a29fa50a61db3b4e50f9b1592fdc8',536870912,0,1723711246,'207fffff','cb6fc60eded1122f76a31d23b60d405c7a513debdbc69ee18f6aeafe4927e113');
DROP TABLE IF EXISTS `indexers`;
CREATE TABLE `indexers` (
  `id` bigint unsigned NOT NULL AUTO_INCREMENT,
  `created_at` datetime(3),
  `updated_at` datetime(3),
  `deleted_at` datetime(3),
  `key` varchar(191),
  `value` longtext,
  PRIMARY KEY (`id`),
  KEY `idx_indexers_deleted_at` (`deleted_at`),
  UNIQUE KEY `idx_key` (`key`)
) ENGINE=InnoDB DEFAULT CHARSET=utf8mb4 COLLATE=utf8mb4_0900_bin;
INSERT INTO `indexers` (`id`,`created_at`,`updated_at`,`deleted_at`,`key`,`value`) VALUES (1,'2024-08-15 17:38:48.163','2024-08-15 17:38:48.174',NULL,'INDEXER_LAST_HEIGHT_KEY','139');
DROP TABLE IF EXISTS `transactions`;
CREATE TABLE `transactions` (
  `hash` varchar(191),
  `lock_time` int unsigned,
  `version` int,
  `safe` tinyint(1),
  `block_id` bigint unsigned,
  `block_hash` longtext,
  `block_height` bigint unsigned,
  `block_index` int unsigned,
  KEY `idx_hash` (`hash`),
  UNIQUE KEY `uni_transactions_hash` (`hash`)
) ENGINE=InnoDB DEFAULT CHARSET=utf8mb4 COLLATE=utf8mb4_0900_bin;
INSERT INTO `transactions` (`hash`,`lock_time`,`version`,`safe`,`block_id`,`block_hash`,`block_height`,`block_index`) VALUES ('2e52544259de537c3023b82b0e7c45e055107c5ca39f1c995d27890e5aa60c8b',0,2,0,0,'057bccaea21e0edd73e0b8fd66fac8ae88c11eba0757946b0045566455fab649',34,0), ('00a2e16f4cb803442a75d6cd1a8926d71ae5dc7ccfba17fc1662f4915f6ccfa6',0,2,0,0,'18f9cb7ad5dbd612d585aa83d85052f6bbdda9052d17095297aa72c856fbdcec',101,0), ('b0dc7c1e83e82775e2deb56eda05967cc6f312bf884962a106a852b02134006f',0,2,0,0,'721d3d5263697d6cd0ecc0e6e464e48589743e7ba5985c9fd3e7f6474741c657',79,0), ('cb6fc60eded1122f76a31d23b60d405c7a513debdbc69ee18f6aeafe4927e113',0,2,0,0,'3185171602f89e3744df28e5363171bb4cb5d264aa40501f047bdcda829148e2',6,0), ('e78a3fd26bd3d2907159783cfac174daf3e01a8e3a8dccd4397028b5b892cbb7',130,2,0,0,'3a76c0748d945a0e8b87e8f0c2a64b22b3eac858b14faca57ee280e70532706c',131,1), ('333412d88f205dbf0c6f3a7e488f076d99a619242fc775653961febfe944806d',0,2,0,0,'6f5cdddb066d43ce7670544b16bd871c0a69016819908aafe0f7cd41920c9d29',129,0), ('6c6bbcd0ac763b51cccd29e6d58d89628a835d96f258c153c39119f2432c1793',126,2,0,0,'671f4d3591613f725927d20ce3705cf0f65e3b36c9d125fec1b6fa5f2bb862c3',127,1), ('e7dad335de81339a984fc66057ff2a8952d865c32ca9ae5c2f5bccd7a67ad673',0,2,0,0,'72f519b0ad48760c0284a1b4d0636fe5267e69761ab63d46f7a5e1f00a7f992e',60,0), ('dc15c81573d5657c872c863884fc684ae72fa584a0b30c08b2ccd57505a8eb46',0,2,0,0,'1633335d546971d5367edb969a0bd2281618a59e6f39292aa48053ac1fdfc4c1',86,0), ('b38b18e437290fa2be43e68c4568ca01ec9dd996d761be391bb44c8416d567d7',0,2,0,0,'2734e979254c576c7fa090e1bbcfcf9f16ac1af4eeffad6e75fdba8e7448d3c4',102,0), ('b3519f09549f5763072656963cf18905f742cd0c72bcc5964f7486fab901be65',0,2,0,0,'38af1f8c806081bc918171016b5a06dfef9d83368524adcefe1e32f68759b01f',104,0), ('1a6c8bbac349ff89ad968ab117c8474c632b4caf61131e53e477efe0fb4e6466',0,2,0,0,'45ea53ed57874bd650130223fd2e49e6a10f729eafc1f71947475e71bad2514a',116,0), ('f3dd7085e1d9fa1348ab5afba7fc1c70677ef4633a088a428d742e899dd39a8f',0,2,0,0,'753556f808ea5928a2ffd452f1a3d1da315989e812eed01e0afba982b638a8f8',92,0), ('7a1d6a662282ab57fcd15f4ead9effc8f1cbfbc49ded10fc5a586d997863437e',0,2,0,0,'3f6bef4d4aba819ccfc23755c7e99dfd5c8213463c374a11f34b15a1abd195ea',137,0), ('9fa7bc6875b0f8df178a9f94e0b04f65cf40f4eaa28220fb06bc86fb944a0b6f',0,2,0,0,'38b88c951db03bfea464d6b0aeca9873bcb91be75b06f0939f6cafc6c0db3c68',8,0), ('6440aec553d05414f1174b11d6423368c1e2e71ff1938536d43202f31019babf',0,2,0,0,'3e60e9f65e0a37f8953d3804515081ad5584e65403b667a76fda78936f478376',107,0), ('a506a2c0548b4f5e7881492ad0816345c9f892c22fd88533f88c74584fd3b47c',0,2,0,0,'225e0b49e5b3862055c2daa91af05e7721f611b1154d98f2534fee55d7290fd7',54,0), ('1e84565ebe16c21344530529d5fea15d84549ca0fcbd56bc80168405c8b2c847',0,2,0,0,'6cfe3cd9b65e3c921efef0552d05a8e027a8571f766c8cd0c3bcd519c8601af3',128,1), ('2ef9641afe072cf11ec445d0d879a0f81ccb436f3992d7cd6daca671e90984cf',0,2,0,0,'14e389ee07ee55fb6d06b678e4a98c6ac4a6f74dd1042922535fc7d3edae9215',27,0), ('926a9a4435b5fc6a5c47d3a4291db78650bace39cd86e8dc109941828bff5254',0,2,0,0,'692409162f5fdcced210140883aba87a174007828469472fd52395b182d8d578',76,0), ('e7e5e028299fd86cdad1232c8f10969b4a9fc7a76971759f40966dd514818c21',0,2,0,0,'4cfda87f3d849ea6280b6ab323243fb2d7eb67f851989b151be4dec4b55d4a69',17,0), ('c30eb45021ee8fb5aba0ff5456293452bca82a39335d246727c739b13d6f6bd2',0,2,0,0,'5d0325843fe289ecde232d951b339f0f7bca73a428a2dcd215d5da28e9a5b39c',68,0), ('ff419a53bc5acf9d12b2a175c88bfef651793065cd56b007458e43b9eb0e1185',0,2,0,0,'3f6bef4d4aba819ccfc23755c7e99dfd5c8213463c374a11f34b15a1abd195ea',137,1), ('18139d47d017b13a80886653776ce4eaf4a4539d64ea0c6da25b084e8687ad01',0,2,0,0,'6ad8bf9a008e609bb38e46324e0781041e433feaa9a6e508ec651a113d8c91e6',14,0), ('1b4fc4d3f84547bad7e29fa72e007008081e45bb004efd9f8e0d1be5db5566f0',43,2,0,0,'24bf1f806088f94c75bfb372356a3bd64de0a7564b331df76b30497991d297e3',111,8), ('eedbfc3e74a6496a2431412ab529037d9b8ed6289cb963a6685899f5f81b7bf6',0,2,0,0,'20608bd23d35c4ba20dfac32d73fd5fac43e0fa7365fb54add498d2f62cb4211',52,0), ('d56a446c8335881bc210df7603fca26c1e02b83fa68d91174f43951de17e8fed',132,2,0,0,'4d5954d40691fc140f01e2a93bef8688f9b51d66b0c0d5cef0e1bd2fe8a65e48',133,1), ('6b4f698c0480375dc3a3a3089b128ada537d801dd0f90533de764887500181f6',0,2,0,0,'37bc062d1467236f657e8614e554b3253c919a82a81a4d44ca4d79da249921d1',124,0), ('abebb2b237d0cb09b68cfa73982fd0bc5759ae2692adcabb498e9a61f03691e7',0,2,0,0,'1f4079615b230ff996b7f7fc6b5b4233762242d1d9207bd3b0161a3feb6284f4',23,0), ('c125b3c1d99044309090cab2a86df0b739e7c5c961cb1221cf231f8c238e3c02',135,2,0,0,'52fb8bfe53b2a406815d7d0b22a0d0b97122d61e4bb56a26be51b33d9f316673',136,1), ('daa827ed25ac7e4bd7acc22891ca93c0864d6bea7acda2022cfe591d59cee80f',0,2,0,0,'6582d5b3e1effb80ead6eb5d4ad7e17ccde1853df3c43845c719790eea2ed08e',58,0), ('f5fb4be535e6d9118ce3ae38c32159022b65d53083eea4ee6da7b9c5df364dc9',0,2,0,0,'16246b73a1918df5f822cee6be93d4e80fadda84515dbdcbd2ab292b4ad0ec5c',119,0), ('58962c96f1b981a5fafbd64b3d44a8ac0922dee330a8211e73395681cf3588b2',0,2,0,0,'3132a7578a6cfeb9419833089caf834552e524d971e9f66daf302fc3d73db7e8',118,1), ('c90efae5b23c78aa9a7fdfe3a06e5ceb187b16853eae0c1fea6c4cc4f29dd3d0',110,2,0,0,'24bf1f806088f94c75bfb372356a3bd64de0a7564b331df76b30497991d297e3',111,6), ('27c8b21df34532bb7d37670ca9ff27cff607a2ff1962063d44acb7a0eb03f28b',0,2,0,0,'2d9850cd6ae4e8005803b76a396082dbcbfe6b1ca359d66e6306da50df73faf6',12,0), ('406a6f47f62ecb502b93332297a1c191b541ddfa02d412acc3f14ea7921025d7',0,2,0,0,'5892815696bf81b82627bfef9b8e35dbccea6f7ff81be35e57c638fe5e8a9336',78,0), ('72a4befca5ce5424f4c50a235fd10e5a8ed0ab0ef1f81b2830ea196bac7a9f26',0,2,0,0,'39ba426a3c448bf719fb07e20867c510f77cd880283f42c2f4f8e34183ddeb82',47,0), ('cf35afa0093299ee3310eab9913040aa9e9f245f08e997776e395a1572f76add',0,2,0,0,'4dab652f0980b7f6c8634315af35f191cbc4992734336791611607049749ad8f',65,0), ('cf9f72141211ad94343ac75237d649774584a274a573652947846a1143520710',0,2,0,0,'1242fd7e491c19010ad0693428fdc89a8e852f1b1a2e19dba898e969ce673e23',121,0), ('6988830a04215757a7424bd61e76942774db2f4080ab13ffa9cea3602b18797d',110,2,0,0,'24bf1f806088f94c75bfb372356a3bd64de0a7564b331df76b30497991d297e3',111,4), ('a660ccee9c3a4ad6b56ef8321701504f6f54ca995853d4aa86f1ad2359dd32f1',0,2,0,0,'313727c3e8fe6ed03b35ee54ffe79533a1ccccda29dcb9ebf9150798553d1a39',59,0), ('d4183cb125a1324a6c1c26b8db0582fd04d0254a555925a07ffb70829cdde83d',0,2,0,0,'29f456622f6322e2937b1a26df56dcd5f1128e5066ed9afb8b2e0afc95165a85',40,0), ('9473bc18e1b8f12d4ce8da8abddbde42622a6304b098a3792be6f12f68719c35',0,2,0,0,'4051942e6c795dbe027242d11c1fd5d7836c8cced2bc200a320137952ab26fcb',105,0), ('fb3c2f6febc30ff7e676ca95dc96f8b70fa1756951968b67953d877900b0185b',0,2,0,0,'2f5073754ff81495f596a9ea09f822cbb3b8258b6d8a99ce5943651bc64aca50',61,0), ('410c0e938cb1818e0614ab29ae7a38807571fda4a53fae0dbaa5fca75aa893ce',0,2,0,0,'1abcd57179089a669919b2d4679f8946fb3d3c8cd1a54be97791a691560becb4',84,0), ('39cbde25f9d2693346a3bc11bf942a1b1f551389a7f96a2d931fd354f0b8b07c',110,2,0,0,'24bf1f806088f94c75bfb372356a3bd64de0a7564b331df76b30497991d297e3',111,3), ('32ed3c9cbb9d7c08ddd3800a4c3fa8fc4268e136424338d579fecfc314438883',0,2,0,0,'6760c86f51f60589f2da6b85a2f9f62012884adc1ffffc289b23ea1781c89e2e',22,0), ('b8363366162e6969607ed2a7bee430584efb17e9fa44c628e95514c405d480ac',111,2,0,0,'13d0a972b2b521d87a9baa3b77156005a6f90504bcbbf351d4da1cf598f7496a',112,1), ('9bda5c7141b4ff48ff5546f99d53931da33e2216ed8c4bf0dfb7c8b5c7d3426e',0,2,0,0,'709e50d61304f7a6a4dabd14edd4dc73ea0bca943f501ffb295d23cfbd827296',95,0), ('64c4db15d449d936cde1429815781b8654f4efc01ae495314ea37ae3908a655c',0,2,0,0,'4e59aad87a41cc1a15566066b78ea5b225530fca0d60e0308b78f1d72024e676',1,0), ('df8396cbb60501fee088fad7b79403a4260562533e614eb0c9a34238772080a8',0,2,0,0,'32f8d642fa771d5cb9e75fc7fc9bdc4e41bede83dc2dbfa003f1b3adaf670fca',53,0), ('2413237c4e484d442b9bb1d6eb2ea3027582ef32e247a30c767e0d49a804a125',0,2,0,0,'31475fcb34846d9f603fbb0b3e2b01fb3eaaadcf57edbfb3f762dba3f7b8e7cd',110,0), ('34b1e5415fa57c282a67bf91ca9782892bea9e621040a9fe403e70cbce376911',118,2,0,0,'16246b73a1918df5f822cee6be93d4e80fadda84515dbdcbd2ab292b4ad0ec5c',119,1), ('60c951de816f9ef23cf31151f3f8bedebd0b35729bdc01f9b70a3df73f0bf3c4',0,2,0,0,'301194071f1a746ee1ee29166627588b97c9b29c98bbbcea13bab42d0060bc0e',69,0), ('8fa350d43f02532ffd99ac2e212436f0db9ee1a74450b6644bfe40ed47500b74',0,2,0,0,'449aa7877a9ada127926b8baa6b455cf72c1eb8fff66d951fce634fc045fb44e',99,0), ('c2dce1f6734c451c949ca11c16d9b24961ffa093b8796988039a154780a41b87',62,2,0,0,'64a535206a8f605623cb23f1201569f1baf489aedf22d529b1ad0664ce7fdcf9',123,1), ('f5682c7f0756048817618b5399e3c50ade630fa1557b1bd158395d7e36d1d1d2',0,2,0,0,'69e5e63801592e8aadf3c1556c2964ca920d73ecca656d7057adba3b32f0f2d2',35,0), ('d32bb94c6dbb404d53dccf798007a284daed43bcb00401f6ec0bef3a4c57aaed',0,2,0,0,'3b10ad1aef4247ae24292ad12355e8d9964e4715e9d002834fea13a82ccb3813',21,0), ('4034a64ffa3ad5dacc88d0d308ac23271c9514212870e22f41aa94893758331b',128,2,0,0,'6f5cdddb066d43ce7670544b16bd871c0a69016819908aafe0f7cd41920c9d29',129,1), ('d73a48948d2f16245416eb8fe3dd7612e3bdfd73e6654a7b0194458a98bbce83',0,2,0,0,'50e6f2d3e48049f7ed700274dd42801442071cbf0e878cec9414df7efc891126',113,0), ('dd3140a53766e066bb99ef4e387ab536979b44452c7294af0153de64d7c06882',0,2,0,0,'55ca345515461f4becea2bfb80e9a7224980582589890da9305367803c61ce7b',29,0), ('fdf57e5fa61e38aaa4e381ed764c2b7eee2e5b8248ee21f7920ecb16afb62ac4',0,2,0,0,'4eb4ac0837df0f8d961b4c3c5b7243a99df83562df52753e9da44b565945b18f',89,0), ('7ba48104b4e7e36d010497f402648c576b29b66f42e5792c2a400add970c33ed',0,2,0,0,'0dff1033cf68709225c47a1f509ccebddeed38bea48793f64066ff53f0fee7b3',120,1), ('fe306afb19e7e87206b15f546705bd594713be164324072ccabef6fe14bb1e2b',0,2,0,0,'59874717563ddc3269bc95e30ee1a4da364a29fa50a61db3b4e50f9b1592fdc8',5,0), ('4a5e1e4baab89f3a32518a88c31bc87f618f76673e2cc77ab2127b7afdeda33b',0,1,0,0,'0f9188f13cb7b2c71f2a335e3a4fc328bf5beb436012afca590b1a11466e2206',0,0), ('153c87ddf68980ffa050b5320fd8ce95084f682d643ca727bd760decfebf0b07',0,2,0,0,'06b1268046acb71423a6dbc42c43d3426aae51e6ef5f4b71ff7f6046a2a6c7ec',80,0), ('60d0c7fb5b2dbca65ef2dc76d07502c2e553d6369e4500bb7c4a21bbd8a340a2',0,2,0,0,'125541c21fc7f7443a54ab74d4d9db3605d9b5d140b2ff94845aa15a70d787b0',72,0), ('21fa916a88c3b2101f7b8ccac803f49ab7936fedc22e36f4ad46bfb4d92e73d2',110,2,0,0,'24bf1f806088f94c75bfb372356a3bd64de0a7564b331df76b30497991d297e3',111,7), ('84d2628af2317fd791f7468b313d3c3dc87c6257d2d3fce2cb1cfb7d58c572ca',0,2,0,0,'49f11a2e45a48a7d7fbcc504fdd2973d004610eb336e528415147ecf8d748318',4,0), ('4223ed8f75b3f04152ecbe70fc35949e5411b3419521a9383dfb5665cd3f13df',0,2,0,0,'6cfe3cd9b65e3c921efef0552d05a8e027a8571f766c8cd0c3bcd519c8601af3',128,0), ('1f4987ee33d309b2ad7e1d1e4ede08cf817052840663eb1a890b936a3f0dbf96',0,2,0,0,'64a535206a8f605623cb23f1201569f1baf489aedf22d529b1ad0664ce7fdcf9',123,0), ('6a9738afad6422829bb9a86e24ddbee8eb73dfa74d49d4553bd53e7ac3a79022',0,2,0,0,'2fa550819fd3553100ff04cd37101739cbcc6a31ccae283db327e6c60bca8916',16,0), ('3c0995475cb14be31328ab7631dc3f7e4559c891459b29cf9caafd9b3d696485',0,2,0,0,'09ca5efa08788dcb54df1240423be6e8e16f15f6894aeba6012331079a38f7e2',132,1), ('0b0f71bff3927071f41fd698ceab829892b948ba555cce19ad4d22d8fce5f5fa',0,2,0,0,'2cde7e6feb785235e0869b8e795f99193841f138eeb87ba962e398e9b27e7b4f',43,0), ('2f21030d938662fe5627f0f7f80917e5224d69ec48f3e5619f9b3e3026f82c29',0,2,0,0,'29f4e640cfc97a5561c6ab532eaaeeb5890e3b1eaaaf3a3acc2f2b69a0693b33',2,0), ('90f62515a96ef3722d9bb062ea0d0d905034a4f59ef5126b001af474d38746db',0,2,0,0,'3132a7578a6cfeb9419833089caf834552e524d971e9f66daf302fc3d73db7e8',118,0), ('d11cef51f422f8520acd1248cd563908114e0d81529aa8c453dfe62e3f6b7baa',0,2,0,0,'25325cb206fc5da885426a2d89f4d4dadba0cc403976ff7e94aaafc14699ca57',88,0), ('bee88e4d4b9fe23920c5abb1e05b08d06c5cd43484cfe5f038ad373cc491af4b',0,2,0,0,'5bfa94a3afd340064ac7fddabf25e12eea8324cbc9e0cd0c1fbd5351779ce88f',122,0), ('2c33ce96101dd542eeb62fd9557302c3e955c1cf17298caa6ab8252349172257',0,2,0,0,'6f7aa9feb3ae9fb122c5d69618ec0a0538f4234505bd565e7f81925180a8a68c',26,0), ('ab6f4407308d1d2a6b4de661ec1421a203b556b790858247ab33a3cf249d6ae4',0,2,0,0,'556e66d9e7e8efbd3bb57d538d1e117ea464b8f0e640ddc6b31133e75659e284',93,0), ('428ac779b02094ae4009626d0b5e03727bec57a44207e025fbe8a641a9d9cb82',0,2,0,0,'2b536d65b8bc08a1b1cdea08c1a02c33e339f3f93c99ba1db3d4d0c6ae849760',139,1), ('c1cc65685430b4b7b925c4f52885c4123621ea850b27480bcef94efb3ad046fc',0,2,0,0,'6a9c47b72bf00034934774269bc6d3c0192dba419be588575970ac340e369aa9',18,0), ('2b877df5df514d5c35990653826db43138010797b35b0d90bf51042ad670171a',0,2,0,0,'5e6c6e74a0deda5245cfa173f9051eb6674928e4b549e5a21d55703d6e077ab1',15,0), ('8c7245e7c7fdc52097f98a991976548ceeb3aacb3e3c96a26853f84c1c776759',0,2,0,0,'012c9051e9df22896098466b22163cb646f1d05711b485eb2621eb63f9f5b24e',62,0), ('aa44d740dc05bf330665dbbc83bd81cda09dc662063ec91781b35818444a5d1f',0,2,0,0,'3237e5f79dee85ee0b44bd52d2915d73f40a5b0480fa1162c531c5f35e7e3f76',28,0), ('f7d65962d2688a8927949114353d3bc7226e93a7d16ec4fb9a04c812b96afd18',0,2,0,0,'4228bfef68a7823943f49d98516a760b6f01cfce616b3bd84ec1d09d7402c813',115,0), ('607ba0a7260a4feea0d7a8123f5103e99452e16579153ec667818dca6bbf48a6',0,2,0,0,'0269b210d7c985d1d8ac0b7ddd99a3cd813d858fa6a6d2f7b37918a07b40dfee',130,0), ('ab59c1dd7f04a8dedac918f314db688f5c047f96cc6f7435bfb07e5b4456b2be',124,2,0,0,'1e24e11da9ab463ccfcccf3f1e7960fec827bec27a99dc9bcc563e53179c18bf',125,1), ('a5c1fcf58144900e86fa9f50fd060ee892a09c2ce8948b279daaa4600ef5c840',0,2,0,0,'1fc2574c22ba5bbeba67f3362df8ebbd6a3861b6591314b821548304108b9b71',117,0), ('c3775672b925b7173dea8d9da5fc6db5b214658091de31818fee38701f6819a3',0,2,0,0,'22f74fbb6d0c558b724f29b2105841f06e59c7e8563b96175681a64147d7248a',135,1), ('f72c1e80a1d6ddc296b558b47806e46f3b60457071fd718f52700d8da722f7f5',0,2,0,0,'277fdac95361d3d78071b2ee48260b97666606f225933727a0d9f036dbb049c9',114,0), ('0c0457f0ad8b9dd6eaf5549ef3f7759cffe320befaa6390252e3b806391859c1',0,2,0,0,'13026436b4bdc233d6fb646fc8e4817413254e7a076b2236eb4a5da42243173c',74,0), ('38262dffc3c2654397c0799fa0312929c900cad5386eef6e0057568592392f7c',0,2,0,0,'134646d6d7ff2900220603889742532b8e905d7065d2118a24d4b58ee6c0576f',11,0), ('a6784ec7a29035e03886a22c71df3725da22d5ec4539ebdaa9020688f80be28f',110,2,0,0,'24bf1f806088f94c75bfb372356a3bd64de0a7564b331df76b30497991d297e3',111,5), ('b7fea6ff80f609cc0e28b248b4b1924406a8aefe588b792973531b5c99e75976',0,2,0,0,'507545c89d04daa3a6b9957f84f0713d55bc6fa0e6cec39b511c1cd9df2e18f3',45,0), ('58b60736058be8b722b32890adbd565480e780a0f7a41fcff5c0258ad387e6cb',0,2,0,0,'2667148c4101f160dda3a0129c86c594fea1450359f49bbb8e5bd268bfb1cf34',90,0), ('ea1bf5f15366ddad0dc027db8d8b14aaf11e2e9277bb17889d11416583634eff',0,2,0,0,'25e45f8860436d6194072c8c790782df22fd58fb174182e9e165f4bd6176c462',108,0), ('7736b81461897cc3bda8a482e95776ca0483d23f8dc82678e772ade702df4679',0,2,0,0,'7d8c573b61aaf4068d3a678f991ff92514e3793e52059d95ed6604fd1890043b',91,0), ('cd6ab98dfe264c7c5cbbc46625453ced9b69c2b59dfc91efe688576408d18f41',0,2,0,0,'24bf1f806088f94c75bfb372356a3bd64de0a7564b331df76b30497991d297e3',111,0), ('acd77c4dbd8d43d508799f0a7e7cdad5cded13da68b7ccb1616a5e7ac20ab09a',0,2,0,0,'5bfa94a3afd340064ac7fddabf25e12eea8324cbc9e0cd0c1fbd5351779ce88f',122,1), ('1f1131595c3734eea87611311d1f60cbd0f1826d4429f07b145910369c76c96f',0,2,0,0,'0093564b27e15b318aadb8981d8eec59b6762f2c166edb0d30a8b9b10d68eeb7',50,0), ('7fedd6158ae794fd3342f6032207f86123ca99a27bdbdbebc64e54104b4e697c',0,2,0,0,'7fbc84320d66c99946fdc95c3eb95a630d0eaf2ff56838485302ac011405b479',83,0), ('c26b2a2e00a5e371b161144f9c35ac7832e88ce03dde02112bfddeeac576dfa0',0,2,0,0,'2c70d4c36d242f260c20b9b46d00ede189f323590f90306a475530b9317d6041',134,0), ('d93ae153e35e1c2bd7db901786ef04555e8ec367fb94b2129d8443ef30fa2161',0,2,0,0,'774b433e000afbcde3bccd9893e8aa835ff227e1e72c83203b0209f35c78c890',38,0), ('fe3853979259d0ac6d1d48bec45135daa218ae284189ea2d9d556641de1bf4bd',0,2,0,0,'463bc341c9b8e1337932791e8fecf20eaa1631093cc54026ff7e35b7c5b92255',70,0), ('2aa5c99bedf003844e1545bf97f613af88490c283017708bd1c3e4b81a4fd63d',0,2,0,0,'3a76c0748d945a0e8b87e8f0c2a64b22b3eac858b14faca57ee280e70532706c',131,0), ('a248876107e1f6e57a41eba69d45c1badcbb061f75e3ac7256468f2b1bbe924c',0,2,0,0,'01520aa03dfd5e305b14eee2ede0e1fb95d82af33cc20226519fe32364eb1123',31,0), ('eda353d97807057729e47de19542cf3e633ed31ffdd7591e4ebc2ac8bb43b336',0,2,0,0,'7c9fa8ec1054cf188bbfdf2e984fe83b58f5732629eacef3b0997c13886cba9d',32,0), ('9f30f40603869c917558371ef1bd2ad9cd84716ec1ce3a873dbb6b79ca1eecd8',0,2,0,0,'032ea57a123f520d2be58da9f9687594a076b818b82157cfa446d9b15c409fae',71,0), ('f57a4cb921fc9e47d98264f10b8183f6a01b7d026847273d6762716f4cc27211',110,2,0,0,'24bf1f806088f94c75bfb372356a3bd64de0a7564b331df76b30497991d297e3',111,1), ('c2b5366d626769f6d7ee32d58c7871fab6913ea5f50de68bae5c311539671529',137,2,0,0,'48cc7e65753423599327b02bf6ef212dd7d95f5154697bcf56edbc2e87f916e0',138,1), ('a7696834b3c6b8e45537c7191b2a45e3532e09a99f6d5d2f3d43dca3c97997bf',0,2,0,0,'3cbd5c344a6f1a91a20457c15630d705a7b1ac41f1224c120ac597bbf380756b',24,0), ('184c756104267aa213231226512fb29e1b08c31987405184a690ef43ca723955',0,2,0,0,'13a0c78cea42fc43884358123d5df683f1fb572245d2eb69243ba14c6557173e',7,0), ('5e661cf3e40c0f2ec92878eadb383abe9eaa537548dd5ed84cfca4a67fc3bc10',120,2,0,0,'1242fd7e491c19010ad0693428fdc89a8e852f1b1a2e19dba898e969ce673e23',121,1), ('a7c32d1205f9caf2fad005bd46ce4213a2e99b6d1b298b54ee0ed45053f967a9',0,2,0,0,'393cdae581f0d0dbba3c05cee04b222b9923b548d4e7e0a10ac6f2e150c6ff64',42,0), ('6e4313f4add03df80b23e6269e8f6f0c2023fec8ac1f4c26f67987f8607b1901',0,2,0,0,'1c61c11cd01f5acb03233eac581ee3a04ae4496fdb7ff58566da09d1e1c853b8',49,0), ('63b03e7ef1918594fa34a125a90de5b293c209ae10e40436bca19e972b9c113e',0,2,0,0,'4d5954d40691fc140f01e2a93bef8688f9b51d66b0c0d5cef0e1bd2fe8a65e48',133,0), ('e8ffb71a1fe7878b84a0bf9e5300a5279ca48ddb0101d9ef13d2c7e8bdf64204',0,2,0,0,'13d0a972b2b521d87a9baa3b77156005a6f90504bcbbf351d4da1cf598f7496a',112,0), ('ae78fa683bc6c24953f4e8b4bdfb0dafcebed73940e7402bb57a3a37a61decf5',0,2,0,0,'57ca84b553921463b2a87c2b6f02b8d7b8d1b52ac6385b2b268876a37623b7bf',77,0), ('59b18512102cca7c02395265df9991e45a40d77db9ac321482438177f5d34bd6',0,2,0,0,'77a0da40c55643cdd74ccb580f33e85a51ce25e7be2343a3629b54535039bdd8',44,0), ('649535f130ac8c2d2ce408e4f56ac4800e4c3bfc5d173006d6730c4c455aec7c',0,2,0,0,'22f74fbb6d0c558b724f29b2105841f06e59c7e8563b96175681a64147d7248a',135,0), ('c411cb412545d1472672bc51f6f32164fa1c145ba57d50a01757182e94a147c0',0,2,0,0,'71f2b2014923b3cb491251407573360df1450f0632fba4af5fccb3de4edcc8df',9,0), ('29fb3331a5770a6dd3181411c1ed0c1708245445e15753ca3ed672e1a125c626',0,2,0,0,'722a260aec115a9bfe91c9ec71e8e99554feabb100bf126c41202642198eb727',30,0), ('2eaff11f8b43e28bc4193d3bc7decc0901c55ed53b795ef3925cee52aad367b6',0,2,0,0,'4b78039e50b19493fbcc49ae002c0badfe5fdbd68bbb831f112bb7d25379d524',55,0), ('a29db67546dda0a7cabc34a7bd5e9a776d944618854ed862d84742cdc6ca19d3',0,2,0,0,'1ca808fd8cf7182a08e6b7a300ad309398378daa0b37c75513708db27ca70bee',25,0), ('efe2699ae43c04404f5a246b636109b4e34127a4aac7c8e499ef0ace9025f3dd',0,2,0,0,'1a9d60c9f56f9bcc55056084ed646308ecb56cf779d20026bf08c955a8970482',96,0), ('ccb454a0308c550ef19941a9542a1b213f7b2c783637041f0ea8e531e060b79b',0,2,0,0,'6dfb6091f04865c5cbab36c6703ad589ef1647b3b9f199284addc5fbb8549283',126,0), ('17322eb5b7960e52dc5d16fe2751d7656de1365f442df55f8d7f1446300be6b0',0,2,0,0,'0dff1033cf68709225c47a1f509ccebddeed38bea48793f64066ff53f0fee7b3',120,0), ('4850ead20c12105d787fdd706659608e84e6cd81f617c37063d9cc508d2b3c17',0,2,0,0,'4c1bf69a64d25818cecd9aebc7a9cd38cb6262ca9d71a05b8ca8e926ccc7f4f8',81,0), ('bad4ff7d293c2719494f3625f16c8024a5932ed9d4b54487baa66c9d3b3b68f1',0,2,0,0,'68da018480e39d40822768b1c889487eacae88bd860db89315d09acd773a26b5',106,0), ('03600b80872e8f0a5db444d82922dc18b424724ceccdc1291202250935ce526c',0,2,0,0,'1e24e11da9ab463ccfcccf3f1e7960fec827bec27a99dc9bcc563e53179c18bf',125,0), ('5fd035933042d955926cd8625dab660acc9380c82b7a99a3c785bb70e783350f',0,2,0,0,'05e2d929470cea41fb442cccff393a9445d7c01f3ee3eb4f440c3ef844908d57',46,0), ('9b57374c1e9eae1fd58b9c8b0b678cc8601c122c8616d335d164cb1eb72c7aa5',0,2,0,0,'6dfb6091f04865c5cbab36c6703ad589ef1647b3b9f199284addc5fbb8549283',126,1), ('e0f028d7deada31c9af0b22dcf465c94909e4e94459ad979a749d56113c3074a',0,2,0,0,'7c5c26475e4cd8d024d35a2d018e8846903a7188a1b262af31e273d877061770',10,0), ('d4611d3ac328a840dc0e7aea5b509fcab158671fe6fc255394e5c20baa555dd1',0,2,0,0,'09ca5efa08788dcb54df1240423be6e8e16f15f6894aeba6012331079a38f7e2',132,0), ('b9f2221e8cd465f430fb182d07a02efacb960130760ac69c54c0a5fec1c9f26a',0,2,0,0,'43629e5c00af27826d00c0eda962e04421887c15373a525ba2c31df054e4b010',73,0), ('e3e95effa7258a568434d19d4c552e2511653ce3fb3c635156d2390a002ba59b',0,2,0,0,'5d9ba1e864787348eb8376a4187c68b38a57674f0e15641faabeedb1756c4109',103,0), ('f42eef5dc7362823397dab687d491cdda8e20577d43d58c3b7764bb432e1c4cc',0,2,0,0,'2b536d65b8bc08a1b1cdea08c1a02c33e339f3f93c99ba1db3d4d0c6ae849760',139,0), ('6ead96b268b008e7c6eb9f1a9fc0277d4eab6f3dd112ff8d20dd05f0ac547c4d',0,2,0,0,'79c492c6e4be2dcf17d4f1ef9f91724a5bd436804d4bf6388f71fce8593fd0a5',20,0), ('b2644c9d04ecdec0e0452b0b847004dea76197676d856210ad25104e13c687c0',0,2,0,0,'47f6f50e175496b35108cac9049324a0e672e806fff4f7226f87622bac9b18d4',85,0), ('ae582ddb5c39cfc544aad2e40449811cca59ac4b3822744d0f0e295e45e44fd2',0,2,0,0,'2acc9bb6e8e3465f6f3f8efd2dfc654d0184080c75af369a6dafb5ba150715f5',64,0), ('2df2119b7bedb7e9e975ab31e9089c7c3fb6f57aea0f2ef5f1083cd9787b5238',0,2,0,0,'42b456d358ddda2bcbda32cca6b6cc16405aeb0277643e8c923ec80dc6e8204c',100,0), ('fddba5e089fa2418aa52450e0421899e46b66ab11e7a6f73318a7a1088d110d1',125,2,0,0,'2c70d4c36d242f260c20b9b46d00ede189f323590f90306a475530b9317d6041',134,1), ('09eeca003c07d11fb03dbf7d2e67449a03aed1699d2905dbe735d75d9afce773',0,2,0,0,'4bfb3758a701b5b053814b1aad6549dfc4984c276c22bb92692fa338e4e3486d',67,0), ('beef52ace2b2254ae475f9130cb9c82c3e5db13437dba04e9ce94c78ce666782',0,2,0,0,'1e0594a7755671f6f7577d9c83c739b3b7a2e6cf9dc8ee712275911a282183e2',98,0), ('14eb7fb8d0e137137503eb2f298c9202781574afcd3bec07931ac4f70cd4d8bb',0,2,0,0,'23a56ca5f2a7f721994c18d3e47fad1cf9b24bbd2579f13b260415805fac2a97',37,0), ('e9ef99f93bf795e0c92a27df04120f10340faa2715ccbe8a3aaf0a07ba4efc13',0,2,0,0,'1d75e66f3462012ab9700b96867397c5379dfe466029b972f5c8e2f08ac0d80e',36,0), ('4c45a3461dd09ad45c8fe6b4dd023a53a5e3318f81375fd1561a1cff95698770',0,2,0,0,'57198422c39f499c5ea83ee6bbede315d0e494a90ff35b9f24c884e3d101fe43',82,0), ('3c2ee965533798ca1e335bb4e32b0097b268fbbbf627d8346fe2619eb1a7be6a',0,2,0,0,'08467aedb98a462c2a86edebf738083c67c487710f134d4d095373dd9fdc749a',51,0), ('e8f52ca14e99f118fd698435663e124952e15ab93979f5ba4018b1ff70cf2c19',0,2,0,0,'25d09b0d56966bb132f6408ff8184e42d5a9ce72431fa0da48ec916eb9088bfd',19,0), ('da309477cda5aa8ff52b44eb87e7baee64737b038819786dcb6a950152836806',0,2,0,0,'48cc7e65753423599327b02bf6ef212dd7d95f5154697bcf56edbc2e87f916e0',138,0), ('5c14b3758872618fa628728590efec5fb02b49370b8ba5b1be19178926730e34',0,2,0,0,'6be782332761f49f35bc8c59cc872995e701c3d728f1ed65532ad331e4918a41',75,0), ('8440390642ae75a599d968d82f289239eb13c7ed357b81b131db315f7a532d73',0,2,0,0,'7e485a3eaab9fd8ad9f86012fb33bec9e6953ca3e114b14e583fb9ed58f0e6da',3,0), ('a624e601cfa7a16a12f007d47d7defc9c6f4bd902a63d8b1f699da2f8ffd181a',0,2,0,0,'09fcfb259dac70543a7a099588a03b01792a828f70f54f95f2f6d9ccfa3a3132',66,0), ('daabfab114f7efff8615c69e2b13c8fe716b09ad130f2272f70762dd53f76974',0,2,0,0,'3afa83df1b9358a5c2a22b4cf2c2202896030a99690b1400d7a906b933073ec6',48,0), ('de7bb2b4b6d8fb9cf92fb26a6683cf37fa6ff54b4b430b9134658fb3a715ca08',0,2,0,0,'52b64d19a5c33dd0916d82674989a2f88b22e00f63827410b610d1da62d1980b',63,0), ('73df963ebf035ceb00914e7f8d0e89e5098f58301306db18bafe6dd6a0931966',0,2,0,0,'5bbeca82710867c693348de2852012a3cf0cce42feb4c312861237cf4b781bf1',56,0), ('bcc5d9159e585729efacaa4635569955267deebf4d8593240ea9e44757549e9d',0,2,0,0,'46c31f908f4d7c0c4fc5bb5c9e15ae88551a9e34e98f7e1a9cad534fd62c807e',94,0), ('ed399d11519e39c715e09460c779d678700feadc2148071b152600318244f75e',110,2,0,0,'24bf1f806088f94c75bfb372356a3bd64de0a7564b331df76b30497991d297e3',111,2), ('a550f7fe15f897ee3078648a07631124cb2e0afe7717e7643ef4d40182cc595e',0,2,0,0,'3514f2be750f505e6978b2b2a953c3612d0ecc33f527840c05206714e27d1a64',39,0), ('e9cf86aef00dfb807dd19400152eccab841db7da6b31ad716aaf163cf6251d39',0,2,0,0,'625a8a305489f0dace6d21612bad7cf96329699dfa90e530cd3bf1d3b763a2ac',57,0), ('aadd5ccc56ad31aebd91cd8f32f85ee48ee4bb0533bec83055b9b3c76c7256d9',0,2,0,0,'2be1aa8b4c18abfb9246d74707b1567f58f2f0d7b579271705466284a61f3c81',13,0), ('d306ce780ba1ead1584c511a0e8ab4e8f994e5170897e1ead17e554c3b665f89',0,2,0,0,'29c27debb5b6e03a71bf40d54967925c0cba2e43253f01ac830d6422b9dd7c34',97,0), ('73ec8431e09fa6f6375f4acb4ac7323b094e92396f847973f2c82fbcfc8aec78',0,2,0,0,'37bc062d1467236f657e8614e554b3253c919a82a81a4d44ca4d79da249921d1',124,1), ('bfbe61011b88a4c0c615f0638e57e4db9f3d243ab308cceebf04c7f72f90f1b2',0,2,0,0,'0f83f0ae5e1a0da058a9f18e774db7458d6f6e08a7d3ee6b4a1aa0235a5883dc',41,0), ('33f69845c0d27e44f651415a7d0d50d02a03087eace56d3e9521745f3fc022f1',0,2,0,0,'2d02407a02d973d03f6767fe259804a011653c98095eb5b4d50bfe445c1dbce4',33,0), ('65fa0240ef61c9becfa02e9a4e7bf14dec4cc643f224cc849106c3d9b2508fb7',0,2,0,0,'5f9955d5bc410b2fcbf427261a4d23e2c1e4bd839c295a34d51ef1f8b02c0d3c',109,0), ('96656cdb0e0d2dbabe940805182f40d87289f1825dd79f6e088ca6dd162e212b',0,2,0,0,'671f4d3591613f725927d20ce3705cf0f65e3b36c9d125fec1b6fa5f2bb862c3',127,0), ('d20ab3813da026c9eb8d7f3c97aa33a15f05ad7fdaf073e124dceab7a5cf415f',0,2,0,0,'4018f9bc483aa6571adcdcf65584a70295591ebccb8694425a17c6022193faaf',87,0), ('58f46c471849e72610c369e5263a0ade230b3f0a2d664215b046c94893d597c5',0,2,0,0,'0269b210d7c985d1d8ac0b7ddd99a3cd813d858fa6a6d2f7b37918a07b40dfee',130,1), ('2e828ee3c4084d33c687b035b85ee6b2ee6d2192a289c674932ceba7110b0911',0,2,0,0,'52fb8bfe53b2a406815d7d0b22a0d0b97122d61e4bb56a26be51b33d9f316673',136,0);
DROP TABLE IF EXISTS `vins`;
CREATE TABLE `vins` (
  `tx_hash` varchar(191),
  `tx_index` int unsigned,
  `block_hash` longtext,
  `block_height` bigint unsigned,
  `block_tx_index` int unsigned,
  `sequence` int unsigned,
  `signature_script` longtext,
  `witness` longtext,
  `funding_tx_hash` longtext,
  `funding_tx_index` int unsigned,
  `pk_script` longtext,
  `value` bigint,
  `spender` longtext,
  `type` longtext,
  KEY `idx_tx_hash` (`tx_hash`)
) ENGINE=InnoDB DEFAULT CHARSET=utf8mb4 COLLATE=utf8mb4_0900_bin;
INSERT INTO `vins` (`tx_hash`,`tx_index`,`block_hash`,`block_height`,`block_tx_index`,`sequence`,`signature_script`,`witness`,`funding_tx_hash`,`funding_tx_index`,`pk_script`,`value`,`spender`,`type`) VALUES ('d4611d3ac328a840dc0e7aea5b509fcab158671fe6fc255394e5c20baa555dd1',0,'09ca5efa08788dcb54df1240423be6e8e16f15f6894aeba6012331079a38f7e2',132,0,4294967295,'','0000000000000000000000000000000000000000000000000000000000000000','',0,'',0,'',''), ('29fb3331a5770a6dd3181411c1ed0c1708245445e15753ca3ed672e1a125c626',0,'722a260aec115a9bfe91c9ec71e8e99554feabb100bf126c41202642198eb727',30,0,4294967295,'','0000000000000000000000000000000000000000000000000000000000000000','',0,'',0,'',''), ('f5fb4be535e6d9118ce3ae38c32159022b65d53083eea4ee6da7b9c5df364dc9',0,'16246b73a1918df5f822cee6be93d4e80fadda84515dbdcbd2ab292b4ad0ec5c',119,0,4294967295,'','0000000000000000000000000000000000000000000000000000000000000000','',0,'',0,'',''), ('de7bb2b4b6d8fb9cf92fb26a6683cf37fa6ff54b4b430b9134658fb3a715ca08',0,'52b64d19a5c33dd0916d82674989a2f88b22e00f63827410b610d1da62d1980b',63,0,4294967295,'','0000000000000000000000000000000000000000000000000000000000000000','',0,'',0,'',''), ('c90efae5b23c78aa9a7fdfe3a06e5ceb187b16853eae0c1fea6c4cc4f29dd3d0',0,'24bf1f806088f94c75bfb372356a3bd64de0a7564b331df76b30497991d297e3',111,6,4294967293,'','304402201f5e9bdc954aa72a3377b39d09c34e68e8c150de606eb05baef6ed5b403faee002202bd5761750fda4264bb73e17553f3c38bfb59d7e2fcbcc7a432788e174c8b0d601,0319bbdbb721fc9b1faa2d515fb9fb6641a141ae47c7395b891dd20f7f8620864e','64c4db15d449d936cde1429815781b8654f4efc01ae495314ea37ae3908a655c',0,'00142da94403ade878861af50e8a669c0e0e307a9355',5000000000,'bcrt1q9k55gqadapugvxh4p69xd8qwpcc84y64fxy9xz',''), ('aa44d740dc05bf330665dbbc83bd81cda09dc662063ec91781b35818444a5d1f',0,'3237e5f79dee85ee0b44bd52d2915d73f40a5b0480fa1162c531c5f35e7e3f76',28,0,4294967295,'','0000000000000000000000000000000000000000000000000000000000000000','',0,'',0,'',''), ('32ed3c9cbb9d7c08ddd3800a4c3fa8fc4268e136424338d579fecfc314438883',0,'6760c86f51f60589f2da6b85a2f9f62012884adc1ffffc289b23ea1781c89e2e',22,0,4294967295,'','0000000000000000000000000000000000000000000000000000000000000000','',0,'',0,'',''), ('d11cef51f422f8520acd1248cd563908114e0d81529aa8c453dfe62e3f6b7baa',0,'25325cb206fc5da885426a2d89f4d4dadba0cc403976ff7e94aaafc14699ca57',88,0,4294967295,'','0000000000000000000000000000000000000000000000000000000000000000','',0,'',0,'',''), ('1e84565ebe16c21344530529d5fea15d84549ca0fcbd56bc80168405c8b2c847',0,'6cfe3cd9b65e3c921efef0552d05a8e027a8571f766c8cd0c3bcd519c8601af3',128,1,4294967295,'','30450221009a3062202700ca92fbaf522d5d2722918cf3fa5aab8db69d6b03bcff7e15aedb022044cb96d19a13dff60dadd5ce57a38e6073bd71b5b8dbb8ae53c1cd4bacaf87a301,037bc455601af227f3d1bd8c56affd8694f2fe3471c4d60d5b7cc547ebab2b0ea8','7ba48104b4e7e36d010497f402648c576b29b66f42e5792c2a400add970c33ed',2,'0014d7b2d98f178ca570d93165bb4348dfbf19ed63b0',9999243,'bcrt1q67ednrch3jjhpkf3vka5xjxlhuv76casq2cmcq',''), ('4223ed8f75b3f04152ecbe70fc35949e5411b3419521a9383dfb5665cd3f13df',0,'6cfe3cd9b65e3c921efef0552d05a8e027a8571f766c8cd0c3bcd519c8601af3',128,0,4294967295,'','0000000000000000000000000000000000000000000000000000000000000000','',0,'',0,'',''), ('9fa7bc6875b0f8df178a9f94e0b04f65cf40f4eaa28220fb06bc86fb944a0b6f',0,'38b88c951db03bfea464d6b0aeca9873bcb91be75b06f0939f6cafc6c0db3c68',8,0,4294967295,'','0000000000000000000000000000000000000000000000000000000000000000','',0,'',0,'',''), ('410c0e938cb1818e0614ab29ae7a38807571fda4a53fae0dbaa5fca75aa893ce',0,'1abcd57179089a669919b2d4679f8946fb3d3c8cd1a54be97791a691560becb4',84,0,4294967295,'','0000000000000000000000000000000000000000000000000000000000000000','',0,'',0,'',''), ('b0dc7c1e83e82775e2deb56eda05967cc6f312bf884962a106a852b02134006f',0,'721d3d5263697d6cd0ecc0e6e464e48589743e7ba5985c9fd3e7f6474741c657',79,0,4294967295,'','0000000000000000000000000000000000000000000000000000000000000000','',0,'',0,'',''), ('18139d47d017b13a80886653776ce4eaf4a4539d64ea0c6da25b084e8687ad01',0,'6ad8bf9a008e609bb38e46324e0781041e433feaa9a6e508ec651a113d8c91e6',14,0,4294967295,'','0000000000000000000000000000000000000000000000000000000000000000','',0,'',0,'',''), ('ff419a53bc5acf9d12b2a175c88bfef651793065cd56b007458e43b9eb0e1185',1,'3f6bef4d4aba819ccfc23755c7e99dfd5c8213463c374a11f34b15a1abd195ea',137,1,4294967295,'','3044022027fb8d468241250162d84ad9740662c61fa31fbe91b87724d00d5bb11b3f2ec702200dca515d5cabd31ab81d2c0a3a463d8ffbfd9f7787c1480618d3ea9854c1834101,0301c6ee2df8a5befce70ae50babbdf2a823320580f2745ee68b545e114093f164','c3775672b925b7173dea8d9da5fc6db5b214658091de31818fee38701f6819a3',0,'00146efdfa14afb4072ebc569d742a5c3cb54692c49b',600,'bcrt1qdm7l5990ksrja0zkn46z5hpuk4rf93ym5ms9ar',''), ('a248876107e1f6e57a41eba69d45c1badcbb061f75e3ac7256468f2b1bbe924c',0,'01520aa03dfd5e305b14eee2ede0e1fb95d82af33cc20226519fe32364eb1123',31,0,4294967295,'','0000000000000000000000000000000000000000000000000000000000000000','',0,'',0,'',''), ('5e661cf3e40c0f2ec92878eadb383abe9eaa537548dd5ed84cfca4a67fc3bc10',0,'1242fd7e491c19010ad0693428fdc89a8e852f1b1a2e19dba898e969ce673e23',121,1,4294967293,'160014cbab9463095695593cf40a5f58eb3f936bc95dce','30440220771fa8f41e51ebb982426ba1b730c82ac4e955678035688634d00ce5436bf69702204920b6830cba64ed07309e4dde85931e3ea4f8a2ee582ba1ef1d0eabc5718c4201,034fe3602a8e966d3bdf835534ba3953ef3c489f690a613f79cd1381b632756e31','f57a4cb921fc9e47d98264f10b8183f6a01b7d026847273d6762716f4cc27211',0,'a9142a9a4870211bb3e8c3d32215ee44bb02f1769bab87',4899999857,'2Mw8VC7GYuT2ADJK4CjHV3GFh1GcASR6sbF',''), ('9f30f40603869c917558371ef1bd2ad9cd84716ec1ce3a873dbb6b79ca1eecd8',0,'032ea57a123f520d2be58da9f9687594a076b818b82157cfa446d9b15c409fae',71,0,4294967295,'','0000000000000000000000000000000000000000000000000000000000000000','',0,'',0,'',''), ('60d0c7fb5b2dbca65ef2dc76d07502c2e553d6369e4500bb7c4a21bbd8a340a2',0,'125541c21fc7f7443a54ab74d4d9db3605d9b5d140b2ff94845aa15a70d787b0',72,0,4294967295,'','0000000000000000000000000000000000000000000000000000000000000000','',0,'',0,'',''), ('6440aec553d05414f1174b11d6423368c1e2e71ff1938536d43202f31019babf',0,'3e60e9f65e0a37f8953d3804515081ad5584e65403b667a76fda78936f478376',107,0,4294967295,'','0000000000000000000000000000000000000000000000000000000000000000','',0,'',0,'',''), ('f57a4cb921fc9e47d98264f10b8183f6a01b7d026847273d6762716f4cc27211',0,'24bf1f806088f94c75bfb372356a3bd64de0a7564b331df76b30497991d297e3',111,1,4294967293,'','30440220136577f7f3bb876cb2168aa1965be0c521109ebeee25e2770a86033d973aab07022036348f6214178400727b311cb876bc03d135809ee5c6d2816745ccdd4a8e1eed01,0319bbdbb721fc9b1faa2d515fb9fb6641a141ae47c7395b891dd20f7f8620864e','184c756104267aa213231226512fb29e1b08c31987405184a690ef43ca723955',0,'00142da94403ade878861af50e8a669c0e0e307a9355',5000000000,'bcrt1q9k55gqadapugvxh4p69xd8qwpcc84y64fxy9xz',''), ('406a6f47f62ecb502b93332297a1c191b541ddfa02d412acc3f14ea7921025d7',0,'5892815696bf81b82627bfef9b8e35dbccea6f7ff81be35e57c638fe5e8a9336',78,0,4294967295,'','0000000000000000000000000000000000000000000000000000000000000000','',0,'',0,'',''), ('e7dad335de81339a984fc66057ff2a8952d865c32ca9ae5c2f5bccd7a67ad673',0,'72f519b0ad48760c0284a1b4d0636fe5267e69761ab63d46f7a5e1f00a7f992e',60,0,4294967295,'','0000000000000000000000000000000000000000000000000000000000000000','',0,'',0,'',''), ('2ef9641afe072cf11ec445d0d879a0f81ccb436f3992d7cd6daca671e90984cf',0,'14e389ee07ee55fb6d06b678e4a98c6ac4a6f74dd1042922535fc7d3edae9215',27,0,4294967295,'','0000000000000000000000000000000000000000000000000000000000000000','',0,'',0,'',''), ('6a9738afad6422829bb9a86e24ddbee8eb73dfa74d49d4553bd53e7ac3a79022',0,'2fa550819fd3553100ff04cd37101739cbcc6a31ccae283db327e6c60bca8916',16,0,4294967295,'','0000000000000000000000000000000000000000000000000000000000000000','',0,'',0,'',''), ('184c756104267aa213231226512fb29e1b08c31987405184a690ef43ca723955',0,'13a0c78cea42fc43884358123d5df683f1fb572245d2eb69243ba14c6557173e',7,0,4294967295,'','0000000000000000000000000000000000000000000000000000000000000000','',0,'',0,'',''), ('bee88e4d4b9fe23920c5abb1e05b08d06c5cd43484cfe5f038ad373cc491af4b',0,'5bfa94a3afd340064ac7fddabf25e12eea8324cbc9e0cd0c1fbd5351779ce88f',122,0,4294967295,'','0000000000000000000000000000000000000000000000000000000000000000','',0,'',0,'',''), ('1a6c8bbac349ff89ad968ab117c8474c632b4caf61131e53e477efe0fb4e6466',0,'45ea53ed57874bd650130223fd2e49e6a10f729eafc1f71947475e71bad2514a',116,0,4294967295,'','0000000000000000000000000000000000000000000000000000000000000000','',0,'',0,'',''), ('d93ae153e35e1c2bd7db901786ef04555e8ec367fb94b2129d8443ef30fa2161',0,'774b433e000afbcde3bccd9893e8aa835ff227e1e72c83203b0209f35c78c890',38,0,4294967295,'','0000000000000000000000000000000000000000000000000000000000000000','',0,'',0,'',''), ('2413237c4e484d442b9bb1d6eb2ea3027582ef32e247a30c767e0d49a804a125',0,'31475fcb34846d9f603fbb0b3e2b01fb3eaaadcf57edbfb3f762dba3f7b8e7cd',110,0,4294967295,'','0000000000000000000000000000000000000000000000000000000000000000','',0,'',0,'',''), ('bad4ff7d293c2719494f3625f16c8024a5932ed9d4b54487baa66c9d3b3b68f1',0,'68da018480e39d40822768b1c889487eacae88bd860db89315d09acd773a26b5',106,0,4294967295,'','0000000000000000000000000000000000000000000000000000000000000000','',0,'',0,'',''), ('d56a446c8335881bc210df7603fca26c1e02b83fa68d91174f43951de17e8fed',0,'4d5954d40691fc140f01e2a93bef8688f9b51d66b0c0d5cef0e1bd2fe8a65e48',133,1,4294967293,'','30440220077ac0f721c3b3fbb2c2dfb3a4b425b85f4692145c0b0ee49bd5830d776e7ebb0220534f108ab5785f04e11999e2aaae504626326f2a267a8053334923b1414a631201,027654f332c9a01816c019f5c9f089059ed1946ade7a662265e4353fd3e0304174','e78a3fd26bd3d2907159783cfac174daf3e01a8e3a8dccd4397028b5b892cbb7',1,'0014b56c2875fd2a8d542d1f95390fea4379d3cf815e',4849999070,'bcrt1qk4kzsa0a92x4gtglj5usl6jr08fulq27astuxt',''), ('c3775672b925b7173dea8d9da5fc6db5b214658091de31818fee38701f6819a3',0,'22f74fbb6d0c558b724f29b2105841f06e59c7e8563b96175681a64147d7248a',135,1,4294967295,'','3045022100ac9c31c0d1cb314f797b7842aa6cfcd7732a251bcdc4d13f4ba9a5ee4629376802205f2281d146240b4abd3226b9bd9a7933c75c508b9aac7bc47120f81799b9c53301,0301c6ee2df8a5befce70ae50babbdf2a823320580f2745ee68b545e114093f164','3c0995475cb14be31328ab7631dc3f7e4559c891459b29cf9caafd9b3d696485',0,'00146efdfa14afb4072ebc569d742a5c3cb54692c49b',600,'bcrt1qdm7l5990ksrja0zkn46z5hpuk4rf93ym5ms9ar',''), ('2df2119b7bedb7e9e975ab31e9089c7c3fb6f57aea0f2ef5f1083cd9787b5238',0,'42b456d358ddda2bcbda32cca6b6cc16405aeb0277643e8c923ec80dc6e8204c',100,0,4294967295,'','0000000000000000000000000000000000000000000000000000000000000000','',0,'',0,'',''), ('ff419a53bc5acf9d12b2a175c88bfef651793065cd56b007458e43b9eb0e1185',0,'3f6bef4d4aba819ccfc23755c7e99dfd5c8213463c374a11f34b15a1abd195ea',137,1,4294967295,'','3044022041372b5e2c7cc3463e70b878fcb17befe8675f7110c879da42ca8ff5c4c420c5022048cc7ea12e0084da27fa1b4393e62fc6b78264f29fe97083f7e8ff06ef4daa5d01,0301c6ee2df8a5befce70ae50babbdf2a823320580f2745ee68b545e114093f164','73ec8431e09fa6f6375f4acb4ac7323b094e92396f847973f2c82fbcfc8aec78',3,'00146efdfa14afb4072ebc569d742a5c3cb54692c49b',600,'bcrt1qdm7l5990ksrja0zkn46z5hpuk4rf93ym5ms9ar',''), ('ab6f4407308d1d2a6b4de661ec1421a203b556b790858247ab33a3cf249d6ae4',0,'556e66d9e7e8efbd3bb57d538d1e117ea464b8f0e640ddc6b31133e75659e284',93,0,4294967295,'','0000000000000000000000000000000000000000000000000000000000000000','',0,'',0,'',''), ('e9cf86aef00dfb807dd19400152eccab841db7da6b31ad716aaf163cf6251d39',0,'625a8a305489f0dace6d21612bad7cf96329699dfa90e530cd3bf1d3b763a2ac',57,0,4294967295,'','0000000000000000000000000000000000000000000000000000000000000000','',0,'',0,'',''), ('2e52544259de537c3023b82b0e7c45e055107c5ca39f1c995d27890e5aa60c8b',0,'057bccaea21e0edd73e0b8fd66fac8ae88c11eba0757946b0045566455fab649',34,0,4294967295,'','0000000000000000000000000000000000000000000000000000000000000000','',0,'',0,'',''), ('eda353d97807057729e47de19542cf3e633ed31ffdd7591e4ebc2ac8bb43b336',0,'7c9fa8ec1054cf188bbfdf2e984fe83b58f5732629eacef3b0997c13886cba9d',32,0,4294967295,'','0000000000000000000000000000000000000000000000000000000000000000','',0,'',0,'',''), ('ccb454a0308c550ef19941a9542a1b213f7b2c783637041f0ea8e531e060b79b',0,'6dfb6091f04865c5cbab36c6703ad589ef1647b3b9f199284addc5fbb8549283',126,0,4294967295,'','0000000000000000000000000000000000000000000000000000000000000000','',0,'',0,'',''), ('d32bb94c6dbb404d53dccf798007a284daed43bcb00401f6ec0bef3a4c57aaed',0,'3b10ad1aef4247ae24292ad12355e8d9964e4715e9d002834fea13a82ccb3813',21,0,4294967295,'','0000000000000000000000000000000000000000000000000000000000000000','',0,'',0,'',''), ('ea1bf5f15366ddad0dc027db8d8b14aaf11e2e9277bb17889d11416583634eff',0,'25e45f8860436d6194072c8c790782df22fd58fb174182e9e165f4bd6176c462',108,0,4294967295,'','0000000000000000000000000000000000000000000000000000000000000000','',0,'',0,'',''), ('90f62515a96ef3722d9bb062ea0d0d905034a4f59ef5126b001af474d38746db',0,'3132a7578a6cfeb9419833089caf834552e524d971e9f66daf302fc3d73db7e8',118,0,4294967295,'','0000000000000000000000000000000000000000000000000000000000000000','',0,'',0,'',''), ('da309477cda5aa8ff52b44eb87e7baee64737b038819786dcb6a950152836806',0,'48cc7e65753423599327b02bf6ef212dd7d95f5154697bcf56edbc2e87f916e0',138,0,4294967295,'','0000000000000000000000000000000000000000000000000000000000000000','',0,'',0,'',''), ('b3519f09549f5763072656963cf18905f742cd0c72bcc5964f7486fab901be65',0,'38af1f8c806081bc918171016b5a06dfef9d83368524adcefe1e32f68759b01f',104,0,4294967295,'','0000000000000000000000000000000000000000000000000000000000000000','',0,'',0,'',''), ('a506a2c0548b4f5e7881492ad0816345c9f892c22fd88533f88c74584fd3b47c',0,'225e0b49e5b3862055c2daa91af05e7721f611b1154d98f2534fee55d7290fd7',54,0,4294967295,'','0000000000000000000000000000000000000000000000000000000000000000','',0,'',0,'',''), ('00a2e16f4cb803442a75d6cd1a8926d71ae5dc7ccfba17fc1662f4915f6ccfa6',0,'18f9cb7ad5dbd612d585aa83d85052f6bbdda9052d17095297aa72c856fbdcec',101,0,4294967295,'','0000000000000000000000000000000000000000000000000000000000000000','',0,'',0,'',''), ('c411cb412545d1472672bc51f6f32164fa1c145ba57d50a01757182e94a147c0',0,'71f2b2014923b3cb491251407573360df1450f0632fba4af5fccb3de4edcc8df',9,0,4294967295,'','0000000000000000000000000000000000000000000000000000000000000000','',0,'',0,'',''), ('64c4db15d449d936cde1429815781b8654f4efc01ae495314ea37ae3908a655c',0,'4e59aad87a41cc1a15566066b78ea5b225530fca0d60e0308b78f1d72024e676',1,0,4294967295,'','0000000000000000000000000000000000000000000000000000000000000000','',0,'',0,'',''), ('72a4befca5ce5424f4c50a235fd10e5a8ed0ab0ef1f81b2830ea196bac7a9f26',0,'39ba426a3c448bf719fb07e20867c510f77cd880283f42c2f4f8e34183ddeb82',47,0,4294967295,'','0000000000000000000000000000000000000000000000000000000000000000','',0,'',0,'',''), ('fe306afb19e7e87206b15f546705bd594713be164324072ccabef6fe14bb1e2b',0,'59874717563ddc3269bc95e30ee1a4da364a29fa50a61db3b4e50f9b1592fdc8',5,0,4294967295,'','0000000000000000000000000000000000000000000000000000000000000000','',0,'',0,'',''), ('e7e5e028299fd86cdad1232c8f10969b4a9fc7a76971759f40966dd514818c21',0,'4cfda87f3d849ea6280b6ab323243fb2d7eb67f851989b151be4dec4b55d4a69',17,0,4294967295,'','0000000000000000000000000000000000000000000000000000000000000000','',0,'',0,'',''), ('beef52ace2b2254ae475f9130cb9c82c3e5db13437dba04e9ce94c78ce666782',0,'1e0594a7755671f6f7577d9c83c739b3b7a2e6cf9dc8ee712275911a282183e2',98,0,4294967295,'','0000000000000000000000000000000000000000000000000000000000000000','',0,'',0,'',''), ('1f4987ee33d309b2ad7e1d1e4ede08cf817052840663eb1a890b936a3f0dbf96',0,'64a535206a8f605623cb23f1201569f1baf489aedf22d529b1ad0664ce7fdcf9',123,0,4294967295,'','0000000000000000000000000000000000000000000000000000000000000000','',0,'',0,'',''), ('ab59c1dd7f04a8dedac918f314db688f5c047f96cc6f7435bfb07e5b4456b2be',0,'1e24e11da9ab463ccfcccf3f1e7960fec827bec27a99dc9bcc563e53179c18bf',125,1,4294967293,'','304402204f63fe86156b2c7baad7731ec60721bd25b065d9a3addcbdb869164201ba33f10220293467676ee59ad8924c363632901d734106dd8c3c0b23c7770f7bc931baeeb001,02552aca9de307837a160b09cd5982360e6a3b02d99f5334cc1d970f73ac42ac0a','34b1e5415fa57c282a67bf91ca9782892bea9e621040a9fe403e70cbce376911',1,'0014e698993b957c9c0414cf0548ea530b573422f12b',4889999634,'bcrt1qu6vfjwu40jwqg9x0q4yw55ct2u6z9uftjx8q27',''), ('a550f7fe15f897ee3078648a07631124cb2e0afe7717e7643ef4d40182cc595e',0,'3514f2be750f505e6978b2b2a953c3612d0ecc33f527840c05206714e27d1a64',39,0,4294967295,'','0000000000000000000000000000000000000000000000000000000000000000','',0,'',0,'',''), ('abebb2b237d0cb09b68cfa73982fd0bc5759ae2692adcabb498e9a61f03691e7',0,'1f4079615b230ff996b7f7fc6b5b4233762242d1d9207bd3b0161a3feb6284f4',23,0,4294967295,'','0000000000000000000000000000000000000000000000000000000000000000','',0,'',0,'',''), ('21fa916a88c3b2101f7b8ccac803f49ab7936fedc22e36f4ad46bfb4d92e73d2',0,'24bf1f806088f94c75bfb372356a3bd64de0a7564b331df76b30497991d297e3',111,7,4294967293,'','304402204d3283121b87b2fec691364010fa1363ba8e4275117b7bbb25c551a5dd7e076c02200be7bc6c73e549b61e372aaa03dc566fd755150d50f3de26beec720cde7b2ac101,0319bbdbb721fc9b1faa2d515fb9fb6641a141ae47c7395b891dd20f7f8620864e','9fa7bc6875b0f8df178a9f94e0b04f65cf40f4eaa28220fb06bc86fb944a0b6f',0,'00142da94403ade878861af50e8a669c0e0e307a9355',5000000000,'bcrt1q9k55gqadapugvxh4p69xd8qwpcc84y64fxy9xz',''), ('03600b80872e8f0a5db444d82922dc18b424724ceccdc1291202250935ce526c',0,'1e24e11da9ab463ccfcccf3f1e7960fec827bec27a99dc9bcc563e53179c18bf',125,0,4294967295,'','0000000000000000000000000000000000000000000000000000000000000000','',0,'',0,'',''), ('649535f130ac8c2d2ce408e4f56ac4800e4c3bfc5d173006d6730c4c455aec7c',0,'22f74fbb6d0c558b724f29b2105841f06e59c7e8563b96175681a64147d7248a',135,0,4294967295,'','0000000000000000000000000000000000000000000000000000000000000000','',0,'',0,'',''), ('e8f52ca14e99f118fd698435663e124952e15ab93979f5ba4018b1ff70cf2c19',0,'25d09b0d56966bb132f6408ff8184e42d5a9ce72431fa0da48ec916eb9088bfd',19,0,4294967295,'','0000000000000000000000000000000000000000000000000000000000000000','',0,'',0,'',''), ('65fa0240ef61c9becfa02e9a4e7bf14dec4cc643f224cc849106c3d9b2508fb7',0,'5f9955d5bc410b2fcbf427261a4d23e2c1e4bd839c295a34d51ef1f8b02c0d3c',109,0,4294967295,'','0000000000000000000000000000000000000000000000000000000000000000','',0,'',0,'',''), ('5fd035933042d955926cd8625dab660acc9380c82b7a99a3c785bb70e783350f',0,'05e2d929470cea41fb442cccff393a9445d7c01f3ee3eb4f440c3ef844908d57',46,0,4294967295,'','0000000000000000000000000000000000000000000000000000000000000000','',0,'',0,'',''), ('6e4313f4add03df80b23e6269e8f6f0c2023fec8ac1f4c26f67987f8607b1901',0,'1c61c11cd01f5acb03233eac581ee3a04ae4496fdb7ff58566da09d1e1c853b8',49,0,4294967295,'','0000000000000000000000000000000000000000000000000000000000000000','',0,'',0,'',''), ('34b1e5415fa57c282a67bf91ca9782892bea9e621040a9fe403e70cbce376911',0,'16246b73a1918df5f822cee6be93d4e80fadda84515dbdcbd2ab292b4ad0ec5c',119,1,4294967293,'47304402204bcc603c5b077b3e346ef662a9ede5cad47febe5448247182198f7fce84af1ad022041ae6364eec11048592d959b34805d93368f868d914a2903a726a7237de74d430121026ea8ffe87a8137b0cf5bea3cde58a550a05ab576b7e671cd4d57ea51dad2a869','','ed399d11519e39c715e09460c779d678700feadc2148071b152600318244f75e',1,'76a914947be908c9d6eb921ba46cba30e0c398782c0b8c88ac',4899999853,'mu44jtA6SposUFC644wthFVBWBjqCxNERK',''), ('f5682c7f0756048817618b5399e3c50ade630fa1557b1bd158395d7e36d1d1d2',0,'69e5e63801592e8aadf3c1556c2964ca920d73ecca656d7057adba3b32f0f2d2',35,0,4294967295,'','0000000000000000000000000000000000000000000000000000000000000000','',0,'',0,'',''), ('df8396cbb60501fee088fad7b79403a4260562533e614eb0c9a34238772080a8',0,'32f8d642fa771d5cb9e75fc7fc9bdc4e41bede83dc2dbfa003f1b3adaf670fca',53,0,4294967295,'','0000000000000000000000000000000000000000000000000000000000000000','',0,'',0,'',''), ('0c0457f0ad8b9dd6eaf5549ef3f7759cffe320befaa6390252e3b806391859c1',0,'13026436b4bdc233d6fb646fc8e4817413254e7a076b2236eb4a5da42243173c',74,0,4294967295,'','0000000000000000000000000000000000000000000000000000000000000000','',0,'',0,'',''), ('a29db67546dda0a7cabc34a7bd5e9a776d944618854ed862d84742cdc6ca19d3',0,'1ca808fd8cf7182a08e6b7a300ad309398378daa0b37c75513708db27ca70bee',25,0,4294967295,'','0000000000000000000000000000000000000000000000000000000000000000','',0,'',0,'',''), ('ff419a53bc5acf9d12b2a175c88bfef651793065cd56b007458e43b9eb0e1185',2,'3f6bef4d4aba819ccfc23755c7e99dfd5c8213463c374a11f34b15a1abd195ea',137,1,4294967295,'','3045022100b35420b401209d34f45127febb0daf1f4c851c53b736cd01803142e2f66f24da022012e1096958b33a4039d526d5d540b784b1166ab8c57dfe2f46590c0d8cfd612501,037bc455601af227f3d1bd8c56affd8694f2fe3471c4d60d5b7cc547ebab2b0ea8','58f46c471849e72610c369e5263a0ade230b3f0a2d664215b046c94893d597c5',1,'0014d7b2d98f178ca570d93165bb4348dfbf19ed63b0',9997094,'bcrt1q67ednrch3jjhpkf3vka5xjxlhuv76casq2cmcq',''), ('428ac779b02094ae4009626d0b5e03727bec57a44207e025fbe8a641a9d9cb82',1,'2b536d65b8bc08a1b1cdea08c1a02c33e339f3f93c99ba1db3d4d0c6ae849760',139,1,4294967295,'','30450221008bb2fb169cdac40bbdcae634ad5f0e85051327a29d82917f294dee629da94b3e022076bafff23a46bcb3bdb936694b84c048fd4263ebaf14b5fbce03070611581fdb01,037bc455601af227f3d1bd8c56affd8694f2fe3471c4d60d5b7cc547ebab2b0ea8','c125b3c1d99044309090cab2a86df0b739e7c5c961cb1221cf231f8c238e3c02',1,'0014d7b2d98f178ca570d93165bb4348dfbf19ed63b0',10000000,'bcrt1q67ednrch3jjhpkf3vka5xjxlhuv76casq2cmcq',''), ('ae78fa683bc6c24953f4e8b4bdfb0dafcebed73940e7402bb57a3a37a61decf5',0,'57ca84b553921463b2a87c2b6f02b8d7b8d1b52ac6385b2b268876a37623b7bf',77,0,4294967295,'','0000000000000000000000000000000000000000000000000000000000000000','',0,'',0,'',''), ('e9ef99f93bf795e0c92a27df04120f10340faa2715ccbe8a3aaf0a07ba4efc13',0,'1d75e66f3462012ab9700b96867397c5379dfe466029b972f5c8e2f08ac0d80e',36,0,4294967295,'','0000000000000000000000000000000000000000000000000000000000000000','',0,'',0,'',''), ('ae582ddb5c39cfc544aad2e40449811cca59ac4b3822744d0f0e295e45e44fd2',0,'2acc9bb6e8e3465f6f3f8efd2dfc654d0184080c75af369a6dafb5ba150715f5',64,0,4294967295,'','0000000000000000000000000000000000000000000000000000000000000000','',0,'',0,'',''), ('6988830a04215757a7424bd61e76942774db2f4080ab13ffa9cea3602b18797d',0,'24bf1f806088f94c75bfb372356a3bd64de0a7564b331df76b30497991d297e3',111,4,4294967293,'','304402205911bf86502f54f656a14ad726a3d0963ae1df52b53abb9e0ffa77b49fade8e902207a882da31caf108eba02fedb6877515dca9e9600c5bbd6276d067b47d4c2445401,0319bbdbb721fc9b1faa2d515fb9fb6641a141ae47c7395b891dd20f7f8620864e','84d2628af2317fd791f7468b313d3c3dc87c6257d2d3fce2cb1cfb7d58c572ca',0,'00142da94403ade878861af50e8a669c0e0e307a9355',5000000000,'bcrt1q9k55gqadapugvxh4p69xd8qwpcc84y64fxy9xz',''), ('73df963ebf035ceb00914e7f8d0e89e5098f58301306db18bafe6dd6a0931966',0,'5bbeca82710867c693348de2852012a3cf0cce42feb4c312861237cf4b781bf1',56,0,4294967295,'','0000000000000000000000000000000000000000000000000000000000000000','',0,'',0,'',''), ('a7696834b3c6b8e45537c7191b2a45e3532e09a99f6d5d2f3d43dca3c97997bf',0,'3cbd5c344a6f1a91a20457c15630d705a7b1ac41f1224c120ac597bbf380756b',24,0,4294967295,'','0000000000000000000000000000000000000000000000000000000000000000','',0,'',0,'',''), ('a660ccee9c3a4ad6b56ef8321701504f6f54ca995853d4aa86f1ad2359dd32f1',0,'313727c3e8fe6ed03b35ee54ffe79533a1ccccda29dcb9ebf9150798553d1a39',59,0,4294967295,'','0000000000000000000000000000000000000000000000000000000000000000','',0,'',0,'',''), ('2eaff11f8b43e28bc4193d3bc7decc0901c55ed53b795ef3925cee52aad367b6',0,'4b78039e50b19493fbcc49ae002c0badfe5fdbd68bbb831f112bb7d25379d524',55,0,4294967295,'','0000000000000000000000000000000000000000000000000000000000000000','',0,'',0,'',''), ('7fedd6158ae794fd3342f6032207f86123ca99a27bdbdbebc64e54104b4e697c',0,'7fbc84320d66c99946fdc95c3eb95a630d0eaf2ff56838485302ac011405b479',83,0,4294967295,'','0000000000000000000000000000000000000000000000000000000000000000','',0,'',0,'',''), ('3c2ee965533798ca1e335bb4e32b0097b268fbbbf627d8346fe2619eb1a7be6a',0,'08467aedb98a462c2a86edebf738083c67c487710f134d4d095373dd9fdc749a',51,0,4294967295,'','0000000000000000000000000000000000000000000000000000000000000000','',0,'',0,'',''), ('59b18512102cca7c02395265df9991e45a40d77db9ac321482438177f5d34bd6',0,'77a0da40c55643cdd74ccb580f33e85a51ce25e7be2343a3629b54535039bdd8',44,0,4294967295,'','0000000000000000000000000000000000000000000000000000000000000000','',0,'',0,'',''), ('ed399d11519e39c715e09460c779d678700feadc2148071b152600318244f75e',0,'24bf1f806088f94c75bfb372356a3bd64de0a7564b331df76b30497991d297e3',111,2,4294967293,'','304402201c530a9ab2fcf5aed36786d700ae22d49c762f74899b0a22fc5b6dc90f6c3bea0220208244bca00d8594f2349664f7bc113efed655172aa7ff966e85a5dc57e8a9c701,0319bbdbb721fc9b1faa2d515fb9fb6641a141ae47c7395b891dd20f7f8620864e','2f21030d938662fe5627f0f7f80917e5224d69ec48f3e5619f9b3e3026f82c29',0,'00142da94403ade878861af50e8a669c0e0e307a9355',5000000000,'bcrt1q9k55gqadapugvxh4p69xd8qwpcc84y64fxy9xz',''), ('63b03e7ef1918594fa34a125a90de5b293c209ae10e40436bca19e972b9c113e',0,'4d5954d40691fc140f01e2a93bef8688f9b51d66b0c0d5cef0e1bd2fe8a65e48',133,0,4294967295,'','0000000000000000000000000000000000000000000000000000000000000000','',0,'',0,'',''), ('3c0995475cb14be31328ab7631dc3f7e4559c891459b29cf9caafd9b3d696485',1,'09ca5efa08788dcb54df1240423be6e8e16f15f6894aeba6012331079a38f7e2',132,1,4294967295,'','304402205328b571ac532872fa2190e5f98678db605cb5e7b3870e57950b304c5e62bb4102206594415115a3035daef07232656a037647e0484294b3a04dd38e689d695eba0201,037bc455601af227f3d1bd8c56affd8694f2fe3471c4d60d5b7cc547ebab2b0ea8','e78a3fd26bd3d2907159783cfac174daf3e01a8e3a8dccd4397028b5b892cbb7',0,'0014d7b2d98f178ca570d93165bb4348dfbf19ed63b0',10000000,'bcrt1q67ednrch3jjhpkf3vka5xjxlhuv76casq2cmcq',''), ('7a1d6a662282ab57fcd15f4ead9effc8f1cbfbc49ded10fc5a586d997863437e',0,'3f6bef4d4aba819ccfc23755c7e99dfd5c8213463c374a11f34b15a1abd195ea',137,0,4294967295,'','0000000000000000000000000000000000000000000000000000000000000000','',0,'',0,'',''), ('e8ffb71a1fe7878b84a0bf9e5300a5279ca48ddb0101d9ef13d2c7e8bdf64204',0,'13d0a972b2b521d87a9baa3b77156005a6f90504bcbbf351d4da1cf598f7496a',112,0,4294967295,'','0000000000000000000000000000000000000000000000000000000000000000','',0,'',0,'',''), ('b38b18e437290fa2be43e68c4568ca01ec9dd996d761be391bb44c8416d567d7',0,'2734e979254c576c7fa090e1bbcfcf9f16ac1af4eeffad6e75fdba8e7448d3c4',102,0,4294967295,'','0000000000000000000000000000000000000000000000000000000000000000','',0,'',0,'',''), ('bfbe61011b88a4c0c615f0638e57e4db9f3d243ab308cceebf04c7f72f90f1b2',0,'0f83f0ae5e1a0da058a9f18e774db7458d6f6e08a7d3ee6b4a1aa0235a5883dc',41,0,4294967295,'','0000000000000000000000000000000000000000000000000000000000000000','',0,'',0,'',''), ('f7d65962d2688a8927949114353d3bc7226e93a7d16ec4fb9a04c812b96afd18',0,'4228bfef68a7823943f49d98516a760b6f01cfce616b3bd84ec1d09d7402c813',115,0,4294967295,'','0000000000000000000000000000000000000000000000000000000000000000','',0,'',0,'',''), ('7736b81461897cc3bda8a482e95776ca0483d23f8dc82678e772ade702df4679',0,'7d8c573b61aaf4068d3a678f991ff92514e3793e52059d95ed6604fd1890043b',91,0,4294967295,'','0000000000000000000000000000000000000000000000000000000000000000','',0,'',0,'',''), ('cf9f72141211ad94343ac75237d649774584a274a573652947846a1143520710',0,'1242fd7e491c19010ad0693428fdc89a8e852f1b1a2e19dba898e969ce673e23',121,0,4294967295,'','0000000000000000000000000000000000000000000000000000000000000000','',0,'',0,'',''), ('fb3c2f6febc30ff7e676ca95dc96f8b70fa1756951968b67953d877900b0185b',0,'2f5073754ff81495f596a9ea09f822cbb3b8258b6d8a99ce5943651bc64aca50',61,0,4294967295,'','0000000000000000000000000000000000000000000000000000000000000000','',0,'',0,'',''), ('b7fea6ff80f609cc0e28b248b4b1924406a8aefe588b792973531b5c99e75976',0,'507545c89d04daa3a6b9957f84f0713d55bc6fa0e6cec39b511c1cd9df2e18f3',45,0,4294967295,'','0000000000000000000000000000000000000000000000000000000000000000','',0,'',0,'',''), ('38262dffc3c2654397c0799fa0312929c900cad5386eef6e0057568592392f7c',0,'134646d6d7ff2900220603889742532b8e905d7065d2118a24d4b58ee6c0576f',11,0,4294967295,'','0000000000000000000000000000000000000000000000000000000000000000','',0,'',0,'',''), ('2f21030d938662fe5627f0f7f80917e5224d69ec48f3e5619f9b3e3026f82c29',0,'29f4e640cfc97a5561c6ab532eaaeeb5890e3b1eaaaf3a3acc2f2b69a0693b33',2,0,4294967295,'','0000000000000000000000000000000000000000000000000000000000000000','',0,'',0,'',''), ('b2644c9d04ecdec0e0452b0b847004dea76197676d856210ad25104e13c687c0',0,'47f6f50e175496b35108cac9049324a0e672e806fff4f7226f87622bac9b18d4',85,0,4294967295,'','0000000000000000000000000000000000000000000000000000000000000000','',0,'',0,'',''), ('7ba48104b4e7e36d010497f402648c576b29b66f42e5792c2a400add970c33ed',0,'0dff1033cf68709225c47a1f509ccebddeed38bea48793f64066ff53f0fee7b3',120,1,4294967295,'','304402202f5e21f027cb86bbb45907f0c4a99edc6054f91f25eb855a49c35301eaa05dd002203decd989a98ab1a0a4f65a431723be07c6752644085deb0a18f641c09512787b01,037bc455601af227f3d1bd8c56affd8694f2fe3471c4d60d5b7cc547ebab2b0ea8','34b1e5415fa57c282a67bf91ca9782892bea9e621040a9fe403e70cbce376911',0,'0014d7b2d98f178ca570d93165bb4348dfbf19ed63b0',10000000,'bcrt1q67ednrch3jjhpkf3vka5xjxlhuv76casq2cmcq',''), ('09eeca003c07d11fb03dbf7d2e67449a03aed1699d2905dbe735d75d9afce773',0,'4bfb3758a701b5b053814b1aad6549dfc4984c276c22bb92692fa338e4e3486d',67,0,4294967295,'','0000000000000000000000000000000000000000000000000000000000000000','',0,'',0,'',''), ('9b57374c1e9eae1fd58b9c8b0b678cc8601c122c8616d335d164cb1eb72c7aa5',0,'6dfb6091f04865c5cbab36c6703ad589ef1647b3b9f199284addc5fbb8549283',126,1,4294967295,'','30440220673f252a8ebb3b864010bf94ff51654751121c379e017158476b6dff683f73cc022061a48e6e56198c43e2ec478ef790113647f433664e7fce6504c929205f79ef0401,037bc455601af227f3d1bd8c56affd8694f2fe3471c4d60d5b7cc547ebab2b0ea8','73ec8431e09fa6f6375f4acb4ac7323b094e92396f847973f2c82fbcfc8aec78',5,'0014d7b2d98f178ca570d93165bb4348dfbf19ed63b0',9997348,'bcrt1q67ednrch3jjhpkf3vka5xjxlhuv76casq2cmcq',''), ('e3e95effa7258a568434d19d4c552e2511653ce3fb3c635156d2390a002ba59b',0,'5d9ba1e864787348eb8376a4187c68b38a57674f0e15641faabeedb1756c4109',103,0,4294967295,'','0000000000000000000000000000000000000000000000000000000000000000','',0,'',0,'',''), ('6b4f698c0480375dc3a3a3089b128ada537d801dd0f90533de764887500181f6',0,'37bc062d1467236f657e8614e554b3253c919a82a81a4d44ca4d79da249921d1',124,0,4294967295,'','0000000000000000000000000000000000000000000000000000000000000000','',0,'',0,'',''), ('333412d88f205dbf0c6f3a7e488f076d99a619242fc775653961febfe944806d',0,'6f5cdddb066d43ce7670544b16bd871c0a69016819908aafe0f7cd41920c9d29',129,0,4294967295,'','0000000000000000000000000000000000000000000000000000000000000000','',0,'',0,'',''), ('6c6bbcd0ac763b51cccd29e6d58d89628a835d96f258c153c39119f2432c1793',0,'671f4d3591613f725927d20ce3705cf0f65e3b36c9d125fec1b6fa5f2bb862c3',127,1,4294967293,'','304402207649fb63a941220ef3c2f98be1fb33a958750a37d473d2f97f9e7d2594e28dc802203e77597fad5c6a94fe597731c30087ab6f111611a60c33cbbab519538f70e39001,024ad443d54f3ab2eeb3f2271f8f5d34f0fa2b64359bb0b3b9d61855c3395f0a50','ab59c1dd7f04a8dedac918f314db688f5c047f96cc6f7435bfb07e5b4456b2be',1,'00146db4339fa533469c78c30c79c4a51ed6d83313ce',4879999493,'bcrt1qdk6r88a9xdrfc7xrp3uuffg76mvrxy7ww5wjul',''), ('c2dce1f6734c451c949ca11c16d9b24961ffa093b8796988039a154780a41b87',0,'64a535206a8f605623cb23f1201569f1baf489aedf22d529b1ad0664ce7fdcf9',123,1,4294967293,'1600149242abbf32ae0e4baff6a74a1d009f8a0e3bf3db','304402202375e7b132a84f4e8c09cd200f6ffd65c39280a147885c68382acee53f8d3f290220250de06506c2a0cd0fea61080cfff2004dc70e121bf4a34a800481f5965d715501,033754f15c1c9f318f338c0f677a56cbd8e2fef71a779ab791e1b121510d91526b','c90efae5b23c78aa9a7fdfe3a06e5ceb187b16853eae0c1fea6c4cc4f29dd3d0',1,'a914f41afda20ae90e6c2a116bbf6afccba83db474b387',4899999857,'2NFVwCSXsRAYp2ezyubYLznbYL8FEkY6yWv',''), ('39cbde25f9d2693346a3bc11bf942a1b1f551389a7f96a2d931fd354f0b8b07c',0,'24bf1f806088f94c75bfb372356a3bd64de0a7564b331df76b30497991d297e3',111,3,4294967293,'','3044022025eddefa78bfca3c24470036534c44d3c239c9cca29fd7015cd55768ea2c1b6f022073e28fac293310abd13f726248f0938eb069130921ec566559af2d4507aff58101,0319bbdbb721fc9b1faa2d515fb9fb6641a141ae47c7395b891dd20f7f8620864e','cb6fc60eded1122f76a31d23b60d405c7a513debdbc69ee18f6aeafe4927e113',0,'00142da94403ade878861af50e8a669c0e0e307a9355',5000000000,'bcrt1q9k55gqadapugvxh4p69xd8qwpcc84y64fxy9xz',''), ('60c951de816f9ef23cf31151f3f8bedebd0b35729bdc01f9b70a3df73f0bf3c4',0,'301194071f1a746ee1ee29166627588b97c9b29c98bbbcea13bab42d0060bc0e',69,0,4294967295,'','0000000000000000000000000000000000000000000000000000000000000000','',0,'',0,'',''), ('58962c96f1b981a5fafbd64b3d44a8ac0922dee330a8211e73395681cf3588b2',0,'3132a7578a6cfeb9419833089caf834552e524d971e9f66daf302fc3d73db7e8',118,1,4294967295,'','5fc5a89464be838f183e5d0b0f9b25b93957b02338faea48514f0ee0144c92e6e7e5ce73bc5d7d3976227efa94a2e5a7ac0704c7562952dd731ae757ab723dc0,202295019c7bfacc05d11fa1ee2ffcf7be906bfa361bcf22f7c36d721ea69c433fac00630964d40ee76c2ca6313168,c12295019c7bfacc05d11fa1ee2ffcf7be906bfa361bcf22f7c36d721ea69c433f0b8eacc571c53d925f7268b5b0ccf3051382223208d8734a87c6a0c825c9ef7f','b8363366162e6969607ed2a7bee430584efb17e9fa44c628e95514c405d480ac',0,'512003df5ab563654174293563f7abf463c3d8c687e110ba69eca7e6bd1e86c5749e',10000000,'bcrt1pq0044dtrv4qhg2f4v0m6harrc0vvdplpzzaxnm98u673apk9wj0qpq4zk3',''), ('17322eb5b7960e52dc5d16fe2751d7656de1365f442df55f8d7f1446300be6b0',0,'0dff1033cf68709225c47a1f509ccebddeed38bea48793f64066ff53f0fee7b3',120,0,4294967295,'','0000000000000000000000000000000000000000000000000000000000000000','',0,'',0,'',''), ('58f46c471849e72610c369e5263a0ade230b3f0a2d664215b046c94893d597c5',0,'0269b210d7c985d1d8ac0b7ddd99a3cd813d858fa6a6d2f7b37918a07b40dfee',130,1,4294967295,'','30440220262c9732c2e8bb244661268be24bce191c16ba5242d1e8bf3daecea13e626e4002206b9c2450243858a3063acda8b841e8b601c781b083323c85322984746cd998d101,037bc455601af227f3d1bd8c56affd8694f2fe3471c4d60d5b7cc547ebab2b0ea8','9b57374c1e9eae1fd58b9c8b0b678cc8601c122c8616d335d164cb1eb72c7aa5',1,'0014d7b2d98f178ca570d93165bb4348dfbf19ed63b0',9997222,'bcrt1q67ednrch3jjhpkf3vka5xjxlhuv76casq2cmcq',''), ('4a5e1e4baab89f3a32518a88c31bc87f618f76673e2cc77ab2127b7afdeda33b',0,'0f9188f13cb7b2c71f2a335e3a4fc328bf5beb436012afca590b1a11466e2206',0,0,4294967295,'','','',0,'',0,'',''), ('8fa350d43f02532ffd99ac2e212436f0db9ee1a74450b6644bfe40ed47500b74',0,'449aa7877a9ada127926b8baa6b455cf72c1eb8fff66d951fce634fc045fb44e',99,0,4294967295,'','0000000000000000000000000000000000000000000000000000000000000000','',0,'',0,'',''), ('a7c32d1205f9caf2fad005bd46ce4213a2e99b6d1b298b54ee0ed45053f967a9',0,'393cdae581f0d0dbba3c05cee04b222b9923b548d4e7e0a10ac6f2e150c6ff64',42,0,4294967295,'','0000000000000000000000000000000000000000000000000000000000000000','',0,'',0,'',''), ('acd77c4dbd8d43d508799f0a7e7cdad5cded13da68b7ccb1616a5e7ac20ab09a',0,'5bfa94a3afd340064ac7fddabf25e12eea8324cbc9e0cd0c1fbd5351779ce88f',122,1,4294967295,'','304402202a01dc8415d2e587cbbb399ff83d01628700542cb89cafe7231b405be8ccc7be02206187bd8bdf0e91f2aa8c52c347b047f1a652f66e8986158803d100c2850fd0bd01,037bc455601af227f3d1bd8c56affd8694f2fe3471c4d60d5b7cc547ebab2b0ea8','5e661cf3e40c0f2ec92878eadb383abe9eaa537548dd5ed84cfca4a67fc3bc10',0,'0014d7b2d98f178ca570d93165bb4348dfbf19ed63b0',10000000,'bcrt1q67ednrch3jjhpkf3vka5xjxlhuv76casq2cmcq',''), ('2c33ce96101dd542eeb62fd9557302c3e955c1cf17298caa6ab8252349172257',0,'6f7aa9feb3ae9fb122c5d69618ec0a0538f4234505bd565e7f81925180a8a68c',26,0,4294967295,'','0000000000000000000000000000000000000000000000000000000000000000','',0,'',0,'',''), ('cf35afa0093299ee3310eab9913040aa9e9f245f08e997776e395a1572f76add',0,'4dab652f0980b7f6c8634315af35f191cbc4992734336791611607049749ad8f',65,0,4294967295,'','0000000000000000000000000000000000000000000000000000000000000000','',0,'',0,'',''), ('c30eb45021ee8fb5aba0ff5456293452bca82a39335d246727c739b13d6f6bd2',0,'5d0325843fe289ecde232d951b339f0f7bca73a428a2dcd215d5da28e9a5b39c',68,0,4294967295,'','0000000000000000000000000000000000000000000000000000000000000000','',0,'',0,'',''), ('9bda5c7141b4ff48ff5546f99d53931da33e2216ed8c4bf0dfb7c8b5c7d3426e',0,'709e50d61304f7a6a4dabd14edd4dc73ea0bca943f501ffb295d23cfbd827296',95,0,4294967295,'','0000000000000000000000000000000000000000000000000000000000000000','',0,'',0,'',''), ('6ead96b268b008e7c6eb9f1a9fc0277d4eab6f3dd112ff8d20dd05f0ac547c4d',0,'79c492c6e4be2dcf17d4f1ef9f91724a5bd436804d4bf6388f71fce8593fd0a5',20,0,4294967295,'','0000000000000000000000000000000000000000000000000000000000000000','',0,'',0,'',''), ('e0f028d7deada31c9af0b22dcf465c94909e4e94459ad979a749d56113c3074a',0,'7c5c26475e4cd8d024d35a2d018e8846903a7188a1b262af31e273d877061770',10,0,4294967295,'','0000000000000000000000000000000000000000000000000000000000000000','',0,'',0,'',''), ('b8363366162e6969607ed2a7bee430584efb17e9fa44c628e95514c405d480ac',0,'13d0a972b2b521d87a9baa3b77156005a6f90504bcbbf351d4da1cf598f7496a',112,1,4294967293,'4630430220500debdcf02625ed77bd85389d7b3e5a2265a2869fa87fac9eed721f3022b1b7021f7d58d8f1e538a351372b7d629dde76c001782f0e74a1fd8f785d5798c091f8012103a96fc81b1994b89ec0d4bba69a01e82accd610b00b120feb2d4c868363a44f5c','','a6784ec7a29035e03886a22c71df3725da22d5ec4539ebdaa9020688f80be28f',1,'76a9144a7cd297647a01f0cd58dd5aa63010de4f43f18288ac',4899999853,'mnJoq5SQEDB7E531sSid2GwF5eM3TdHSFJ',''), ('153c87ddf68980ffa050b5320fd8ce95084f682d643ca727bd760decfebf0b07',0,'06b1268046acb71423a6dbc42c43d3426aae51e6ef5f4b71ff7f6046a2a6c7ec',80,0,4294967295,'','0000000000000000000000000000000000000000000000000000000000000000','',0,'',0,'',''), ('c3775672b925b7173dea8d9da5fc6db5b214658091de31818fee38701f6819a3',1,'22f74fbb6d0c558b724f29b2105841f06e59c7e8563b96175681a64147d7248a',135,1,4294967295,'','304402204e2769e61838bc2144b91e27600f0ffb4a0f4711a1f5b83b13697ce6ecf3d92b0220727636739e44f49ae95da7bfc9051c04598629dbde9a6d55967ae8c9e70a489401,037bc455601af227f3d1bd8c56affd8694f2fe3471c4d60d5b7cc547ebab2b0ea8','d56a446c8335881bc210df7603fca26c1e02b83fa68d91174f43951de17e8fed',1,'0014d7b2d98f178ca570d93165bb4348dfbf19ed63b0',10000000,'bcrt1q67ednrch3jjhpkf3vka5xjxlhuv76casq2cmcq',''), ('f72c1e80a1d6ddc296b558b47806e46f3b60457071fd718f52700d8da722f7f5',0,'277fdac95361d3d78071b2ee48260b97666606f225933727a0d9f036dbb049c9',114,0,4294967295,'','0000000000000000000000000000000000000000000000000000000000000000','',0,'',0,'',''), ('cd6ab98dfe264c7c5cbbc46625453ced9b69c2b59dfc91efe688576408d18f41',0,'24bf1f806088f94c75bfb372356a3bd64de0a7564b331df76b30497991d297e3',111,0,4294967295,'','0000000000000000000000000000000000000000000000000000000000000000','',0,'',0,'',''), ('aadd5ccc56ad31aebd91cd8f32f85ee48ee4bb0533bec83055b9b3c76c7256d9',0,'2be1aa8b4c18abfb9246d74707b1567f58f2f0d7b579271705466284a61f3c81',13,0,4294967295,'','0000000000000000000000000000000000000000000000000000000000000000','',0,'',0,'',''), ('8440390642ae75a599d968d82f289239eb13c7ed357b81b131db315f7a532d73',0,'7e485a3eaab9fd8ad9f86012fb33bec9e6953ca3e114b14e583fb9ed58f0e6da',3,0,4294967295,'','0000000000000000000000000000000000000000000000000000000000000000','',0,'',0,'',''), ('5c14b3758872618fa628728590efec5fb02b49370b8ba5b1be19178926730e34',0,'6be782332761f49f35bc8c59cc872995e701c3d728f1ed65532ad331e4918a41',75,0,4294967295,'','0000000000000000000000000000000000000000000000000000000000000000','',0,'',0,'',''), ('e78a3fd26bd3d2907159783cfac174daf3e01a8e3a8dccd4397028b5b892cbb7',0,'3a76c0748d945a0e8b87e8f0c2a64b22b3eac858b14faca57ee280e70532706c',131,1,4294967293,'','3044022019457b8d0a292b327404250565ff8050307601f3f8b518de560a0108274319ab02205355a91f88034ed65b6b207f406bb652b7d22739adcb4631f54df2b219b2ae0701,02751acd25bcf3f5ae017da1718baeda5b1785d4e6b238d136cd2ad3bb969f4444','4034a64ffa3ad5dacc88d0d308ac23271c9514212870e22f41aa94893758331b',1,'0014d7257f7dc11a39e296162d5494f1e7f785818751',4859999211,'bcrt1q6ujh7lwprgu799sk942ffu0877zcrp63x5t6jy',''), ('1b4fc4d3f84547bad7e29fa72e007008081e45bb004efd9f8e0d1be5db5566f0',0,'24bf1f806088f94c75bfb372356a3bd64de0a7564b331df76b30497991d297e3',111,8,4294967293,'','304402207904d59113736bab76e9bb80cb3bd34ca783ad2ad1c90b951ab566baad9ff98402203547f8660a9a749e093d24a996dd3867081ac5eadc1fb53c5793b32606e78bc901,0319bbdbb721fc9b1faa2d515fb9fb6641a141ae47c7395b891dd20f7f8620864e','c411cb412545d1472672bc51f6f32164fa1c145ba57d50a01757182e94a147c0',0,'00142da94403ade878861af50e8a669c0e0e307a9355',5000000000,'bcrt1q9k55gqadapugvxh4p69xd8qwpcc84y64fxy9xz',''), ('d73a48948d2f16245416eb8fe3dd7612e3bdfd73e6654a7b0194458a98bbce83',0,'50e6f2d3e48049f7ed700274dd42801442071cbf0e878cec9414df7efc891126',113,0,4294967295,'','0000000000000000000000000000000000000000000000000000000000000000','',0,'',0,'',''), ('2b877df5df514d5c35990653826db43138010797b35b0d90bf51042ad670171a',0,'5e6c6e74a0deda5245cfa173f9051eb6674928e4b549e5a21d55703d6e077ab1',15,0,4294967295,'','0000000000000000000000000000000000000000000000000000000000000000','',0,'',0,'',''), ('dc15c81573d5657c872c863884fc684ae72fa584a0b30c08b2ccd57505a8eb46',0,'1633335d546971d5367edb969a0bd2281618a59e6f39292aa48053ac1fdfc4c1',86,0,4294967295,'','0000000000000000000000000000000000000000000000000000000000000000','',0,'',0,'',''), ('926a9a4435b5fc6a5c47d3a4291db78650bace39cd86e8dc109941828bff5254',0,'692409162f5fdcced210140883aba87a174007828469472fd52395b182d8d578',76,0,4294967295,'','0000000000000000000000000000000000000000000000000000000000000000','',0,'',0,'',''), ('eedbfc3e74a6496a2431412ab529037d9b8ed6289cb963a6685899f5f81b7bf6',0,'20608bd23d35c4ba20dfac32d73fd5fac43e0fa7365fb54add498d2f62cb4211',52,0,4294967295,'','0000000000000000000000000000000000000000000000000000000000000000','',0,'',0,'',''), ('3c0995475cb14be31328ab7631dc3f7e4559c891459b29cf9caafd9b3d696485',0,'09ca5efa08788dcb54df1240423be6e8e16f15f6894aeba6012331079a38f7e2',132,1,4294967295,'','3044022038adec9f7de648550f4d758b1337c1f9b088be8ba360d7ae6c7034338c2bed0b022030f07f9b1a800cb29ae7d4a7023deb76a095ba4e4be41871744a985e2ff8735101,0301c6ee2df8a5befce70ae50babbdf2a823320580f2745ee68b545e114093f164','7ba48104b4e7e36d010497f402648c576b29b66f42e5792c2a400add970c33ed',0,'00146efdfa14afb4072ebc569d742a5c3cb54692c49b',600,'bcrt1qdm7l5990ksrja0zkn46z5hpuk4rf93ym5ms9ar',''), ('27c8b21df34532bb7d37670ca9ff27cff607a2ff1962063d44acb7a0eb03f28b',0,'2d9850cd6ae4e8005803b76a396082dbcbfe6b1ca359d66e6306da50df73faf6',12,0,4294967295,'','0000000000000000000000000000000000000000000000000000000000000000','',0,'',0,'',''), ('84d2628af2317fd791f7468b313d3c3dc87c6257d2d3fce2cb1cfb7d58c572ca',0,'49f11a2e45a48a7d7fbcc504fdd2973d004610eb336e528415147ecf8d748318',4,0,4294967295,'','0000000000000000000000000000000000000000000000000000000000000000','',0,'',0,'',''), ('fdf57e5fa61e38aaa4e381ed764c2b7eee2e5b8248ee21f7920ecb16afb62ac4',0,'4eb4ac0837df0f8d961b4c3c5b7243a99df83562df52753e9da44b565945b18f',89,0,4294967295,'','0000000000000000000000000000000000000000000000000000000000000000','',0,'',0,'',''), ('428ac779b02094ae4009626d0b5e03727bec57a44207e025fbe8a641a9d9cb82',0,'2b536d65b8bc08a1b1cdea08c1a02c33e339f3f93c99ba1db3d4d0c6ae849760',139,1,4294967295,'','30450221008b4cd8fc00c21aa4579addc598495844f6cc3b8c1ee389632f8476e97ef028080220484de81dac9179569338827a4e670af1d63cf073351c85a49b662e8d184234ee01,0301c6ee2df8a5befce70ae50babbdf2a823320580f2745ee68b545e114093f164','acd77c4dbd8d43d508799f0a7e7cdad5cded13da68b7ccb1616a5e7ac20ab09a',1,'00146efdfa14afb4072ebc569d742a5c3cb54692c49b',600,'bcrt1qdm7l5990ksrja0zkn46z5hpuk4rf93ym5ms9ar',''), ('33f69845c0d27e44f651415a7d0d50d02a03087eace56d3e9521745f3fc022f1',0,'2d02407a02d973d03f6767fe259804a011653c98095eb5b4d50bfe445c1dbce4',33,0,4294967295,'','0000000000000000000000000000000000000000000000000000000000000000','',0,'',0,'',''), ('4034a64ffa3ad5dacc88d0d308ac23271c9514212870e22f41aa94893758331b',0,'6f5cdddb066d43ce7670544b16bd871c0a69016819908aafe0f7cd41920c9d29',129,1,4294967293,'','3044022071d29fe58067d4abf75f26d0e7d5da2f2a1204db3cab8a14c3e8eda98420ca1d02200dae3c38d927a812dd4d244c6dbc7ea81c6b9a593604c411caf99a5c35f8102901,025a3bfe5059a8056fc7c05548e5b5f20a70a24b953f91345de5cda431542f9296','6c6bbcd0ac763b51cccd29e6d58d89628a835d96f258c153c39119f2432c1793',0,'0014ee100e40b00cc14567d7fdd9d64653df13fb3f70',4869999352,'bcrt1qacgqus9spnq52e7hlhvav3jnmuflk0msr3y9x7',''), ('daa827ed25ac7e4bd7acc22891ca93c0864d6bea7acda2022cfe591d59cee80f',0,'6582d5b3e1effb80ead6eb5d4ad7e17ccde1853df3c43845c719790eea2ed08e',58,0,4294967295,'','0000000000000000000000000000000000000000000000000000000000000000','',0,'',0,'',''), ('a624e601cfa7a16a12f007d47d7defc9c6f4bd902a63d8b1f699da2f8ffd181a',0,'09fcfb259dac70543a7a099588a03b01792a828f70f54f95f2f6d9ccfa3a3132',66,0,4294967295,'','0000000000000000000000000000000000000000000000000000000000000000','',0,'',0,'',''), ('d4183cb125a1324a6c1c26b8db0582fd04d0254a555925a07ffb70829cdde83d',0,'29f456622f6322e2937b1a26df56dcd5f1128e5066ed9afb8b2e0afc95165a85',40,0,4294967295,'','0000000000000000000000000000000000000000000000000000000000000000','',0,'',0,'',''), ('daabfab114f7efff8615c69e2b13c8fe716b09ad130f2272f70762dd53f76974',0,'3afa83df1b9358a5c2a22b4cf2c2202896030a99690b1400d7a906b933073ec6',48,0,4294967295,'','0000000000000000000000000000000000000000000000000000000000000000','',0,'',0,'',''), ('607ba0a7260a4feea0d7a8123f5103e99452e16579153ec667818dca6bbf48a6',0,'0269b210d7c985d1d8ac0b7ddd99a3cd813d858fa6a6d2f7b37918a07b40dfee',130,0,4294967295,'','0000000000000000000000000000000000000000000000000000000000000000','',0,'',0,'',''), ('2aa5c99bedf003844e1545bf97f613af88490c283017708bd1c3e4b81a4fd63d',0,'3a76c0748d945a0e8b87e8f0c2a64b22b3eac858b14faca57ee280e70532706c',131,0,4294967295,'','0000000000000000000000000000000000000000000000000000000000000000','',0,'',0,'',''), ('8c7245e7c7fdc52097f98a991976548ceeb3aacb3e3c96a26853f84c1c776759',0,'012c9051e9df22896098466b22163cb646f1d05711b485eb2621eb63f9f5b24e',62,0,4294967295,'','0000000000000000000000000000000000000000000000000000000000000000','',0,'',0,'',''), ('4850ead20c12105d787fdd706659608e84e6cd81f617c37063d9cc508d2b3c17',0,'4c1bf69a64d25818cecd9aebc7a9cd38cb6262ca9d71a05b8ca8e926ccc7f4f8',81,0,4294967295,'','0000000000000000000000000000000000000000000000000000000000000000','',0,'',0,'',''), ('d306ce780ba1ead1584c511a0e8ab4e8f994e5170897e1ead17e554c3b665f89',0,'29c27debb5b6e03a71bf40d54967925c0cba2e43253f01ac830d6422b9dd7c34',97,0,4294967295,'','0000000000000000000000000000000000000000000000000000000000000000','',0,'',0,'',''), ('14eb7fb8d0e137137503eb2f298c9202781574afcd3bec07931ac4f70cd4d8bb',0,'23a56ca5f2a7f721994c18d3e47fad1cf9b24bbd2579f13b260415805fac2a97',37,0,4294967295,'','0000000000000000000000000000000000000000000000000000000000000000','',0,'',0,'',''), ('cb6fc60eded1122f76a31d23b60d405c7a513debdbc69ee18f6aeafe4927e113',0,'3185171602f89e3744df28e5363171bb4cb5d264aa40501f047bdcda829148e2',6,0,4294967295,'','0000000000000000000000000000000000000000000000000000000000000000','',0,'',0,'',''), ('efe2699ae43c04404f5a246b636109b4e34127a4aac7c8e499ef0ace9025f3dd',0,'1a9d60c9f56f9bcc55056084ed646308ecb56cf779d20026bf08c955a8970482',96,0,4294967295,'','0000000000000000000000000000000000000000000000000000000000000000','',0,'',0,'',''), ('f3dd7085e1d9fa1348ab5afba7fc1c70677ef4633a088a428d742e899dd39a8f',0,'753556f808ea5928a2ffd452f1a3d1da315989e812eed01e0afba982b638a8f8',92,0,4294967295,'','0000000000000000000000000000000000000000000000000000000000000000','',0,'',0,'',''), ('bcc5d9159e585729efacaa4635569955267deebf4d8593240ea9e44757549e9d',0,'46c31f908f4d7c0c4fc5bb5c9e15ae88551a9e34e98f7e1a9cad534fd62c807e',94,0,4294967295,'','0000000000000000000000000000000000000000000000000000000000000000','',0,'',0,'',''), ('dd3140a53766e066bb99ef4e387ab536979b44452c7294af0153de64d7c06882',0,'55ca345515461f4becea2bfb80e9a7224980582589890da9305367803c61ce7b',29,0,4294967295,'','0000000000000000000000000000000000000000000000000000000000000000','',0,'',0,'',''), ('9473bc18e1b8f12d4ce8da8abddbde42622a6304b098a3792be6f12f68719c35',0,'4051942e6c795dbe027242d11c1fd5d7836c8cced2bc200a320137952ab26fcb',105,0,4294967295,'','0000000000000000000000000000000000000000000000000000000000000000','',0,'',0,'',''), ('c125b3c1d99044309090cab2a86df0b739e7c5c961cb1221cf231f8c238e3c02',0,'52fb8bfe53b2a406815d7d0b22a0d0b97122d61e4bb56a26be51b33d9f316673',136,1,4294967293,'','304402204af774719489116427b67a9a3b0febbcd3ff7480ad2947c1c3dad7f4d3fcbdf20220604dcec933d70b9b638509ebbb4a0b18a980f7e243f6d05a6e18b27456337cd101,032bd425206b224cae25fd65c4b1201ad52052bb5fb857e2986639d0176ec7d3bb','fddba5e089fa2418aa52450e0421899e46b66ab11e7a6f73318a7a1088d110d1',1,'00149cddacc31af58240e9ba690653488cebbb4c3522',4829998788,'bcrt1qnnw6esc67kpyp6d6dyr9xjyvawa5cdfzf5fmf3',''), ('c2b5366d626769f6d7ee32d58c7871fab6913ea5f50de68bae5c311539671529',0,'48cc7e65753423599327b02bf6ef212dd7d95f5154697bcf56edbc2e87f916e0',138,1,4294967293,'','30440220649830d82316a1f64921ce39a717c488dff8f91fb4e1175243ee4bc559a9005502201a67200260baa26ed7355d72ac04eda1dc47d3d8647a2ba8813f83a33a2e122901,0229ce56ab4029d7a76999fdf273f354d9a1c72dfa826f6895f6429263c3dadd7b','c125b3c1d99044309090cab2a86df0b739e7c5c961cb1221cf231f8c238e3c02',0,'00149d98429e85e9e0279087bc326813f08450fe1f56',4819998647,'bcrt1qnkvy9859a8sz0yy8hsexsylss3g0u86kvvrxs9',''), ('2e828ee3c4084d33c687b035b85ee6b2ee6d2192a289c674932ceba7110b0911',0,'52fb8bfe53b2a406815d7d0b22a0d0b97122d61e4bb56a26be51b33d9f316673',136,0,4294967295,'','0000000000000000000000000000000000000000000000000000000000000000','',0,'',0,'',''), ('f42eef5dc7362823397dab687d491cdda8e20577d43d58c3b7764bb432e1c4cc',0,'2b536d65b8bc08a1b1cdea08c1a02c33e339f3f93c99ba1db3d4d0c6ae849760',139,0,4294967295,'','0000000000000000000000000000000000000000000000000000000000000000','',0,'',0,'',''), ('58b60736058be8b722b32890adbd565480e780a0f7a41fcff5c0258ad387e6cb',0,'2667148c4101f160dda3a0129c86c594fea1450359f49bbb8e5bd268bfb1cf34',90,0,4294967295,'','0000000000000000000000000000000000000000000000000000000000000000','',0,'',0,'',''), ('c26b2a2e00a5e371b161144f9c35ac7832e88ce03dde02112bfddeeac576dfa0',0,'2c70d4c36d242f260c20b9b46d00ede189f323590f90306a475530b9317d6041',134,0,4294967295,'','0000000000000000000000000000000000000000000000000000000000000000','',0,'',0,'',''), ('a5c1fcf58144900e86fa9f50fd060ee892a09c2ce8948b279daaa4600ef5c840',0,'1fc2574c22ba5bbeba67f3362df8ebbd6a3861b6591314b821548304108b9b71',117,0,4294967295,'','0000000000000000000000000000000000000000000000000000000000000000','',0,'',0,'',''), ('fe3853979259d0ac6d1d48bec45135daa218ae284189ea2d9d556641de1bf4bd',0,'463bc341c9b8e1337932791e8fecf20eaa1631093cc54026ff7e35b7c5b92255',70,0,4294967295,'','0000000000000000000000000000000000000000000000000000000000000000','',0,'',0,'',''), ('96656cdb0e0d2dbabe940805182f40d87289f1825dd79f6e088ca6dd162e212b',0,'671f4d3591613f725927d20ce3705cf0f65e3b36c9d125fec1b6fa5f2bb862c3',127,0,4294967295,'','0000000000000000000000000000000000000000000000000000000000000000','',0,'',0,'',''), ('c1cc65685430b4b7b925c4f52885c4123621ea850b27480bcef94efb3ad046fc',0,'6a9c47b72bf00034934774269bc6d3c0192dba419be588575970ac340e369aa9',18,0,4294967295,'','0000000000000000000000000000000000000000000000000000000000000000','',0,'',0,'',''), ('73ec8431e09fa6f6375f4acb4ac7323b094e92396f847973f2c82fbcfc8aec78',0,'37bc062d1467236f657e8614e554b3253c919a82a81a4d44ca4d79da249921d1',124,1,4294967295,'','304402204d1381be7d0c991ac6f80220c08ac11539e242919f69d2cd0a96fe8317bc7be1022044e496543b0c08364cbfb96556a99f819f7f671fa49e0d4330511a334bc8125c01,037bc455601af227f3d1bd8c56affd8694f2fe3471c4d60d5b7cc547ebab2b0ea8','c2dce1f6734c451c949ca11c16d9b24961ffa093b8796988039a154780a41b87',0,'0014d7b2d98f178ca570d93165bb4348dfbf19ed63b0',10000000,'bcrt1q67ednrch3jjhpkf3vka5xjxlhuv76casq2cmcq',''), ('a6784ec7a29035e03886a22c71df3725da22d5ec4539ebdaa9020688f80be28f',0,'24bf1f806088f94c75bfb372356a3bd64de0a7564b331df76b30497991d297e3',111,5,4294967293,'','30440220728bd110e950ce1baf4ff1f6237795f435e9a6e3bd2f4a7697e0d41592e5ea430220557d036b7320a9d3042e0b4e5b2a303ef6704b182d89f3965c635bebb699c49101,0319bbdbb721fc9b1faa2d515fb9fb6641a141ae47c7395b891dd20f7f8620864e','8440390642ae75a599d968d82f289239eb13c7ed357b81b131db315f7a532d73',0,'00142da94403ade878861af50e8a669c0e0e307a9355',5000000000,'bcrt1q9k55gqadapugvxh4p69xd8qwpcc84y64fxy9xz',''), ('4c45a3461dd09ad45c8fe6b4dd023a53a5e3318f81375fd1561a1cff95698770',0,'57198422c39f499c5ea83ee6bbede315d0e494a90ff35b9f24c884e3d101fe43',82,0,4294967295,'','0000000000000000000000000000000000000000000000000000000000000000','',0,'',0,'',''), ('1f1131595c3734eea87611311d1f60cbd0f1826d4429f07b145910369c76c96f',0,'0093564b27e15b318aadb8981d8eec59b6762f2c166edb0d30a8b9b10d68eeb7',50,0,4294967295,'','0000000000000000000000000000000000000000000000000000000000000000','',0,'',0,'',''), ('d20ab3813da026c9eb8d7f3c97aa33a15f05ad7fdaf073e124dceab7a5cf415f',0,'4018f9bc483aa6571adcdcf65584a70295591ebccb8694425a17c6022193faaf',87,0,4294967295,'','0000000000000000000000000000000000000000000000000000000000000000','',0,'',0,'',''), ('0b0f71bff3927071f41fd698ceab829892b948ba555cce19ad4d22d8fce5f5fa',0,'2cde7e6feb785235e0869b8e795f99193841f138eeb87ba962e398e9b27e7b4f',43,0,4294967295,'','0000000000000000000000000000000000000000000000000000000000000000','',0,'',0,'',''), ('b9f2221e8cd465f430fb182d07a02efacb960130760ac69c54c0a5fec1c9f26a',0,'43629e5c00af27826d00c0eda962e04421887c15373a525ba2c31df054e4b010',73,0,4294967295,'','0000000000000000000000000000000000000000000000000000000000000000','',0,'',0,'',''), ('fddba5e089fa2418aa52450e0421899e46b66ab11e7a6f73318a7a1088d110d1',0,'2c70d4c36d242f260c20b9b46d00ede189f323590f90306a475530b9317d6041',134,1,4294967293,'','304402204eed3f49e5573fe975f12080d85fe4d1d44a2991ce1577040e238b922fe0513402206a823f7d765d9e4177f70751eb5ebf4baa9e66df1659c0b9c1f9889cd3fb92d801,02cecf66b680a8a9d6d27e40a5d6f564164446701aa163ebf66ea0d4a9c9e17df3','d56a446c8335881bc210df7603fca26c1e02b83fa68d91174f43951de17e8fed',0,'0014fc306c2b4f2669cfad1cd596acf661fc7570bf84',4839998929,'bcrt1qlscxc260ye5ultgu6kt2eanpl36hp0uy5mg9cc','');
DROP TABLE IF EXISTS `vouts`;
CREATE TABLE `vouts` (
  `tx_hash` varchar(191),
  `tx_index` int unsigned,
  `block_hash` longtext,
  `block_height` bigint unsigned,
  `block_tx_index` int unsigned,
  `pk_script` longtext,
  `value` bigint,
  `spender` longtext,
  `type` longtext,
  KEY `idx_tx_hash` (`tx_hash`)
) ENGINE=InnoDB DEFAULT CHARSET=utf8mb4 COLLATE=utf8mb4_0900_bin;
INSERT INTO `vouts` (`tx_hash`,`tx_index`,`block_hash`,`block_height`,`block_tx_index`,`pk_script`,`value`,`spender`,`type`) VALUES ('60c951de816f9ef23cf31151f3f8bedebd0b35729bdc01f9b70a3df73f0bf3c4',0,'301194071f1a746ee1ee29166627588b97c9b29c98bbbcea13bab42d0060bc0e',69,0,'00142da94403ade878861af50e8a669c0e0e307a9355',5000000000,'bcrt1q9k55gqadapugvxh4p69xd8qwpcc84y64fxy9xz',''), ('cf35afa0093299ee3310eab9913040aa9e9f245f08e997776e395a1572f76add',0,'4dab652f0980b7f6c8634315af35f191cbc4992734336791611607049749ad8f',65,0,'00142da94403ade878861af50e8a669c0e0e307a9355',5000000000,'bcrt1q9k55gqadapugvxh4p69xd8qwpcc84y64fxy9xz',''), ('c3775672b925b7173dea8d9da5fc6db5b214658091de31818fee38701f6819a3',2,'22f74fbb6d0c558b724f29b2105841f06e59c7e8563b96175681a64147d7248a',135,1,'6a5d050076010a01',0,'',''), ('a550f7fe15f897ee3078648a07631124cb2e0afe7717e7643ef4d40182cc595e',1,'3514f2be750f505e6978b2b2a953c3612d0ecc33f527840c05206714e27d1a64',39,0,'6a24aa21a9ede2f61c3f71d1defd3fa999dfa36953755c690689799962b48bebd836974e8cf9',0,'',''), ('17322eb5b7960e52dc5d16fe2751d7656de1365f442df55f8d7f1446300be6b0',1,'0dff1033cf68709225c47a1f509ccebddeed38bea48793f64066ff53f0fee7b3',120,0,'6a24aa21a9edf137e42805d3b73f67017b95e5962a9c475eb29355dbf82ab645959c6c250323',0,'',''), ('a506a2c0548b4f5e7881492ad0816345c9f892c22fd88533f88c74584fd3b47c',0,'225e0b49e5b3862055c2daa91af05e7721f611b1154d98f2534fee55d7290fd7',54,0,'00142da94403ade878861af50e8a669c0e0e307a9355',5000000000,'bcrt1q9k55gqadapugvxh4p69xd8qwpcc84y64fxy9xz',''), ('64c4db15d449d936cde1429815781b8654f4efc01ae495314ea37ae3908a655c',1,'4e59aad87a41cc1a15566066b78ea5b225530fca0d60e0308b78f1d72024e676',1,0,'6a24aa21a9ede2f61c3f71d1defd3fa999dfa36953755c690689799962b48bebd836974e8cf9',0,'',''), ('d56a446c8335881bc210df7603fca26c1e02b83fa68d91174f43951de17e8fed',1,'4d5954d40691fc140f01e2a93bef8688f9b51d66b0c0d5cef0e1bd2fe8a65e48',133,1,'0014d7b2d98f178ca570d93165bb4348dfbf19ed63b0',10000000,'bcrt1q67ednrch3jjhpkf3vka5xjxlhuv76casq2cmcq',''), ('c411cb412545d1472672bc51f6f32164fa1c145ba57d50a01757182e94a147c0',1,'71f2b2014923b3cb491251407573360df1450f0632fba4af5fccb3de4edcc8df',9,0,'6a24aa21a9ede2f61c3f71d1defd3fa999dfa36953755c690689799962b48bebd836974e8cf9',0,'',''), ('59b18512102cca7c02395265df9991e45a40d77db9ac321482438177f5d34bd6',0,'77a0da40c55643cdd74ccb580f33e85a51ce25e7be2343a3629b54535039bdd8',44,0,'00142da94403ade878861af50e8a669c0e0e307a9355',5000000000,'bcrt1q9k55gqadapugvxh4p69xd8qwpcc84y64fxy9xz',''), ('bfbe61011b88a4c0c615f0638e57e4db9f3d243ab308cceebf04c7f72f90f1b2',1,'0f83f0ae5e1a0da058a9f18e774db7458d6f6e08a7d3ee6b4a1aa0235a5883dc',41,0,'6a24aa21a9ede2f61c3f71d1defd3fa999dfa36953755c690689799962b48bebd836974e8cf9',0,'',''), ('09eeca003c07d11fb03dbf7d2e67449a03aed1699d2905dbe735d75d9afce773',1,'4bfb3758a701b5b053814b1aad6549dfc4984c276c22bb92692fa338e4e3486d',67,0,'6a24aa21a9ede2f61c3f71d1defd3fa999dfa36953755c690689799962b48bebd836974e8cf9',0,'',''), ('bcc5d9159e585729efacaa4635569955267deebf4d8593240ea9e44757549e9d',1,'46c31f908f4d7c0c4fc5bb5c9e15ae88551a9e34e98f7e1a9cad534fd62c807e',94,0,'6a24aa21a9ede2f61c3f71d1defd3fa999dfa36953755c690689799962b48bebd836974e8cf9',0,'',''), ('34b1e5415fa57c282a67bf91ca9782892bea9e621040a9fe403e70cbce376911',0,'16246b73a1918df5f822cee6be93d4e80fadda84515dbdcbd2ab292b4ad0ec5c',119,1,'0014d7b2d98f178ca570d93165bb4348dfbf19ed63b0',10000000,'bcrt1q67ednrch3jjhpkf3vka5xjxlhuv76casq2cmcq',''), ('4223ed8f75b3f04152ecbe70fc35949e5411b3419521a9383dfb5665cd3f13df',0,'6cfe3cd9b65e3c921efef0552d05a8e027a8571f766c8cd0c3bcd519c8601af3',128,0,'001402f56949a23f2ccba8116fd6bbce8370628302a8',5000000128,'bcrt1qqt6kjjdz8ukvh2q3dltthn5rwp3gxq4gnp77hy',''), ('59b18512102cca7c02395265df9991e45a40d77db9ac321482438177f5d34bd6',1,'77a0da40c55643cdd74ccb580f33e85a51ce25e7be2343a3629b54535039bdd8',44,0,'6a24aa21a9ede2f61c3f71d1defd3fa999dfa36953755c690689799962b48bebd836974e8cf9',0,'',''), ('df8396cbb60501fee088fad7b79403a4260562533e614eb0c9a34238772080a8',0,'32f8d642fa771d5cb9e75fc7fc9bdc4e41bede83dc2dbfa003f1b3adaf670fca',53,0,'00142da94403ade878861af50e8a669c0e0e307a9355',5000000000,'bcrt1q9k55gqadapugvxh4p69xd8qwpcc84y64fxy9xz',''), ('cf9f72141211ad94343ac75237d649774584a274a573652947846a1143520710',0,'1242fd7e491c19010ad0693428fdc89a8e852f1b1a2e19dba898e969ce673e23',121,0,'00140bce89eacb3c33c76cd1270f6f4eefcd7db69d29',5000000164,'bcrt1qp08gn6kt8seuwmx3yu8k7nh0e47md8ffdleua7',''), ('aadd5ccc56ad31aebd91cd8f32f85ee48ee4bb0533bec83055b9b3c76c7256d9',0,'2be1aa8b4c18abfb9246d74707b1567f58f2f0d7b579271705466284a61f3c81',13,0,'00142da94403ade878861af50e8a669c0e0e307a9355',5000000000,'bcrt1q9k55gqadapugvxh4p69xd8qwpcc84y64fxy9xz',''), ('acd77c4dbd8d43d508799f0a7e7cdad5cded13da68b7ccb1616a5e7ac20ab09a',0,'5bfa94a3afd340064ac7fddabf25e12eea8324cbc9e0cd0c1fbd5351779ce88f',122,1,'6a5d0414761401',0,'',''), ('96656cdb0e0d2dbabe940805182f40d87289f1825dd79f6e088ca6dd162e212b',1,'671f4d3591613f725927d20ce3705cf0f65e3b36c9d125fec1b6fa5f2bb862c3',127,0,'6a24aa21a9ed89e888ffb43d4006a8f919cdbf3c03487648cdd0d47c337d20fd1b946a86a7b8',0,'',''), ('d4183cb125a1324a6c1c26b8db0582fd04d0254a555925a07ffb70829cdde83d',1,'29f456622f6322e2937b1a26df56dcd5f1128e5066ed9afb8b2e0afc95165a85',40,0,'6a24aa21a9ede2f61c3f71d1defd3fa999dfa36953755c690689799962b48bebd836974e8cf9',0,'',''), ('649535f130ac8c2d2ce408e4f56ac4800e4c3bfc5d173006d6730c4c455aec7c',0,'22f74fbb6d0c558b724f29b2105841f06e59c7e8563b96175681a64147d7248a',135,0,'001483de1bab1642b659529889af8315da52b214d6fa',5000000258,'bcrt1qs00ph2ckg2m9j55c3xhcx9w622epf4h6v8qzyp',''), ('d32bb94c6dbb404d53dccf798007a284daed43bcb00401f6ec0bef3a4c57aaed',0,'3b10ad1aef4247ae24292ad12355e8d9964e4715e9d002834fea13a82ccb3813',21,0,'00142da94403ade878861af50e8a669c0e0e307a9355',5000000000,'bcrt1q9k55gqadapugvxh4p69xd8qwpcc84y64fxy9xz',''), ('e3e95effa7258a568434d19d4c552e2511653ce3fb3c635156d2390a002ba59b',0,'5d9ba1e864787348eb8376a4187c68b38a57674f0e15641faabeedb1756c4109',103,0,'00142da94403ade878861af50e8a669c0e0e307a9355',5000000000,'bcrt1q9k55gqadapugvxh4p69xd8qwpcc84y64fxy9xz',''), ('eedbfc3e74a6496a2431412ab529037d9b8ed6289cb963a6685899f5f81b7bf6',0,'20608bd23d35c4ba20dfac32d73fd5fac43e0fa7365fb54add498d2f62cb4211',52,0,'00142da94403ade878861af50e8a669c0e0e307a9355',5000000000,'bcrt1q9k55gqadapugvxh4p69xd8qwpcc84y64fxy9xz',''), ('e0f028d7deada31c9af0b22dcf465c94909e4e94459ad979a749d56113c3074a',1,'7c5c26475e4cd8d024d35a2d018e8846903a7188a1b262af31e273d877061770',10,0,'6a24aa21a9ede2f61c3f71d1defd3fa999dfa36953755c690689799962b48bebd836974e8cf9',0,'',''), ('9bda5c7141b4ff48ff5546f99d53931da33e2216ed8c4bf0dfb7c8b5c7d3426e',1,'709e50d61304f7a6a4dabd14edd4dc73ea0bca943f501ffb295d23cfbd827296',95,0,'6a24aa21a9ede2f61c3f71d1defd3fa999dfa36953755c690689799962b48bebd836974e8cf9',0,'',''), ('b9f2221e8cd465f430fb182d07a02efacb960130760ac69c54c0a5fec1c9f26a',1,'43629e5c00af27826d00c0eda962e04421887c15373a525ba2c31df054e4b010',73,0,'6a24aa21a9ede2f61c3f71d1defd3fa999dfa36953755c690689799962b48bebd836974e8cf9',0,'',''), ('ff419a53bc5acf9d12b2a175c88bfef651793065cd56b007458e43b9eb0e1185',2,'3f6bef4d4aba819ccfc23755c7e99dfd5c8213463c374a11f34b15a1abd195ea',137,1,'00146efdfa14afb4072ebc569d742a5c3cb54692c49b',600,'bcrt1qdm7l5990ksrja0zkn46z5hpuk4rf93ym5ms9ar',''), ('6e4313f4add03df80b23e6269e8f6f0c2023fec8ac1f4c26f67987f8607b1901',0,'1c61c11cd01f5acb03233eac581ee3a04ae4496fdb7ff58566da09d1e1c853b8',49,0,'00142da94403ade878861af50e8a669c0e0e307a9355',5000000000,'bcrt1q9k55gqadapugvxh4p69xd8qwpcc84y64fxy9xz',''), ('acd77c4dbd8d43d508799f0a7e7cdad5cded13da68b7ccb1616a5e7ac20ab09a',2,'5bfa94a3afd340064ac7fddabf25e12eea8324cbc9e0cd0c1fbd5351779ce88f',122,1,'0014d7b2d98f178ca570d93165bb4348dfbf19ed63b0',9999243,'bcrt1q67ednrch3jjhpkf3vka5xjxlhuv76casq2cmcq',''), ('4850ead20c12105d787fdd706659608e84e6cd81f617c37063d9cc508d2b3c17',1,'4c1bf69a64d25818cecd9aebc7a9cd38cb6262ca9d71a05b8ca8e926ccc7f4f8',81,0,'6a24aa21a9ede2f61c3f71d1defd3fa999dfa36953755c690689799962b48bebd836974e8cf9',0,'',''), ('bad4ff7d293c2719494f3625f16c8024a5932ed9d4b54487baa66c9d3b3b68f1',1,'68da018480e39d40822768b1c889487eacae88bd860db89315d09acd773a26b5',106,0,'6a24aa21a9ede2f61c3f71d1defd3fa999dfa36953755c690689799962b48bebd836974e8cf9',0,'',''), ('17322eb5b7960e52dc5d16fe2751d7656de1365f442df55f8d7f1446300be6b0',0,'0dff1033cf68709225c47a1f509ccebddeed38bea48793f64066ff53f0fee7b3',120,0,'001401a8216818a6b835ae8017f975c2d85dac361c8c',5000000157,'bcrt1qqx5zz6qc56urtt5qzluhtskctkkrv8yvnhdxxc',''), ('73ec8431e09fa6f6375f4acb4ac7323b094e92396f847973f2c82fbcfc8aec78',3,'37bc062d1467236f657e8614e554b3253c919a82a81a4d44ca4d79da249921d1',124,1,'00146efdfa14afb4072ebc569d742a5c3cb54692c49b',600,'bcrt1qdm7l5990ksrja0zkn46z5hpuk4rf93ym5ms9ar',''), ('bee88e4d4b9fe23920c5abb1e05b08d06c5cd43484cfe5f038ad373cc491af4b',0,'5bfa94a3afd340064ac7fddabf25e12eea8324cbc9e0cd0c1fbd5351779ce88f',122,0,'00147db58999d8544c72dbf6646e39500801c1d00afa',5000000157,'bcrt1q0k6cnxwc23x89klkv3hrj5qgq8qaqzh6wfmpdf',''), ('e9cf86aef00dfb807dd19400152eccab841db7da6b31ad716aaf163cf6251d39',0,'625a8a305489f0dace6d21612bad7cf96329699dfa90e530cd3bf1d3b763a2ac',57,0,'00142da94403ade878861af50e8a669c0e0e307a9355',5000000000,'bcrt1q9k55gqadapugvxh4p69xd8qwpcc84y64fxy9xz',''), ('e78a3fd26bd3d2907159783cfac174daf3e01a8e3a8dccd4397028b5b892cbb7',1,'3a76c0748d945a0e8b87e8f0c2a64b22b3eac858b14faca57ee280e70532706c',131,1,'0014b56c2875fd2a8d542d1f95390fea4379d3cf815e',4849999070,'bcrt1qk4kzsa0a92x4gtglj5usl6jr08fulq27astuxt',''), ('63b03e7ef1918594fa34a125a90de5b293c209ae10e40436bca19e972b9c113e',0,'4d5954d40691fc140f01e2a93bef8688f9b51d66b0c0d5cef0e1bd2fe8a65e48',133,0,'001471c214715b08f2b52e93bd4acca224746b3f63ca',5000000141,'bcrt1qw8ppgu2mpret2t5nh49veg3yw34n7c72evkwku',''), ('a7c32d1205f9caf2fad005bd46ce4213a2e99b6d1b298b54ee0ed45053f967a9',1,'393cdae581f0d0dbba3c05cee04b222b9923b548d4e7e0a10ac6f2e150c6ff64',42,0,'6a24aa21a9ede2f61c3f71d1defd3fa999dfa36953755c690689799962b48bebd836974e8cf9',0,'',''), ('3c2ee965533798ca1e335bb4e32b0097b268fbbbf627d8346fe2619eb1a7be6a',0,'08467aedb98a462c2a86edebf738083c67c487710f134d4d095373dd9fdc749a',51,0,'00142da94403ade878861af50e8a669c0e0e307a9355',5000000000,'bcrt1q9k55gqadapugvxh4p69xd8qwpcc84y64fxy9xz',''), ('b8363366162e6969607ed2a7bee430584efb17e9fa44c628e95514c405d480ac',1,'13d0a972b2b521d87a9baa3b77156005a6f90504bcbbf351d4da1cf598f7496a',112,1,'5120206af9fd64550bef07353543dc62788e4bee42a564f450de41a2c16db654e01c',4889999610,'bcrt1pyp40nlty25977pe4x4paccnc3e97us49vn69phjp5tqkmdj5uqwqexcx2p',''), ('c90efae5b23c78aa9a7fdfe3a06e5ceb187b16853eae0c1fea6c4cc4f29dd3d0',0,'24bf1f806088f94c75bfb372356a3bd64de0a7564b331df76b30497991d297e3',111,6,'a914eed01799ac78b87be9f9eabdf6bdeb16f34f51ea87',100000000,'2NF1x6SNoZRbtAYT1hGNwZk7cuAHYsguU3p',''), ('73ec8431e09fa6f6375f4acb4ac7323b094e92396f847973f2c82fbcfc8aec78',2,'37bc062d1467236f657e8614e554b3253c919a82a81a4d44ca4d79da249921d1',124,1,'00146efdfa14afb4072ebc569d742a5c3cb54692c49b',600,'bcrt1qdm7l5990ksrja0zkn46z5hpuk4rf93ym5ms9ar',''), ('fe306afb19e7e87206b15f546705bd594713be164324072ccabef6fe14bb1e2b',1,'59874717563ddc3269bc95e30ee1a4da364a29fa50a61db3b4e50f9b1592fdc8',5,0,'6a24aa21a9ede2f61c3f71d1defd3fa999dfa36953755c690689799962b48bebd836974e8cf9',0,'',''), ('d4611d3ac328a840dc0e7aea5b509fcab158671fe6fc255394e5c20baa555dd1',0,'09ca5efa08788dcb54df1240423be6e8e16f15f6894aeba6012331079a38f7e2',132,0,'00140c49ff183c1eee1aff26a61af6eeaa17c06f725e',5000000289,'bcrt1qp3yl7xpurmhp4lex5cd0dm42zlqx7uj709f9jn',''), ('ae78fa683bc6c24953f4e8b4bdfb0dafcebed73940e7402bb57a3a37a61decf5',1,'57ca84b553921463b2a87c2b6f02b8d7b8d1b52ac6385b2b268876a37623b7bf',77,0,'6a24aa21a9ede2f61c3f71d1defd3fa999dfa36953755c690689799962b48bebd836974e8cf9',0,'',''), ('df8396cbb60501fee088fad7b79403a4260562533e614eb0c9a34238772080a8',1,'32f8d642fa771d5cb9e75fc7fc9bdc4e41bede83dc2dbfa003f1b3adaf670fca',53,0,'6a24aa21a9ede2f61c3f71d1defd3fa999dfa36953755c690689799962b48bebd836974e8cf9',0,'',''), ('eda353d97807057729e47de19542cf3e633ed31ffdd7591e4ebc2ac8bb43b336',0,'7c9fa8ec1054cf188bbfdf2e984fe83b58f5732629eacef3b0997c13886cba9d',32,0,'00142da94403ade878861af50e8a669c0e0e307a9355',5000000000,'bcrt1q9k55gqadapugvxh4p69xd8qwpcc84y64fxy9xz',''), ('bee88e4d4b9fe23920c5abb1e05b08d06c5cd43484cfe5f038ad373cc491af4b',1,'5bfa94a3afd340064ac7fddabf25e12eea8324cbc9e0cd0c1fbd5351779ce88f',122,0,'6a24aa21a9ed67d9773d37e9dd348067eb90286b31b94c7e1053452d1a84f20abe65fd71b9ec',0,'',''), ('9f30f40603869c917558371ef1bd2ad9cd84716ec1ce3a873dbb6b79ca1eecd8',1,'032ea57a123f520d2be58da9f9687594a076b818b82157cfa446d9b15c409fae',71,0,'6a24aa21a9ede2f61c3f71d1defd3fa999dfa36953755c690689799962b48bebd836974e8cf9',0,'',''), ('a29db67546dda0a7cabc34a7bd5e9a776d944618854ed862d84742cdc6ca19d3',0,'1ca808fd8cf7182a08e6b7a300ad309398378daa0b37c75513708db27ca70bee',25,0,'00142da94403ade878861af50e8a669c0e0e307a9355',5000000000,'bcrt1q9k55gqadapugvxh4p69xd8qwpcc84y64fxy9xz',''), ('58b60736058be8b722b32890adbd565480e780a0f7a41fcff5c0258ad387e6cb',1,'2667148c4101f160dda3a0129c86c594fea1450359f49bbb8e5bd268bfb1cf34',90,0,'6a24aa21a9ede2f61c3f71d1defd3fa999dfa36953755c690689799962b48bebd836974e8cf9',0,'',''), ('72a4befca5ce5424f4c50a235fd10e5a8ed0ab0ef1f81b2830ea196bac7a9f26',0,'39ba426a3c448bf719fb07e20867c510f77cd880283f42c2f4f8e34183ddeb82',47,0,'00142da94403ade878861af50e8a669c0e0e307a9355',5000000000,'bcrt1q9k55gqadapugvxh4p69xd8qwpcc84y64fxy9xz',''), ('2c33ce96101dd542eeb62fd9557302c3e955c1cf17298caa6ab8252349172257',1,'6f7aa9feb3ae9fb122c5d69618ec0a0538f4234505bd565e7f81925180a8a68c',26,0,'6a24aa21a9ede2f61c3f71d1defd3fa999dfa36953755c690689799962b48bebd836974e8cf9',0,'',''), ('c26b2a2e00a5e371b161144f9c35ac7832e88ce03dde02112bfddeeac576dfa0',1,'2c70d4c36d242f260c20b9b46d00ede189f323590f90306a475530b9317d6041',134,0,'6a24aa21a9ede52196710e26dee682626ef155e16c7c5c804f429afd169b534c62bf71e9c40b',0,'',''), ('38262dffc3c2654397c0799fa0312929c900cad5386eef6e0057568592392f7c',0,'134646d6d7ff2900220603889742532b8e905d7065d2118a24d4b58ee6c0576f',11,0,'00142da94403ade878861af50e8a669c0e0e307a9355',5000000000,'bcrt1q9k55gqadapugvxh4p69xd8qwpcc84y64fxy9xz',''), ('9fa7bc6875b0f8df178a9f94e0b04f65cf40f4eaa28220fb06bc86fb944a0b6f',0,'38b88c951db03bfea464d6b0aeca9873bcb91be75b06f0939f6cafc6c0db3c68',8,0,'00142da94403ade878861af50e8a669c0e0e307a9355',5000000000,'bcrt1q9k55gqadapugvxh4p69xd8qwpcc84y64fxy9xz',''), ('efe2699ae43c04404f5a246b636109b4e34127a4aac7c8e499ef0ace9025f3dd',1,'1a9d60c9f56f9bcc55056084ed646308ecb56cf779d20026bf08c955a8970482',96,0,'6a24aa21a9ede2f61c3f71d1defd3fa999dfa36953755c690689799962b48bebd836974e8cf9',0,'',''), ('184c756104267aa213231226512fb29e1b08c31987405184a690ef43ca723955',0,'13a0c78cea42fc43884358123d5df683f1fb572245d2eb69243ba14c6557173e',7,0,'00142da94403ade878861af50e8a669c0e0e307a9355',5000000000,'bcrt1q9k55gqadapugvxh4p69xd8qwpcc84y64fxy9xz',''), ('9f30f40603869c917558371ef1bd2ad9cd84716ec1ce3a873dbb6b79ca1eecd8',0,'032ea57a123f520d2be58da9f9687594a076b818b82157cfa446d9b15c409fae',71,0,'00142da94403ade878861af50e8a669c0e0e307a9355',5000000000,'bcrt1q9k55gqadapugvxh4p69xd8qwpcc84y64fxy9xz',''), ('fe3853979259d0ac6d1d48bec45135daa218ae284189ea2d9d556641de1bf4bd',0,'463bc341c9b8e1337932791e8fecf20eaa1631093cc54026ff7e35b7c5b92255',70,0,'00142da94403ade878861af50e8a669c0e0e307a9355',5000000000,'bcrt1q9k55gqadapugvxh4p69xd8qwpcc84y64fxy9xz',''), ('fddba5e089fa2418aa52450e0421899e46b66ab11e7a6f73318a7a1088d110d1',1,'2c70d4c36d242f260c20b9b46d00ede189f323590f90306a475530b9317d6041',134,1,'00149cddacc31af58240e9ba690653488cebbb4c3522',4829998788,'bcrt1qnnw6esc67kpyp6d6dyr9xjyvawa5cdfzf5fmf3',''), ('33f69845c0d27e44f651415a7d0d50d02a03087eace56d3e9521745f3fc022f1',1,'2d02407a02d973d03f6767fe259804a011653c98095eb5b4d50bfe445c1dbce4',33,0,'6a24aa21a9ede2f61c3f71d1defd3fa999dfa36953755c690689799962b48bebd836974e8cf9',0,'',''), ('1b4fc4d3f84547bad7e29fa72e007008081e45bb004efd9f8e0d1be5db5566f0',0,'24bf1f806088f94c75bfb372356a3bd64de0a7564b331df76b30497991d297e3',111,8,'0014d45fa518b829d0f5510b5c1ce0ee56a95d8242d4',100000000,'bcrt1q63062x9c98g025gttswwpmjk49wcysk5jeh4pd',''), ('333412d88f205dbf0c6f3a7e488f076d99a619242fc775653961febfe944806d',0,'6f5cdddb066d43ce7670544b16bd871c0a69016819908aafe0f7cd41920c9d29',129,0,'0014cb6b63d43f685ee0e33dfd0d4c190e1c874d80e0',5000000141,'bcrt1qed4k84pldp0wpceal5x5cxgwrjr5mq8qgwwzdq',''), ('29fb3331a5770a6dd3181411c1ed0c1708245445e15753ca3ed672e1a125c626',1,'722a260aec115a9bfe91c9ec71e8e99554feabb100bf126c41202642198eb727',30,0,'6a24aa21a9ede2f61c3f71d1defd3fa999dfa36953755c690689799962b48bebd836974e8cf9',0,'',''), ('2e828ee3c4084d33c687b035b85ee6b2ee6d2192a289c674932ceba7110b0911',0,'52fb8bfe53b2a406815d7d0b22a0d0b97122d61e4bb56a26be51b33d9f316673',136,0,'0014481a1ccd7f3f98e2cd25fa7eb348f7e7b124885d',5000000141,'bcrt1qfqdpentl87vw9nf9lfltxj8hu7cjfzza2gfl4w',''), ('de7bb2b4b6d8fb9cf92fb26a6683cf37fa6ff54b4b430b9134658fb3a715ca08',0,'52b64d19a5c33dd0916d82674989a2f88b22e00f63827410b610d1da62d1980b',63,0,'00142da94403ade878861af50e8a669c0e0e307a9355',5000000000,'bcrt1q9k55gqadapugvxh4p69xd8qwpcc84y64fxy9xz',''), ('9473bc18e1b8f12d4ce8da8abddbde42622a6304b098a3792be6f12f68719c35',1,'4051942e6c795dbe027242d11c1fd5d7836c8cced2bc200a320137952ab26fcb',105,0,'6a24aa21a9ede2f61c3f71d1defd3fa999dfa36953755c690689799962b48bebd836974e8cf9',0,'',''), ('8c7245e7c7fdc52097f98a991976548ceeb3aacb3e3c96a26853f84c1c776759',0,'012c9051e9df22896098466b22163cb646f1d05711b485eb2621eb63f9f5b24e',62,0,'00142da94403ade878861af50e8a669c0e0e307a9355',5000000000,'bcrt1q9k55gqadapugvxh4p69xd8qwpcc84y64fxy9xz',''), ('406a6f47f62ecb502b93332297a1c191b541ddfa02d412acc3f14ea7921025d7',1,'5892815696bf81b82627bfef9b8e35dbccea6f7ff81be35e57c638fe5e8a9336',78,0,'6a24aa21a9ede2f61c3f71d1defd3fa999dfa36953755c690689799962b48bebd836974e8cf9',0,'',''), ('d93ae153e35e1c2bd7db901786ef04555e8ec367fb94b2129d8443ef30fa2161',0,'774b433e000afbcde3bccd9893e8aa835ff227e1e72c83203b0209f35c78c890',38,0,'00142da94403ade878861af50e8a669c0e0e307a9355',5000000000,'bcrt1q9k55gqadapugvxh4p69xd8qwpcc84y64fxy9xz',''), ('c1cc65685430b4b7b925c4f52885c4123621ea850b27480bcef94efb3ad046fc',0,'6a9c47b72bf00034934774269bc6d3c0192dba419be588575970ac340e369aa9',18,0,'00142da94403ade878861af50e8a669c0e0e307a9355',5000000000,'bcrt1q9k55gqadapugvxh4p69xd8qwpcc84y64fxy9xz',''), ('58962c96f1b981a5fafbd64b3d44a8ac0922dee330a8211e73395681cf3588b2',1,'3132a7578a6cfeb9419833089caf834552e524d971e9f66daf302fc3d73db7e8',118,1,'512003df5ab563654174293563f7abf463c3d8c687e110ba69eca7e6bd1e86c5749e',9999817,'bcrt1pq0044dtrv4qhg2f4v0m6harrc0vvdplpzzaxnm98u673apk9wj0qpq4zk3',''), ('c3775672b925b7173dea8d9da5fc6db5b214658091de31818fee38701f6819a3',3,'22f74fbb6d0c558b724f29b2105841f06e59c7e8563b96175681a64147d7248a',135,1,'0014d7b2d98f178ca570d93165bb4348dfbf19ed63b0',9999142,'bcrt1q67ednrch3jjhpkf3vka5xjxlhuv76casq2cmcq',''), ('00a2e16f4cb803442a75d6cd1a8926d71ae5dc7ccfba17fc1662f4915f6ccfa6',0,'18f9cb7ad5dbd612d585aa83d85052f6bbdda9052d17095297aa72c856fbdcec',101,0,'00142da94403ade878861af50e8a669c0e0e307a9355',5000000000,'bcrt1q9k55gqadapugvxh4p69xd8qwpcc84y64fxy9xz',''), ('1a6c8bbac349ff89ad968ab117c8474c632b4caf61131e53e477efe0fb4e6466',0,'45ea53ed57874bd650130223fd2e49e6a10f729eafc1f71947475e71bad2514a',116,0,'0014abcc54ba7a82c6e6c21da15f13add6e728e368e7',5000000000,'bcrt1q40x9fwn6strwdssa59038twkuu5wx688sth235',''), ('2f21030d938662fe5627f0f7f80917e5224d69ec48f3e5619f9b3e3026f82c29',0,'29f4e640cfc97a5561c6ab532eaaeeb5890e3b1eaaaf3a3acc2f2b69a0693b33',2,0,'00142da94403ade878861af50e8a669c0e0e307a9355',5000000000,'bcrt1q9k55gqadapugvxh4p69xd8qwpcc84y64fxy9xz',''), ('da309477cda5aa8ff52b44eb87e7baee64737b038819786dcb6a950152836806',0,'48cc7e65753423599327b02bf6ef212dd7d95f5154697bcf56edbc2e87f916e0',138,0,'00141d89da4508bfa14d031cfc167a9cad36f397d0d4',5000000141,'bcrt1qrkya53ggh7s56qculst8489dxmee05x50q2epz',''), ('8440390642ae75a599d968d82f289239eb13c7ed357b81b131db315f7a532d73',1,'7e485a3eaab9fd8ad9f86012fb33bec9e6953ca3e114b14e583fb9ed58f0e6da',3,0,'6a24aa21a9ede2f61c3f71d1defd3fa999dfa36953755c690689799962b48bebd836974e8cf9',0,'',''), ('a29db67546dda0a7cabc34a7bd5e9a776d944618854ed862d84742cdc6ca19d3',1,'1ca808fd8cf7182a08e6b7a300ad309398378daa0b37c75513708db27ca70bee',25,0,'6a24aa21a9ede2f61c3f71d1defd3fa999dfa36953755c690689799962b48bebd836974e8cf9',0,'',''), ('fe3853979259d0ac6d1d48bec45135daa218ae284189ea2d9d556641de1bf4bd',1,'463bc341c9b8e1337932791e8fecf20eaa1631093cc54026ff7e35b7c5b92255',70,0,'6a24aa21a9ede2f61c3f71d1defd3fa999dfa36953755c690689799962b48bebd836974e8cf9',0,'',''), ('18139d47d017b13a80886653776ce4eaf4a4539d64ea0c6da25b084e8687ad01',1,'6ad8bf9a008e609bb38e46324e0781041e433feaa9a6e508ec651a113d8c91e6',14,0,'6a24aa21a9ede2f61c3f71d1defd3fa999dfa36953755c690689799962b48bebd836974e8cf9',0,'',''), ('2e828ee3c4084d33c687b035b85ee6b2ee6d2192a289c674932ceba7110b0911',1,'52fb8bfe53b2a406815d7d0b22a0d0b97122d61e4bb56a26be51b33d9f316673',136,0,'6a24aa21a9ede01325ff61005b0931389ef48c7a84fd09b3899cf3ce83222cfdbbd95b6e2fa7',0,'',''), ('90f62515a96ef3722d9bb062ea0d0d905034a4f59ef5126b001af474d38746db',1,'3132a7578a6cfeb9419833089caf834552e524d971e9f66daf302fc3d73db7e8',118,0,'6a24aa21a9ed5938a1fe059ac2f8c29ef37a89781b4c55a57fa261f2065ada14ebe3a1154bcf',0,'',''), ('fb3c2f6febc30ff7e676ca95dc96f8b70fa1756951968b67953d877900b0185b',1,'2f5073754ff81495f596a9ea09f822cbb3b8258b6d8a99ce5943651bc64aca50',61,0,'6a24aa21a9ede2f61c3f71d1defd3fa999dfa36953755c690689799962b48bebd836974e8cf9',0,'',''), ('e7e5e028299fd86cdad1232c8f10969b4a9fc7a76971759f40966dd514818c21',0,'4cfda87f3d849ea6280b6ab323243fb2d7eb67f851989b151be4dec4b55d4a69',17,0,'00142da94403ade878861af50e8a669c0e0e307a9355',5000000000,'bcrt1q9k55gqadapugvxh4p69xd8qwpcc84y64fxy9xz',''), ('a506a2c0548b4f5e7881492ad0816345c9f892c22fd88533f88c74584fd3b47c',1,'225e0b49e5b3862055c2daa91af05e7721f611b1154d98f2534fee55d7290fd7',54,0,'6a24aa21a9ede2f61c3f71d1defd3fa999dfa36953755c690689799962b48bebd836974e8cf9',0,'',''), ('9b57374c1e9eae1fd58b9c8b0b678cc8601c122c8616d335d164cb1eb72c7aa5',0,'6dfb6091f04865c5cbab36c6703ad589ef1647b3b9f199284addc5fbb8549283',126,1,'6a5d0414761401',0,'',''), ('9b57374c1e9eae1fd58b9c8b0b678cc8601c122c8616d335d164cb1eb72c7aa5',1,'6dfb6091f04865c5cbab36c6703ad589ef1647b3b9f199284addc5fbb8549283',126,1,'0014d7b2d98f178ca570d93165bb4348dfbf19ed63b0',9997222,'bcrt1q67ednrch3jjhpkf3vka5xjxlhuv76casq2cmcq',''), ('b2644c9d04ecdec0e0452b0b847004dea76197676d856210ad25104e13c687c0',0,'47f6f50e175496b35108cac9049324a0e672e806fff4f7226f87622bac9b18d4',85,0,'00142da94403ade878861af50e8a669c0e0e307a9355',5000000000,'bcrt1q9k55gqadapugvxh4p69xd8qwpcc84y64fxy9xz',''), ('b3519f09549f5763072656963cf18905f742cd0c72bcc5964f7486fab901be65',0,'38af1f8c806081bc918171016b5a06dfef9d83368524adcefe1e32f68759b01f',104,0,'00142da94403ade878861af50e8a669c0e0e307a9355',5000000000,'bcrt1q9k55gqadapugvxh4p69xd8qwpcc84y64fxy9xz',''), ('c1cc65685430b4b7b925c4f52885c4123621ea850b27480bcef94efb3ad046fc',1,'6a9c47b72bf00034934774269bc6d3c0192dba419be588575970ac340e369aa9',18,0,'6a24aa21a9ede2f61c3f71d1defd3fa999dfa36953755c690689799962b48bebd836974e8cf9',0,'',''), ('6a9738afad6422829bb9a86e24ddbee8eb73dfa74d49d4553bd53e7ac3a79022',0,'2fa550819fd3553100ff04cd37101739cbcc6a31ccae283db327e6c60bca8916',16,0,'00142da94403ade878861af50e8a669c0e0e307a9355',5000000000,'bcrt1q9k55gqadapugvxh4p69xd8qwpcc84y64fxy9xz',''), ('eda353d97807057729e47de19542cf3e633ed31ffdd7591e4ebc2ac8bb43b336',1,'7c9fa8ec1054cf188bbfdf2e984fe83b58f5732629eacef3b0997c13886cba9d',32,0,'6a24aa21a9ede2f61c3f71d1defd3fa999dfa36953755c690689799962b48bebd836974e8cf9',0,'',''), ('d306ce780ba1ead1584c511a0e8ab4e8f994e5170897e1ead17e554c3b665f89',1,'29c27debb5b6e03a71bf40d54967925c0cba2e43253f01ac830d6422b9dd7c34',97,0,'6a24aa21a9ede2f61c3f71d1defd3fa999dfa36953755c690689799962b48bebd836974e8cf9',0,'',''), ('a6784ec7a29035e03886a22c71df3725da22d5ec4539ebdaa9020688f80be28f',0,'24bf1f806088f94c75bfb372356a3bd64de0a7564b331df76b30497991d297e3',111,5,'76a9147a4af693911274a55a7199316fa8ec2cb40b398388ac',100000000,'mrfaXzS5GkffJ7w7aHqheqTi81CGAgW3QL',''), ('3c0995475cb14be31328ab7631dc3f7e4559c891459b29cf9caafd9b3d696485',2,'09ca5efa08788dcb54df1240423be6e8e16f15f6894aeba6012331079a38f7e2',132,1,'00144034ffbc01530b96bca8bc5313ac536220a76689',600,'bcrt1qgq60l0qp2v9ed09gh3f38tznvgs2we5fpuj4jv',''), ('b7fea6ff80f609cc0e28b248b4b1924406a8aefe588b792973531b5c99e75976',0,'507545c89d04daa3a6b9957f84f0713d55bc6fa0e6cec39b511c1cd9df2e18f3',45,0,'00142da94403ade878861af50e8a669c0e0e307a9355',5000000000,'bcrt1q9k55gqadapugvxh4p69xd8qwpcc84y64fxy9xz',''), ('d20ab3813da026c9eb8d7f3c97aa33a15f05ad7fdaf073e124dceab7a5cf415f',1,'4018f9bc483aa6571adcdcf65584a70295591ebccb8694425a17c6022193faaf',87,0,'6a24aa21a9ede2f61c3f71d1defd3fa999dfa36953755c690689799962b48bebd836974e8cf9',0,'',''), ('0b0f71bff3927071f41fd698ceab829892b948ba555cce19ad4d22d8fce5f5fa',1,'2cde7e6feb785235e0869b8e795f99193841f138eeb87ba962e398e9b27e7b4f',43,0,'6a24aa21a9ede2f61c3f71d1defd3fa999dfa36953755c690689799962b48bebd836974e8cf9',0,'',''), ('7ba48104b4e7e36d010497f402648c576b29b66f42e5792c2a400add970c33ed',1,'0dff1033cf68709225c47a1f509ccebddeed38bea48793f64066ff53f0fee7b3',120,1,'6a5d0414761401',0,'',''), ('c3775672b925b7173dea8d9da5fc6db5b214658091de31818fee38701f6819a3',0,'22f74fbb6d0c558b724f29b2105841f06e59c7e8563b96175681a64147d7248a',135,1,'00146efdfa14afb4072ebc569d742a5c3cb54692c49b',600,'bcrt1qdm7l5990ksrja0zkn46z5hpuk4rf93ym5ms9ar',''), ('b0dc7c1e83e82775e2deb56eda05967cc6f312bf884962a106a852b02134006f',1,'721d3d5263697d6cd0ecc0e6e464e48589743e7ba5985c9fd3e7f6474741c657',79,0,'6a24aa21a9ede2f61c3f71d1defd3fa999dfa36953755c690689799962b48bebd836974e8cf9',0,'',''), ('dd3140a53766e066bb99ef4e387ab536979b44452c7294af0153de64d7c06882',1,'55ca345515461f4becea2bfb80e9a7224980582589890da9305367803c61ce7b',29,0,'6a24aa21a9ede2f61c3f71d1defd3fa999dfa36953755c690689799962b48bebd836974e8cf9',0,'',''), ('cb6fc60eded1122f76a31d23b60d405c7a513debdbc69ee18f6aeafe4927e113',0,'3185171602f89e3744df28e5363171bb4cb5d264aa40501f047bdcda829148e2',6,0,'00142da94403ade878861af50e8a669c0e0e307a9355',5000000000,'bcrt1q9k55gqadapugvxh4p69xd8qwpcc84y64fxy9xz',''), ('2413237c4e484d442b9bb1d6eb2ea3027582ef32e247a30c767e0d49a804a125',1,'31475fcb34846d9f603fbb0b3e2b01fb3eaaadcf57edbfb3f762dba3f7b8e7cd',110,0,'6a24aa21a9ede2f61c3f71d1defd3fa999dfa36953755c690689799962b48bebd836974e8cf9',0,'',''), ('96656cdb0e0d2dbabe940805182f40d87289f1825dd79f6e088ca6dd162e212b',0,'671f4d3591613f725927d20ce3705cf0f65e3b36c9d125fec1b6fa5f2bb862c3',127,0,'0014ad495e106b3db519d2332cc90d418f89fec9762f',5000000141,'bcrt1q44y4uyrt8k63n53n9nys6sv038lvja30psr7ya',''), ('73df963ebf035ceb00914e7f8d0e89e5098f58301306db18bafe6dd6a0931966',1,'5bbeca82710867c693348de2852012a3cf0cce42feb4c312861237cf4b781bf1',56,0,'6a24aa21a9ede2f61c3f71d1defd3fa999dfa36953755c690689799962b48bebd836974e8cf9',0,'',''), ('c2dce1f6734c451c949ca11c16d9b24961ffa093b8796988039a154780a41b87',0,'64a535206a8f605623cb23f1201569f1baf489aedf22d529b1ad0664ce7fdcf9',123,1,'0014d7b2d98f178ca570d93165bb4348dfbf19ed63b0',10000000,'bcrt1q67ednrch3jjhpkf3vka5xjxlhuv76casq2cmcq',''), ('c2dce1f6734c451c949ca11c16d9b24961ffa093b8796988039a154780a41b87',1,'64a535206a8f605623cb23f1201569f1baf489aedf22d529b1ad0664ce7fdcf9',123,1,'0014fc005486e1fe1523014d310aded9aeca7a6be900',4889999693,'bcrt1qlsq9fphplc2jxq2dxy9dakdwefaxh6gqpmvej8',''), ('a660ccee9c3a4ad6b56ef8321701504f6f54ca995853d4aa86f1ad2359dd32f1',1,'313727c3e8fe6ed03b35ee54ffe79533a1ccccda29dcb9ebf9150798553d1a39',59,0,'6a24aa21a9ede2f61c3f71d1defd3fa999dfa36953755c690689799962b48bebd836974e8cf9',0,'',''), ('1f4987ee33d309b2ad7e1d1e4ede08cf817052840663eb1a890b936a3f0dbf96',1,'64a535206a8f605623cb23f1201569f1baf489aedf22d529b1ad0664ce7fdcf9',123,0,'6a24aa21a9ed4b7a944cbfb49d708bb1bea80ec924db434bd879b56bfd385fb35671de32b9f3',0,'',''), ('ff419a53bc5acf9d12b2a175c88bfef651793065cd56b007458e43b9eb0e1185',0,'3f6bef4d4aba819ccfc23755c7e99dfd5c8213463c374a11f34b15a1abd195ea',137,1,'00146efdfa14afb4072ebc569d742a5c3cb54692c49b',600,'bcrt1qdm7l5990ksrja0zkn46z5hpuk4rf93ym5ms9ar',''), ('4850ead20c12105d787fdd706659608e84e6cd81f617c37063d9cc508d2b3c17',0,'4c1bf69a64d25818cecd9aebc7a9cd38cb6262ca9d71a05b8ca8e926ccc7f4f8',81,0,'00142da94403ade878861af50e8a669c0e0e307a9355',5000000000,'bcrt1q9k55gqadapugvxh4p69xd8qwpcc84y64fxy9xz',''), ('b38b18e437290fa2be43e68c4568ca01ec9dd996d761be391bb44c8416d567d7',0,'2734e979254c576c7fa090e1bbcfcf9f16ac1af4eeffad6e75fdba8e7448d3c4',102,0,'00142da94403ade878861af50e8a669c0e0e307a9355',5000000000,'bcrt1q9k55gqadapugvxh4p69xd8qwpcc84y64fxy9xz',''), ('f7d65962d2688a8927949114353d3bc7226e93a7d16ec4fb9a04c812b96afd18',1,'4228bfef68a7823943f49d98516a760b6f01cfce616b3bd84ec1d09d7402c813',115,0,'6a24aa21a9ede2f61c3f71d1defd3fa999dfa36953755c690689799962b48bebd836974e8cf9',0,'',''), ('efe2699ae43c04404f5a246b636109b4e34127a4aac7c8e499ef0ace9025f3dd',0,'1a9d60c9f56f9bcc55056084ed646308ecb56cf779d20026bf08c955a8970482',96,0,'00142da94403ade878861af50e8a669c0e0e307a9355',5000000000,'bcrt1q9k55gqadapugvxh4p69xd8qwpcc84y64fxy9xz',''), ('aa44d740dc05bf330665dbbc83bd81cda09dc662063ec91781b35818444a5d1f',1,'3237e5f79dee85ee0b44bd52d2915d73f40a5b0480fa1162c531c5f35e7e3f76',28,0,'6a24aa21a9ede2f61c3f71d1defd3fa999dfa36953755c690689799962b48bebd836974e8cf9',0,'',''), ('7a1d6a662282ab57fcd15f4ead9effc8f1cbfbc49ded10fc5a586d997863437e',0,'3f6bef4d4aba819ccfc23755c7e99dfd5c8213463c374a11f34b15a1abd195ea',137,0,'0014f77755d894c0aed2d3909a07f17bfbafa2989d8a',5000000366,'bcrt1q7am4tky5czhd95usngrlz7lm473f38v2w9fcvy',''), ('84d2628af2317fd791f7468b313d3c3dc87c6257d2d3fce2cb1cfb7d58c572ca',1,'49f11a2e45a48a7d7fbcc504fdd2973d004610eb336e528415147ecf8d748318',4,0,'6a24aa21a9ede2f61c3f71d1defd3fa999dfa36953755c690689799962b48bebd836974e8cf9',0,'',''), ('cf35afa0093299ee3310eab9913040aa9e9f245f08e997776e395a1572f76add',1,'4dab652f0980b7f6c8634315af35f191cbc4992734336791611607049749ad8f',65,0,'6a24aa21a9ede2f61c3f71d1defd3fa999dfa36953755c690689799962b48bebd836974e8cf9',0,'',''), ('c30eb45021ee8fb5aba0ff5456293452bca82a39335d246727c739b13d6f6bd2',0,'5d0325843fe289ecde232d951b339f0f7bca73a428a2dcd215d5da28e9a5b39c',68,0,'00142da94403ade878861af50e8a669c0e0e307a9355',5000000000,'bcrt1q9k55gqadapugvxh4p69xd8qwpcc84y64fxy9xz',''), ('5fd035933042d955926cd8625dab660acc9380c82b7a99a3c785bb70e783350f',0,'05e2d929470cea41fb442cccff393a9445d7c01f3ee3eb4f440c3ef844908d57',46,0,'00142da94403ade878861af50e8a669c0e0e307a9355',5000000000,'bcrt1q9k55gqadapugvxh4p69xd8qwpcc84y64fxy9xz',''), ('d73a48948d2f16245416eb8fe3dd7612e3bdfd73e6654a7b0194458a98bbce83',1,'50e6f2d3e48049f7ed700274dd42801442071cbf0e878cec9414df7efc891126',113,0,'6a24aa21a9ede2f61c3f71d1defd3fa999dfa36953755c690689799962b48bebd836974e8cf9',0,'',''), ('58b60736058be8b722b32890adbd565480e780a0f7a41fcff5c0258ad387e6cb',0,'2667148c4101f160dda3a0129c86c594fea1450359f49bbb8e5bd268bfb1cf34',90,0,'00142da94403ade878861af50e8a669c0e0e307a9355',5000000000,'bcrt1q9k55gqadapugvxh4p69xd8qwpcc84y64fxy9xz',''), ('6c6bbcd0ac763b51cccd29e6d58d89628a835d96f258c153c39119f2432c1793',1,'671f4d3591613f725927d20ce3705cf0f65e3b36c9d125fec1b6fa5f2bb862c3',127,1,'0014d7b2d98f178ca570d93165bb4348dfbf19ed63b0',10000000,'bcrt1q67ednrch3jjhpkf3vka5xjxlhuv76casq2cmcq',''), ('c90efae5b23c78aa9a7fdfe3a06e5ceb187b16853eae0c1fea6c4cc4f29dd3d0',1,'24bf1f806088f94c75bfb372356a3bd64de0a7564b331df76b30497991d297e3',111,6,'a914f41afda20ae90e6c2a116bbf6afccba83db474b387',4899999857,'2NFVwCSXsRAYp2ezyubYLznbYL8FEkY6yWv',''), ('5fd035933042d955926cd8625dab660acc9380c82b7a99a3c785bb70e783350f',1,'05e2d929470cea41fb442cccff393a9445d7c01f3ee3eb4f440c3ef844908d57',46,0,'6a24aa21a9ede2f61c3f71d1defd3fa999dfa36953755c690689799962b48bebd836974e8cf9',0,'',''), ('ab6f4407308d1d2a6b4de661ec1421a203b556b790858247ab33a3cf249d6ae4',0,'556e66d9e7e8efbd3bb57d538d1e117ea464b8f0e640ddc6b31133e75659e284',93,0,'00142da94403ade878861af50e8a669c0e0e307a9355',5000000000,'bcrt1q9k55gqadapugvxh4p69xd8qwpcc84y64fxy9xz',''), ('2df2119b7bedb7e9e975ab31e9089c7c3fb6f57aea0f2ef5f1083cd9787b5238',1,'42b456d358ddda2bcbda32cca6b6cc16405aeb0277643e8c923ec80dc6e8204c',100,0,'6a24aa21a9ede2f61c3f71d1defd3fa999dfa36953755c690689799962b48bebd836974e8cf9',0,'',''), ('63b03e7ef1918594fa34a125a90de5b293c209ae10e40436bca19e972b9c113e',1,'4d5954d40691fc140f01e2a93bef8688f9b51d66b0c0d5cef0e1bd2fe8a65e48',133,0,'6a24aa21a9ed3eb032f0cd290b89fc482e3610886723357418db8164b2e0bc36991952869ec8',0,'',''), ('6b4f698c0480375dc3a3a3089b128ada537d801dd0f90533de764887500181f6',0,'37bc062d1467236f657e8614e554b3253c919a82a81a4d44ca4d79da249921d1',124,0,'0014eeef33a68818696f3ceb0962ab02d5e98db79431',5000000252,'bcrt1qamhn8f5grp5k708tp932kqk4axxm09p3lzcv55',''), ('2e52544259de537c3023b82b0e7c45e055107c5ca39f1c995d27890e5aa60c8b',1,'057bccaea21e0edd73e0b8fd66fac8ae88c11eba0757946b0045566455fab649',34,0,'6a24aa21a9ede2f61c3f71d1defd3fa999dfa36953755c690689799962b48bebd836974e8cf9',0,'',''), ('2ef9641afe072cf11ec445d0d879a0f81ccb436f3992d7cd6daca671e90984cf',1,'14e389ee07ee55fb6d06b678e4a98c6ac4a6f74dd1042922535fc7d3edae9215',27,0,'6a24aa21a9ede2f61c3f71d1defd3fa999dfa36953755c690689799962b48bebd836974e8cf9',0,'',''), ('2eaff11f8b43e28bc4193d3bc7decc0901c55ed53b795ef3925cee52aad367b6',0,'4b78039e50b19493fbcc49ae002c0badfe5fdbd68bbb831f112bb7d25379d524',55,0,'00142da94403ade878861af50e8a669c0e0e307a9355',5000000000,'bcrt1q9k55gqadapugvxh4p69xd8qwpcc84y64fxy9xz',''), ('1e84565ebe16c21344530529d5fea15d84549ca0fcbd56bc80168405c8b2c847',0,'6cfe3cd9b65e3c921efef0552d05a8e027a8571f766c8cd0c3bcd519c8601af3',128,1,'6a5d06147614011605',0,'',''), ('0c0457f0ad8b9dd6eaf5549ef3f7759cffe320befaa6390252e3b806391859c1',0,'13026436b4bdc233d6fb646fc8e4817413254e7a076b2236eb4a5da42243173c',74,0,'00142da94403ade878861af50e8a669c0e0e307a9355',5000000000,'bcrt1q9k55gqadapugvxh4p69xd8qwpcc84y64fxy9xz',''), ('bcc5d9159e585729efacaa4635569955267deebf4d8593240ea9e44757549e9d',0,'46c31f908f4d7c0c4fc5bb5c9e15ae88551a9e34e98f7e1a9cad534fd62c807e',94,0,'00142da94403ade878861af50e8a669c0e0e307a9355',5000000000,'bcrt1q9k55gqadapugvxh4p69xd8qwpcc84y64fxy9xz',''), ('d56a446c8335881bc210df7603fca26c1e02b83fa68d91174f43951de17e8fed',0,'4d5954d40691fc140f01e2a93bef8688f9b51d66b0c0d5cef0e1bd2fe8a65e48',133,1,'0014fc306c2b4f2669cfad1cd596acf661fc7570bf84',4839998929,'bcrt1qlscxc260ye5ultgu6kt2eanpl36hp0uy5mg9cc',''), ('dc15c81573d5657c872c863884fc684ae72fa584a0b30c08b2ccd57505a8eb46',1,'1633335d546971d5367edb969a0bd2281618a59e6f39292aa48053ac1fdfc4c1',86,0,'6a24aa21a9ede2f61c3f71d1defd3fa999dfa36953755c690689799962b48bebd836974e8cf9',0,'',''), ('428ac779b02094ae4009626d0b5e03727bec57a44207e025fbe8a641a9d9cb82',5,'2b536d65b8bc08a1b1cdea08c1a02c33e339f3f93c99ba1db3d4d0c6ae849760',139,1,'6a5d050076010d07',0,'',''), ('4034a64ffa3ad5dacc88d0d308ac23271c9514212870e22f41aa94893758331b',0,'6f5cdddb066d43ce7670544b16bd871c0a69016819908aafe0f7cd41920c9d29',129,1,'0014d7b2d98f178ca570d93165bb4348dfbf19ed63b0',10000000,'bcrt1q67ednrch3jjhpkf3vka5xjxlhuv76casq2cmcq',''), ('2f21030d938662fe5627f0f7f80917e5224d69ec48f3e5619f9b3e3026f82c29',1,'29f4e640cfc97a5561c6ab532eaaeeb5890e3b1eaaaf3a3acc2f2b69a0693b33',2,0,'6a24aa21a9ede2f61c3f71d1defd3fa999dfa36953755c690689799962b48bebd836974e8cf9',0,'',''), ('9fa7bc6875b0f8df178a9f94e0b04f65cf40f4eaa28220fb06bc86fb944a0b6f',1,'38b88c951db03bfea464d6b0aeca9873bcb91be75b06f0939f6cafc6c0db3c68',8,0,'6a24aa21a9ede2f61c3f71d1defd3fa999dfa36953755c690689799962b48bebd836974e8cf9',0,'',''), ('cd6ab98dfe264c7c5cbbc46625453ced9b69c2b59dfc91efe688576408d18f41',1,'24bf1f806088f94c75bfb372356a3bd64de0a7564b331df76b30497991d297e3',111,0,'6a24aa21a9ed21d9e90ef5ff73f1f3781fa0ae0c58984015c061ccceefc9ac6ac7b8efdc1b98',0,'',''), ('4c45a3461dd09ad45c8fe6b4dd023a53a5e3318f81375fd1561a1cff95698770',0,'57198422c39f499c5ea83ee6bbede315d0e494a90ff35b9f24c884e3d101fe43',82,0,'00142da94403ade878861af50e8a669c0e0e307a9355',5000000000,'bcrt1q9k55gqadapugvxh4p69xd8qwpcc84y64fxy9xz',''), ('daa827ed25ac7e4bd7acc22891ca93c0864d6bea7acda2022cfe591d59cee80f',0,'6582d5b3e1effb80ead6eb5d4ad7e17ccde1853df3c43845c719790eea2ed08e',58,0,'00142da94403ade878861af50e8a669c0e0e307a9355',5000000000,'bcrt1q9k55gqadapugvxh4p69xd8qwpcc84y64fxy9xz',''), ('e8f52ca14e99f118fd698435663e124952e15ab93979f5ba4018b1ff70cf2c19',0,'25d09b0d56966bb132f6408ff8184e42d5a9ce72431fa0da48ec916eb9088bfd',19,0,'00142da94403ade878861af50e8a669c0e0e307a9355',5000000000,'bcrt1q9k55gqadapugvxh4p69xd8qwpcc84y64fxy9xz',''), ('a624e601cfa7a16a12f007d47d7defc9c6f4bd902a63d8b1f699da2f8ffd181a',1,'09fcfb259dac70543a7a099588a03b01792a828f70f54f95f2f6d9ccfa3a3132',66,0,'6a24aa21a9ede2f61c3f71d1defd3fa999dfa36953755c690689799962b48bebd836974e8cf9',0,'',''), ('1b4fc4d3f84547bad7e29fa72e007008081e45bb004efd9f8e0d1be5db5566f0',1,'24bf1f806088f94c75bfb372356a3bd64de0a7564b331df76b30497991d297e3',111,8,'001445e75d6028433e5383f3b14080eadff5b2f7a333',4899999859,'bcrt1qghn46cpggvl98qlnk9qgp6kl7ke00gen8ll02c',''), ('7ba48104b4e7e36d010497f402648c576b29b66f42e5792c2a400add970c33ed',0,'0dff1033cf68709225c47a1f509ccebddeed38bea48793f64066ff53f0fee7b3',120,1,'00146efdfa14afb4072ebc569d742a5c3cb54692c49b',600,'bcrt1qdm7l5990ksrja0zkn46z5hpuk4rf93ym5ms9ar',''), ('00a2e16f4cb803442a75d6cd1a8926d71ae5dc7ccfba17fc1662f4915f6ccfa6',1,'18f9cb7ad5dbd612d585aa83d85052f6bbdda9052d17095297aa72c856fbdcec',101,0,'6a24aa21a9ede2f61c3f71d1defd3fa999dfa36953755c690689799962b48bebd836974e8cf9',0,'',''), ('428ac779b02094ae4009626d0b5e03727bec57a44207e025fbe8a641a9d9cb82',2,'2b536d65b8bc08a1b1cdea08c1a02c33e339f3f93c99ba1db3d4d0c6ae849760',139,1,'00146efdfa14afb4072ebc569d742a5c3cb54692c49b',600,'bcrt1qdm7l5990ksrja0zkn46z5hpuk4rf93ym5ms9ar',''), ('fddba5e089fa2418aa52450e0421899e46b66ab11e7a6f73318a7a1088d110d1',0,'2c70d4c36d242f260c20b9b46d00ede189f323590f90306a475530b9317d6041',134,1,'0014d7b2d98f178ca570d93165bb4348dfbf19ed63b0',10000000,'bcrt1q67ednrch3jjhpkf3vka5xjxlhuv76casq2cmcq',''), ('60d0c7fb5b2dbca65ef2dc76d07502c2e553d6369e4500bb7c4a21bbd8a340a2',0,'125541c21fc7f7443a54ab74d4d9db3605d9b5d140b2ff94845aa15a70d787b0',72,0,'00142da94403ade878861af50e8a669c0e0e307a9355',5000000000,'bcrt1q9k55gqadapugvxh4p69xd8qwpcc84y64fxy9xz',''), ('a7c32d1205f9caf2fad005bd46ce4213a2e99b6d1b298b54ee0ed45053f967a9',0,'393cdae581f0d0dbba3c05cee04b222b9923b548d4e7e0a10ac6f2e150c6ff64',42,0,'00142da94403ade878861af50e8a669c0e0e307a9355',5000000000,'bcrt1q9k55gqadapugvxh4p69xd8qwpcc84y64fxy9xz',''), ('c125b3c1d99044309090cab2a86df0b739e7c5c961cb1221cf231f8c238e3c02',1,'52fb8bfe53b2a406815d7d0b22a0d0b97122d61e4bb56a26be51b33d9f316673',136,1,'0014d7b2d98f178ca570d93165bb4348dfbf19ed63b0',10000000,'bcrt1q67ednrch3jjhpkf3vka5xjxlhuv76casq2cmcq',''), ('4c45a3461dd09ad45c8fe6b4dd023a53a5e3318f81375fd1561a1cff95698770',1,'57198422c39f499c5ea83ee6bbede315d0e494a90ff35b9f24c884e3d101fe43',82,0,'6a24aa21a9ede2f61c3f71d1defd3fa999dfa36953755c690689799962b48bebd836974e8cf9',0,'',''), ('2413237c4e484d442b9bb1d6eb2ea3027582ef32e247a30c767e0d49a804a125',0,'31475fcb34846d9f603fbb0b3e2b01fb3eaaadcf57edbfb3f762dba3f7b8e7cd',110,0,'00142da94403ade878861af50e8a669c0e0e307a9355',5000000000,'bcrt1q9k55gqadapugvxh4p69xd8qwpcc84y64fxy9xz',''), ('38262dffc3c2654397c0799fa0312929c900cad5386eef6e0057568592392f7c',1,'134646d6d7ff2900220603889742532b8e905d7065d2118a24d4b58ee6c0576f',11,0,'6a24aa21a9ede2f61c3f71d1defd3fa999dfa36953755c690689799962b48bebd836974e8cf9',0,'',''), ('b7fea6ff80f609cc0e28b248b4b1924406a8aefe588b792973531b5c99e75976',1,'507545c89d04daa3a6b9957f84f0713d55bc6fa0e6cec39b511c1cd9df2e18f3',45,0,'6a24aa21a9ede2f61c3f71d1defd3fa999dfa36953755c690689799962b48bebd836974e8cf9',0,'',''), ('bfbe61011b88a4c0c615f0638e57e4db9f3d243ab308cceebf04c7f72f90f1b2',0,'0f83f0ae5e1a0da058a9f18e774db7458d6f6e08a7d3ee6b4a1aa0235a5883dc',41,0,'00142da94403ade878861af50e8a669c0e0e307a9355',5000000000,'bcrt1q9k55gqadapugvxh4p69xd8qwpcc84y64fxy9xz',''), ('428ac779b02094ae4009626d0b5e03727bec57a44207e025fbe8a641a9d9cb82',6,'2b536d65b8bc08a1b1cdea08c1a02c33e339f3f93c99ba1db3d4d0c6ae849760',139,1,'0014d7b2d98f178ca570d93165bb4348dfbf19ed63b0',9997249,'bcrt1q67ednrch3jjhpkf3vka5xjxlhuv76casq2cmcq',''), ('d20ab3813da026c9eb8d7f3c97aa33a15f05ad7fdaf073e124dceab7a5cf415f',0,'4018f9bc483aa6571adcdcf65584a70295591ebccb8694425a17c6022193faaf',87,0,'00142da94403ade878861af50e8a669c0e0e307a9355',5000000000,'bcrt1q9k55gqadapugvxh4p69xd8qwpcc84y64fxy9xz',''), ('bad4ff7d293c2719494f3625f16c8024a5932ed9d4b54487baa66c9d3b3b68f1',0,'68da018480e39d40822768b1c889487eacae88bd860db89315d09acd773a26b5',106,0,'00142da94403ade878861af50e8a669c0e0e307a9355',5000000000,'bcrt1q9k55gqadapugvxh4p69xd8qwpcc84y64fxy9xz',''), ('e3e95effa7258a568434d19d4c552e2511653ce3fb3c635156d2390a002ba59b',1,'5d9ba1e864787348eb8376a4187c68b38a57674f0e15641faabeedb1756c4109',103,0,'6a24aa21a9ede2f61c3f71d1defd3fa999dfa36953755c690689799962b48bebd836974e8cf9',0,'',''), ('d306ce780ba1ead1584c511a0e8ab4e8f994e5170897e1ead17e554c3b665f89',0,'29c27debb5b6e03a71bf40d54967925c0cba2e43253f01ac830d6422b9dd7c34',97,0,'00142da94403ade878861af50e8a669c0e0e307a9355',5000000000,'bcrt1q9k55gqadapugvxh4p69xd8qwpcc84y64fxy9xz',''), ('333412d88f205dbf0c6f3a7e488f076d99a619242fc775653961febfe944806d',1,'6f5cdddb066d43ce7670544b16bd871c0a69016819908aafe0f7cd41920c9d29',129,0,'6a24aa21a9edb1d88a53c115757d325b8ea3ced2982a4c1696ddb323931ac0a4a5bc0620b3b7',0,'',''), ('2df2119b7bedb7e9e975ab31e9089c7c3fb6f57aea0f2ef5f1083cd9787b5238',0,'42b456d358ddda2bcbda32cca6b6cc16405aeb0277643e8c923ec80dc6e8204c',100,0,'00142da94403ade878861af50e8a669c0e0e307a9355',5000000000,'bcrt1q9k55gqadapugvxh4p69xd8qwpcc84y64fxy9xz',''), ('e7dad335de81339a984fc66057ff2a8952d865c32ca9ae5c2f5bccd7a67ad673',0,'72f519b0ad48760c0284a1b4d0636fe5267e69761ab63d46f7a5e1f00a7f992e',60,0,'00142da94403ade878861af50e8a669c0e0e307a9355',5000000000,'bcrt1q9k55gqadapugvxh4p69xd8qwpcc84y64fxy9xz',''), ('3c0995475cb14be31328ab7631dc3f7e4559c891459b29cf9caafd9b3d696485',3,'09ca5efa08788dcb54df1240423be6e8e16f15f6894aeba6012331079a38f7e2',132,1,'6a5d050076010a00',0,'',''), ('29fb3331a5770a6dd3181411c1ed0c1708245445e15753ca3ed672e1a125c626',0,'722a260aec115a9bfe91c9ec71e8e99554feabb100bf126c41202642198eb727',30,0,'00142da94403ade878861af50e8a669c0e0e307a9355',5000000000,'bcrt1q9k55gqadapugvxh4p69xd8qwpcc84y64fxy9xz',''), ('beef52ace2b2254ae475f9130cb9c82c3e5db13437dba04e9ce94c78ce666782',0,'1e0594a7755671f6f7577d9c83c739b3b7a2e6cf9dc8ee712275911a282183e2',98,0,'00142da94403ade878861af50e8a669c0e0e307a9355',5000000000,'bcrt1q9k55gqadapugvxh4p69xd8qwpcc84y64fxy9xz',''), ('a7696834b3c6b8e45537c7191b2a45e3532e09a99f6d5d2f3d43dca3c97997bf',1,'3cbd5c344a6f1a91a20457c15630d705a7b1ac41f1224c120ac597bbf380756b',24,0,'6a24aa21a9ede2f61c3f71d1defd3fa999dfa36953755c690689799962b48bebd836974e8cf9',0,'',''), ('410c0e938cb1818e0614ab29ae7a38807571fda4a53fae0dbaa5fca75aa893ce',1,'1abcd57179089a669919b2d4679f8946fb3d3c8cd1a54be97791a691560becb4',84,0,'6a24aa21a9ede2f61c3f71d1defd3fa999dfa36953755c690689799962b48bebd836974e8cf9',0,'',''), ('21fa916a88c3b2101f7b8ccac803f49ab7936fedc22e36f4ad46bfb4d92e73d2',1,'24bf1f806088f94c75bfb372356a3bd64de0a7564b331df76b30497991d297e3',111,7,'5120990e3749f2a9a7f46c1631ee0da5eb69bc26de847f3ce7af3aa4bc59bdfda1eb',100000000,'bcrt1pny8rwj0j4xnlgmqkx8hqmf0tdx7zdh5y0u7w0te65j79n00a584sxupumd',''), ('1a6c8bbac349ff89ad968ab117c8474c632b4caf61131e53e477efe0fb4e6466',1,'45ea53ed57874bd650130223fd2e49e6a10f729eafc1f71947475e71bad2514a',116,0,'6a24aa21a9ede2f61c3f71d1defd3fa999dfa36953755c690689799962b48bebd836974e8cf9',0,'',''), ('a624e601cfa7a16a12f007d47d7defc9c6f4bd902a63d8b1f699da2f8ffd181a',0,'09fcfb259dac70543a7a099588a03b01792a828f70f54f95f2f6d9ccfa3a3132',66,0,'00142da94403ade878861af50e8a669c0e0e307a9355',5000000000,'bcrt1q9k55gqadapugvxh4p69xd8qwpcc84y64fxy9xz',''), ('aa44d740dc05bf330665dbbc83bd81cda09dc662063ec91781b35818444a5d1f',0,'3237e5f79dee85ee0b44bd52d2915d73f40a5b0480fa1162c531c5f35e7e3f76',28,0,'00142da94403ade878861af50e8a669c0e0e307a9355',5000000000,'bcrt1q9k55gqadapugvxh4p69xd8qwpcc84y64fxy9xz',''), ('6988830a04215757a7424bd61e76942774db2f4080ab13ffa9cea3602b18797d',1,'24bf1f806088f94c75bfb372356a3bd64de0a7564b331df76b30497991d297e3',111,4,'51203a6c19422b64ee995c1f6ff9950598d3a1c0f1c269bb33a93ff61cfa0913985f',4899999835,'bcrt1p8fkpjs3tvnhfjhqldlue2pvc6wsupuwzdxan82fl7cw05zgnnp0s9vpwxp',''), ('6ead96b268b008e7c6eb9f1a9fc0277d4eab6f3dd112ff8d20dd05f0ac547c4d',0,'79c492c6e4be2dcf17d4f1ef9f91724a5bd436804d4bf6388f71fce8593fd0a5',20,0,'00142da94403ade878861af50e8a669c0e0e307a9355',5000000000,'bcrt1q9k55gqadapugvxh4p69xd8qwpcc84y64fxy9xz',''), ('64c4db15d449d936cde1429815781b8654f4efc01ae495314ea37ae3908a655c',0,'4e59aad87a41cc1a15566066b78ea5b225530fca0d60e0308b78f1d72024e676',1,0,'00142da94403ade878861af50e8a669c0e0e307a9355',5000000000,'bcrt1q9k55gqadapugvxh4p69xd8qwpcc84y64fxy9xz',''), ('e7dad335de81339a984fc66057ff2a8952d865c32ca9ae5c2f5bccd7a67ad673',1,'72f519b0ad48760c0284a1b4d0636fe5267e69761ab63d46f7a5e1f00a7f992e',60,0,'6a24aa21a9ede2f61c3f71d1defd3fa999dfa36953755c690689799962b48bebd836974e8cf9',0,'',''), ('b38b18e437290fa2be43e68c4568ca01ec9dd996d761be391bb44c8416d567d7',1,'2734e979254c576c7fa090e1bbcfcf9f16ac1af4eeffad6e75fdba8e7448d3c4',102,0,'6a24aa21a9ede2f61c3f71d1defd3fa999dfa36953755c690689799962b48bebd836974e8cf9',0,'',''), ('c30eb45021ee8fb5aba0ff5456293452bca82a39335d246727c739b13d6f6bd2',1,'5d0325843fe289ecde232d951b339f0f7bca73a428a2dcd215d5da28e9a5b39c',68,0,'6a24aa21a9ede2f61c3f71d1defd3fa999dfa36953755c690689799962b48bebd836974e8cf9',0,'',''), ('32ed3c9cbb9d7c08ddd3800a4c3fa8fc4268e136424338d579fecfc314438883',0,'6760c86f51f60589f2da6b85a2f9f62012884adc1ffffc289b23ea1781c89e2e',22,0,'00142da94403ade878861af50e8a669c0e0e307a9355',5000000000,'bcrt1q9k55gqadapugvxh4p69xd8qwpcc84y64fxy9xz',''), ('34b1e5415fa57c282a67bf91ca9782892bea9e621040a9fe403e70cbce376911',1,'16246b73a1918df5f822cee6be93d4e80fadda84515dbdcbd2ab292b4ad0ec5c',119,1,'0014e698993b957c9c0414cf0548ea530b573422f12b',4889999634,'bcrt1qu6vfjwu40jwqg9x0q4yw55ct2u6z9uftjx8q27',''), ('eedbfc3e74a6496a2431412ab529037d9b8ed6289cb963a6685899f5f81b7bf6',1,'20608bd23d35c4ba20dfac32d73fd5fac43e0fa7365fb54add498d2f62cb4211',52,0,'6a24aa21a9ede2f61c3f71d1defd3fa999dfa36953755c690689799962b48bebd836974e8cf9',0,'',''), ('1f1131595c3734eea87611311d1f60cbd0f1826d4429f07b145910369c76c96f',1,'0093564b27e15b318aadb8981d8eec59b6762f2c166edb0d30a8b9b10d68eeb7',50,0,'6a24aa21a9ede2f61c3f71d1defd3fa999dfa36953755c690689799962b48bebd836974e8cf9',0,'',''), ('b9f2221e8cd465f430fb182d07a02efacb960130760ac69c54c0a5fec1c9f26a',0,'43629e5c00af27826d00c0eda962e04421887c15373a525ba2c31df054e4b010',73,0,'00142da94403ade878861af50e8a669c0e0e307a9355',5000000000,'bcrt1q9k55gqadapugvxh4p69xd8qwpcc84y64fxy9xz',''), ('7ba48104b4e7e36d010497f402648c576b29b66f42e5792c2a400add970c33ed',2,'0dff1033cf68709225c47a1f509ccebddeed38bea48793f64066ff53f0fee7b3',120,1,'0014d7b2d98f178ca570d93165bb4348dfbf19ed63b0',9999243,'bcrt1q67ednrch3jjhpkf3vka5xjxlhuv76casq2cmcq',''), ('3c0995475cb14be31328ab7631dc3f7e4559c891459b29cf9caafd9b3d696485',1,'09ca5efa08788dcb54df1240423be6e8e16f15f6894aeba6012331079a38f7e2',132,1,'00149f6a59f851fb9bb24b023ba9dd08527b7431052d',600,'bcrt1qna49n7z3lwdmyjcz8w5a6zzj0d6rzpfdxl4z75',''), ('d4611d3ac328a840dc0e7aea5b509fcab158671fe6fc255394e5c20baa555dd1',1,'09ca5efa08788dcb54df1240423be6e8e16f15f6894aeba6012331079a38f7e2',132,0,'6a24aa21a9ed9b67887d9b6092f0524a796a109a9fcdddc50a6b70fd3cf290929ac4e63545d6',0,'',''), ('f5fb4be535e6d9118ce3ae38c32159022b65d53083eea4ee6da7b9c5df364dc9',1,'16246b73a1918df5f822cee6be93d4e80fadda84515dbdcbd2ab292b4ad0ec5c',119,0,'6a24aa21a9edde8d4937b467f7a93f63335a9778f4aacb1948a0ce9d16c48a6bf101c6b0acf1',0,'',''), ('ae78fa683bc6c24953f4e8b4bdfb0dafcebed73940e7402bb57a3a37a61decf5',0,'57ca84b553921463b2a87c2b6f02b8d7b8d1b52ac6385b2b268876a37623b7bf',77,0,'00142da94403ade878861af50e8a669c0e0e307a9355',5000000000,'bcrt1q9k55gqadapugvxh4p69xd8qwpcc84y64fxy9xz',''), ('73ec8431e09fa6f6375f4acb4ac7323b094e92396f847973f2c82fbcfc8aec78',5,'37bc062d1467236f657e8614e554b3253c919a82a81a4d44ca4d79da249921d1',124,1,'0014d7b2d98f178ca570d93165bb4348dfbf19ed63b0',9997348,'bcrt1q67ednrch3jjhpkf3vka5xjxlhuv76casq2cmcq',''), ('73df963ebf035ceb00914e7f8d0e89e5098f58301306db18bafe6dd6a0931966',0,'5bbeca82710867c693348de2852012a3cf0cce42feb4c312861237cf4b781bf1',56,0,'00142da94403ade878861af50e8a669c0e0e307a9355',5000000000,'bcrt1q9k55gqadapugvxh4p69xd8qwpcc84y64fxy9xz',''), ('2b877df5df514d5c35990653826db43138010797b35b0d90bf51042ad670171a',1,'5e6c6e74a0deda5245cfa173f9051eb6674928e4b549e5a21d55703d6e077ab1',15,0,'6a24aa21a9ede2f61c3f71d1defd3fa999dfa36953755c690689799962b48bebd836974e8cf9',0,'',''), ('58f46c471849e72610c369e5263a0ade230b3f0a2d664215b046c94893d597c5',0,'0269b210d7c985d1d8ac0b7ddd99a3cd813d858fa6a6d2f7b37918a07b40dfee',130,1,'6a5d06147614011602',0,'',''), ('ab6f4407308d1d2a6b4de661ec1421a203b556b790858247ab33a3cf249d6ae4',1,'556e66d9e7e8efbd3bb57d538d1e117ea464b8f0e640ddc6b31133e75659e284',93,0,'6a24aa21a9ede2f61c3f71d1defd3fa999dfa36953755c690689799962b48bebd836974e8cf9',0,'',''), ('153c87ddf68980ffa050b5320fd8ce95084f682d643ca727bd760decfebf0b07',0,'06b1268046acb71423a6dbc42c43d3426aae51e6ef5f4b71ff7f6046a2a6c7ec',80,0,'00142da94403ade878861af50e8a669c0e0e307a9355',5000000000,'bcrt1q9k55gqadapugvxh4p69xd8qwpcc84y64fxy9xz',''), ('a248876107e1f6e57a41eba69d45c1badcbb061f75e3ac7256468f2b1bbe924c',0,'01520aa03dfd5e305b14eee2ede0e1fb95d82af33cc20226519fe32364eb1123',31,0,'00142da94403ade878861af50e8a669c0e0e307a9355',5000000000,'bcrt1q9k55gqadapugvxh4p69xd8qwpcc84y64fxy9xz',''), ('7736b81461897cc3bda8a482e95776ca0483d23f8dc82678e772ade702df4679',1,'7d8c573b61aaf4068d3a678f991ff92514e3793e52059d95ed6604fd1890043b',91,0,'6a24aa21a9ede2f61c3f71d1defd3fa999dfa36953755c690689799962b48bebd836974e8cf9',0,'',''), ('d73a48948d2f16245416eb8fe3dd7612e3bdfd73e6654a7b0194458a98bbce83',0,'50e6f2d3e48049f7ed700274dd42801442071cbf0e878cec9414df7efc891126',113,0,'0014abcc54ba7a82c6e6c21da15f13add6e728e368e7',5000000000,'bcrt1q40x9fwn6strwdssa59038twkuu5wx688sth235',''), ('f5fb4be535e6d9118ce3ae38c32159022b65d53083eea4ee6da7b9c5df364dc9',0,'16246b73a1918df5f822cee6be93d4e80fadda84515dbdcbd2ab292b4ad0ec5c',119,0,'0014bd01c188df93c3ff2dc2dd05c717edf8d1a86bdc',5000000219,'bcrt1qh5qurzxlj0pl7twzm5zuw9ldlrg6s67u6ks78x',''), ('58962c96f1b981a5fafbd64b3d44a8ac0922dee330a8211e73395681cf3588b2',0,'3132a7578a6cfeb9419833089caf834552e524d971e9f66daf302fc3d73db7e8',118,1,'6a5d1f020304e4a8bbb8ce8d8bd3b162010003880405b8e9070a6408140c640ec801',0,'',''), ('428ac779b02094ae4009626d0b5e03727bec57a44207e025fbe8a641a9d9cb82',1,'2b536d65b8bc08a1b1cdea08c1a02c33e339f3f93c99ba1db3d4d0c6ae849760',139,1,'00146efdfa14afb4072ebc569d742a5c3cb54692c49b',600,'bcrt1qdm7l5990ksrja0zkn46z5hpuk4rf93ym5ms9ar',''), ('84d2628af2317fd791f7468b313d3c3dc87c6257d2d3fce2cb1cfb7d58c572ca',0,'49f11a2e45a48a7d7fbcc504fdd2973d004610eb336e528415147ecf8d748318',4,0,'00142da94403ade878861af50e8a669c0e0e307a9355',5000000000,'bcrt1q9k55gqadapugvxh4p69xd8qwpcc84y64fxy9xz',''), ('daa827ed25ac7e4bd7acc22891ca93c0864d6bea7acda2022cfe591d59cee80f',1,'6582d5b3e1effb80ead6eb5d4ad7e17ccde1853df3c43845c719790eea2ed08e',58,0,'6a24aa21a9ede2f61c3f71d1defd3fa999dfa36953755c690689799962b48bebd836974e8cf9',0,'',''), ('6ead96b268b008e7c6eb9f1a9fc0277d4eab6f3dd112ff8d20dd05f0ac547c4d',1,'79c492c6e4be2dcf17d4f1ef9f91724a5bd436804d4bf6388f71fce8593fd0a5',20,0,'6a24aa21a9ede2f61c3f71d1defd3fa999dfa36953755c690689799962b48bebd836974e8cf9',0,'',''), ('7fedd6158ae794fd3342f6032207f86123ca99a27bdbdbebc64e54104b4e697c',0,'7fbc84320d66c99946fdc95c3eb95a630d0eaf2ff56838485302ac011405b479',83,0,'00142da94403ade878861af50e8a669c0e0e307a9355',5000000000,'bcrt1q9k55gqadapugvxh4p69xd8qwpcc84y64fxy9xz',''), ('e8ffb71a1fe7878b84a0bf9e5300a5279ca48ddb0101d9ef13d2c7e8bdf64204',1,'13d0a972b2b521d87a9baa3b77156005a6f90504bcbbf351d4da1cf598f7496a',112,0,'6a24aa21a9ed9f831c4b3d8fa1f55dd0c10b3000eeea4405a52a8e7e68ff3d23b239fb4b1bf1',0,'',''), ('f42eef5dc7362823397dab687d491cdda8e20577d43d58c3b7764bb432e1c4cc',1,'2b536d65b8bc08a1b1cdea08c1a02c33e339f3f93c99ba1db3d4d0c6ae849760',139,0,'6a24aa21a9edbb0da4cd818895889487dfdf146382099a7386eb1dcda5132bc411f1fd5d26bf',0,'',''), ('fb3c2f6febc30ff7e676ca95dc96f8b70fa1756951968b67953d877900b0185b',0,'2f5073754ff81495f596a9ea09f822cbb3b8258b6d8a99ce5943651bc64aca50',61,0,'00142da94403ade878861af50e8a669c0e0e307a9355',5000000000,'bcrt1q9k55gqadapugvxh4p69xd8qwpcc84y64fxy9xz',''), ('2e52544259de537c3023b82b0e7c45e055107c5ca39f1c995d27890e5aa60c8b',0,'057bccaea21e0edd73e0b8fd66fac8ae88c11eba0757946b0045566455fab649',34,0,'00142da94403ade878861af50e8a669c0e0e307a9355',5000000000,'bcrt1q9k55gqadapugvxh4p69xd8qwpcc84y64fxy9xz',''), ('ae582ddb5c39cfc544aad2e40449811cca59ac4b3822744d0f0e295e45e44fd2',1,'2acc9bb6e8e3465f6f3f8efd2dfc654d0184080c75af369a6dafb5ba150715f5',64,0,'6a24aa21a9ede2f61c3f71d1defd3fa999dfa36953755c690689799962b48bebd836974e8cf9',0,'',''), ('1e84565ebe16c21344530529d5fea15d84549ca0fcbd56bc80168405c8b2c847',1,'6cfe3cd9b65e3c921efef0552d05a8e027a8571f766c8cd0c3bcd519c8601af3',128,1,'0014d7b2d98f178ca570d93165bb4348dfbf19ed63b0',9999115,'bcrt1q67ednrch3jjhpkf3vka5xjxlhuv76casq2cmcq',''), ('da309477cda5aa8ff52b44eb87e7baee64737b038819786dcb6a950152836806',1,'48cc7e65753423599327b02bf6ef212dd7d95f5154697bcf56edbc2e87f916e0',138,0,'6a24aa21a9ed2a00ef6461b126bd9983064f330ef8f99ddc5dcd80261e4f2df61a9ca979791d',0,'',''), ('e7e5e028299fd86cdad1232c8f10969b4a9fc7a76971759f40966dd514818c21',1,'4cfda87f3d849ea6280b6ab323243fb2d7eb67f851989b151be4dec4b55d4a69',17,0,'6a24aa21a9ede2f61c3f71d1defd3fa999dfa36953755c690689799962b48bebd836974e8cf9',0,'',''), ('33f69845c0d27e44f651415a7d0d50d02a03087eace56d3e9521745f3fc022f1',0,'2d02407a02d973d03f6767fe259804a011653c98095eb5b4d50bfe445c1dbce4',33,0,'00142da94403ade878861af50e8a669c0e0e307a9355',5000000000,'bcrt1q9k55gqadapugvxh4p69xd8qwpcc84y64fxy9xz',''), ('0c0457f0ad8b9dd6eaf5549ef3f7759cffe320befaa6390252e3b806391859c1',1,'13026436b4bdc233d6fb646fc8e4817413254e7a076b2236eb4a5da42243173c',74,0,'6a24aa21a9ede2f61c3f71d1defd3fa999dfa36953755c690689799962b48bebd836974e8cf9',0,'',''), ('2c33ce96101dd542eeb62fd9557302c3e955c1cf17298caa6ab8252349172257',0,'6f7aa9feb3ae9fb122c5d69618ec0a0538f4234505bd565e7f81925180a8a68c',26,0,'00142da94403ade878861af50e8a669c0e0e307a9355',5000000000,'bcrt1q9k55gqadapugvxh4p69xd8qwpcc84y64fxy9xz',''), ('27c8b21df34532bb7d37670ca9ff27cff607a2ff1962063d44acb7a0eb03f28b',1,'2d9850cd6ae4e8005803b76a396082dbcbfe6b1ca359d66e6306da50df73faf6',12,0,'6a24aa21a9ede2f61c3f71d1defd3fa999dfa36953755c690689799962b48bebd836974e8cf9',0,'',''), ('9473bc18e1b8f12d4ce8da8abddbde42622a6304b098a3792be6f12f68719c35',0,'4051942e6c795dbe027242d11c1fd5d7836c8cced2bc200a320137952ab26fcb',105,0,'00142da94403ade878861af50e8a669c0e0e307a9355',5000000000,'bcrt1q9k55gqadapugvxh4p69xd8qwpcc84y64fxy9xz',''), ('607ba0a7260a4feea0d7a8123f5103e99452e16579153ec667818dca6bbf48a6',0,'0269b210d7c985d1d8ac0b7ddd99a3cd813d858fa6a6d2f7b37918a07b40dfee',130,0,'00143c715763a357df04c4004fe64decf637a80e0e6c',5000000128,'bcrt1q83c4wcar2l0sf3qqflnymm8kx75qurnvw5hz3m',''), ('dc15c81573d5657c872c863884fc684ae72fa584a0b30c08b2ccd57505a8eb46',0,'1633335d546971d5367edb969a0bd2281618a59e6f39292aa48053ac1fdfc4c1',86,0,'00142da94403ade878861af50e8a669c0e0e307a9355',5000000000,'bcrt1q9k55gqadapugvxh4p69xd8qwpcc84y64fxy9xz',''), ('8440390642ae75a599d968d82f289239eb13c7ed357b81b131db315f7a532d73',0,'7e485a3eaab9fd8ad9f86012fb33bec9e6953ca3e114b14e583fb9ed58f0e6da',3,0,'00142da94403ade878861af50e8a669c0e0e307a9355',5000000000,'bcrt1q9k55gqadapugvxh4p69xd8qwpcc84y64fxy9xz',''), ('b3519f09549f5763072656963cf18905f742cd0c72bcc5964f7486fab901be65',1,'38af1f8c806081bc918171016b5a06dfef9d83368524adcefe1e32f68759b01f',104,0,'6a24aa21a9ede2f61c3f71d1defd3fa999dfa36953755c690689799962b48bebd836974e8cf9',0,'',''), ('e8ffb71a1fe7878b84a0bf9e5300a5279ca48ddb0101d9ef13d2c7e8bdf64204',0,'13d0a972b2b521d87a9baa3b77156005a6f90504bcbbf351d4da1cf598f7496a',112,0,'0014abcc54ba7a82c6e6c21da15f13add6e728e368e7',5000000243,'bcrt1q40x9fwn6strwdssa59038twkuu5wx688sth235',''), ('03600b80872e8f0a5db444d82922dc18b424724ceccdc1291202250935ce526c',0,'1e24e11da9ab463ccfcccf3f1e7960fec827bec27a99dc9bcc563e53179c18bf',125,0,'0014bccb7fe0ccf13eec2ec902086e9858c2dd6a1242',5000000141,'bcrt1qhn9hlcxv7ylwctkfqgyxaxzcctwk5yjz8lt4ul',''), ('ccb454a0308c550ef19941a9542a1b213f7b2c783637041f0ea8e531e060b79b',0,'6dfb6091f04865c5cbab36c6703ad589ef1647b3b9f199284addc5fbb8549283',126,0,'0014ba36cbfee4e033f9e57d0376c8dece29e373f2c1',5000000126,'bcrt1qhgmvhlhyuqelnetaqdmv3hkw983h8ukpmwaelq',''), ('b8363366162e6969607ed2a7bee430584efb17e9fa44c628e95514c405d480ac',0,'13d0a972b2b521d87a9baa3b77156005a6f90504bcbbf351d4da1cf598f7496a',112,1,'512003df5ab563654174293563f7abf463c3d8c687e110ba69eca7e6bd1e86c5749e',10000000,'bcrt1pq0044dtrv4qhg2f4v0m6harrc0vvdplpzzaxnm98u673apk9wj0qpq4zk3',''), ('f42eef5dc7362823397dab687d491cdda8e20577d43d58c3b7764bb432e1c4cc',0,'2b536d65b8bc08a1b1cdea08c1a02c33e339f3f93c99ba1db3d4d0c6ae849760',139,0,'00141570c6c22f7cd2e17dbfbbbfa8f1afa236683a2d',5000000351,'bcrt1qz4cvds300nfwzldlhwl63ud05gmxsw3dfz7fhj',''), ('6b4f698c0480375dc3a3a3089b128ada537d801dd0f90533de764887500181f6',1,'37bc062d1467236f657e8614e554b3253c919a82a81a4d44ca4d79da249921d1',124,0,'6a24aa21a9edc5accf01f0e363adc6a1724d8e02f6d9d2372f4e15e263b86b56f3fddc32a760',0,'',''), ('ff419a53bc5acf9d12b2a175c88bfef651793065cd56b007458e43b9eb0e1185',3,'3f6bef4d4aba819ccfc23755c7e99dfd5c8213463c374a11f34b15a1abd195ea',137,1,'6a5d0d0076011c000000530100006402',0,'',''), ('ccb454a0308c550ef19941a9542a1b213f7b2c783637041f0ea8e531e060b79b',1,'6dfb6091f04865c5cbab36c6703ad589ef1647b3b9f199284addc5fbb8549283',126,0,'6a24aa21a9ed9401425c74dd478eef6beeaf47aea0a159766eae932dbcfab1b25ae1de0e1883',0,'',''), ('3c0995475cb14be31328ab7631dc3f7e4559c891459b29cf9caafd9b3d696485',0,'09ca5efa08788dcb54df1240423be6e8e16f15f6894aeba6012331079a38f7e2',132,1,'00146efdfa14afb4072ebc569d742a5c3cb54692c49b',600,'bcrt1qdm7l5990ksrja0zkn46z5hpuk4rf93ym5ms9ar',''), ('c125b3c1d99044309090cab2a86df0b739e7c5c961cb1221cf231f8c238e3c02',0,'52fb8bfe53b2a406815d7d0b22a0d0b97122d61e4bb56a26be51b33d9f316673',136,1,'00149d98429e85e9e0279087bc326813f08450fe1f56',4819998647,'bcrt1qnkvy9859a8sz0yy8hsexsylss3g0u86kvvrxs9',''), ('27c8b21df34532bb7d37670ca9ff27cff607a2ff1962063d44acb7a0eb03f28b',0,'2d9850cd6ae4e8005803b76a396082dbcbfe6b1ca359d66e6306da50df73faf6',12,0,'00142da94403ade878861af50e8a669c0e0e307a9355',5000000000,'bcrt1q9k55gqadapugvxh4p69xd8qwpcc84y64fxy9xz',''), ('f57a4cb921fc9e47d98264f10b8183f6a01b7d026847273d6762716f4cc27211',0,'24bf1f806088f94c75bfb372356a3bd64de0a7564b331df76b30497991d297e3',111,1,'a9142a9a4870211bb3e8c3d32215ee44bb02f1769bab87',4899999857,'2Mw8VC7GYuT2ADJK4CjHV3GFh1GcASR6sbF',''), ('ab59c1dd7f04a8dedac918f314db688f5c047f96cc6f7435bfb07e5b4456b2be',0,'1e24e11da9ab463ccfcccf3f1e7960fec827bec27a99dc9bcc563e53179c18bf',125,1,'0014d7b2d98f178ca570d93165bb4348dfbf19ed63b0',10000000,'bcrt1q67ednrch3jjhpkf3vka5xjxlhuv76casq2cmcq',''), ('65fa0240ef61c9becfa02e9a4e7bf14dec4cc643f224cc849106c3d9b2508fb7',0,'5f9955d5bc410b2fcbf427261a4d23e2c1e4bd839c295a34d51ef1f8b02c0d3c',109,0,'00142da94403ade878861af50e8a669c0e0e307a9355',5000000000,'bcrt1q9k55gqadapugvxh4p69xd8qwpcc84y64fxy9xz',''), ('926a9a4435b5fc6a5c47d3a4291db78650bace39cd86e8dc109941828bff5254',0,'692409162f5fdcced210140883aba87a174007828469472fd52395b182d8d578',76,0,'00142da94403ade878861af50e8a669c0e0e307a9355',5000000000,'bcrt1q9k55gqadapugvxh4p69xd8qwpcc84y64fxy9xz',''), ('8fa350d43f02532ffd99ac2e212436f0db9ee1a74450b6644bfe40ed47500b74',0,'449aa7877a9ada127926b8baa6b455cf72c1eb8fff66d951fce634fc045fb44e',99,0,'00142da94403ade878861af50e8a669c0e0e307a9355',5000000000,'bcrt1q9k55gqadapugvxh4p69xd8qwpcc84y64fxy9xz',''), ('acd77c4dbd8d43d508799f0a7e7cdad5cded13da68b7ccb1616a5e7ac20ab09a',1,'5bfa94a3afd340064ac7fddabf25e12eea8324cbc9e0cd0c1fbd5351779ce88f',122,1,'00146efdfa14afb4072ebc569d742a5c3cb54692c49b',600,'bcrt1qdm7l5990ksrja0zkn46z5hpuk4rf93ym5ms9ar',''), ('1f4987ee33d309b2ad7e1d1e4ede08cf817052840663eb1a890b936a3f0dbf96',0,'64a535206a8f605623cb23f1201569f1baf489aedf22d529b1ad0664ce7fdcf9',123,0,'001490c5f660236fd23874636624814ad86ac60d715d',5000000164,'bcrt1qjrzlvcprdlfrsarrvcjgzjkcdtrq6u2anj2dyp',''), ('8c7245e7c7fdc52097f98a991976548ceeb3aacb3e3c96a26853f84c1c776759',1,'012c9051e9df22896098466b22163cb646f1d05711b485eb2621eb63f9f5b24e',62,0,'6a24aa21a9ede2f61c3f71d1defd3fa999dfa36953755c690689799962b48bebd836974e8cf9',0,'',''), ('e78a3fd26bd3d2907159783cfac174daf3e01a8e3a8dccd4397028b5b892cbb7',0,'3a76c0748d945a0e8b87e8f0c2a64b22b3eac858b14faca57ee280e70532706c',131,1,'0014d7b2d98f178ca570d93165bb4348dfbf19ed63b0',10000000,'bcrt1q67ednrch3jjhpkf3vka5xjxlhuv76casq2cmcq',''), ('2eaff11f8b43e28bc4193d3bc7decc0901c55ed53b795ef3925cee52aad367b6',1,'4b78039e50b19493fbcc49ae002c0badfe5fdbd68bbb831f112bb7d25379d524',55,0,'6a24aa21a9ede2f61c3f71d1defd3fa999dfa36953755c690689799962b48bebd836974e8cf9',0,'',''), ('dd3140a53766e066bb99ef4e387ab536979b44452c7294af0153de64d7c06882',0,'55ca345515461f4becea2bfb80e9a7224980582589890da9305367803c61ce7b',29,0,'00142da94403ade878861af50e8a669c0e0e307a9355',5000000000,'bcrt1q9k55gqadapugvxh4p69xd8qwpcc84y64fxy9xz',''), ('fdf57e5fa61e38aaa4e381ed764c2b7eee2e5b8248ee21f7920ecb16afb62ac4',1,'4eb4ac0837df0f8d961b4c3c5b7243a99df83562df52753e9da44b565945b18f',89,0,'6a24aa21a9ede2f61c3f71d1defd3fa999dfa36953755c690689799962b48bebd836974e8cf9',0,'',''), ('65fa0240ef61c9becfa02e9a4e7bf14dec4cc643f224cc849106c3d9b2508fb7',1,'5f9955d5bc410b2fcbf427261a4d23e2c1e4bd839c295a34d51ef1f8b02c0d3c',109,0,'6a24aa21a9ede2f61c3f71d1defd3fa999dfa36953755c690689799962b48bebd836974e8cf9',0,'',''), ('428ac779b02094ae4009626d0b5e03727bec57a44207e025fbe8a641a9d9cb82',0,'2b536d65b8bc08a1b1cdea08c1a02c33e339f3f93c99ba1db3d4d0c6ae849760',139,1,'00146efdfa14afb4072ebc569d742a5c3cb54692c49b',600,'bcrt1qdm7l5990ksrja0zkn46z5hpuk4rf93ym5ms9ar',''), ('f5682c7f0756048817618b5399e3c50ade630fa1557b1bd158395d7e36d1d1d2',0,'69e5e63801592e8aadf3c1556c2964ca920d73ecca656d7057adba3b32f0f2d2',35,0,'00142da94403ade878861af50e8a669c0e0e307a9355',5000000000,'bcrt1q9k55gqadapugvxh4p69xd8qwpcc84y64fxy9xz',''), ('7a1d6a662282ab57fcd15f4ead9effc8f1cbfbc49ded10fc5a586d997863437e',1,'3f6bef4d4aba819ccfc23755c7e99dfd5c8213463c374a11f34b15a1abd195ea',137,0,'6a24aa21a9edc588693e8cd15172948d310802fce0ae094d9658b98f53e442f09a7a368ffe71',0,'',''), ('daabfab114f7efff8615c69e2b13c8fe716b09ad130f2272f70762dd53f76974',0,'3afa83df1b9358a5c2a22b4cf2c2202896030a99690b1400d7a906b933073ec6',48,0,'00142da94403ade878861af50e8a669c0e0e307a9355',5000000000,'bcrt1q9k55gqadapugvxh4p69xd8qwpcc84y64fxy9xz',''), ('2ef9641afe072cf11ec445d0d879a0f81ccb436f3992d7cd6daca671e90984cf',0,'14e389ee07ee55fb6d06b678e4a98c6ac4a6f74dd1042922535fc7d3edae9215',27,0,'00142da94403ade878861af50e8a669c0e0e307a9355',5000000000,'bcrt1q9k55gqadapugvxh4p69xd8qwpcc84y64fxy9xz',''), ('b2644c9d04ecdec0e0452b0b847004dea76197676d856210ad25104e13c687c0',1,'47f6f50e175496b35108cac9049324a0e672e806fff4f7226f87622bac9b18d4',85,0,'6a24aa21a9ede2f61c3f71d1defd3fa999dfa36953755c690689799962b48bebd836974e8cf9',0,'',''), ('60d0c7fb5b2dbca65ef2dc76d07502c2e553d6369e4500bb7c4a21bbd8a340a2',1,'125541c21fc7f7443a54ab74d4d9db3605d9b5d140b2ff94845aa15a70d787b0',72,0,'6a24aa21a9ede2f61c3f71d1defd3fa999dfa36953755c690689799962b48bebd836974e8cf9',0,'',''), ('fe306afb19e7e87206b15f546705bd594713be164324072ccabef6fe14bb1e2b',0,'59874717563ddc3269bc95e30ee1a4da364a29fa50a61db3b4e50f9b1592fdc8',5,0,'00142da94403ade878861af50e8a669c0e0e307a9355',5000000000,'bcrt1q9k55gqadapugvxh4p69xd8qwpcc84y64fxy9xz',''), ('e9ef99f93bf795e0c92a27df04120f10340faa2715ccbe8a3aaf0a07ba4efc13',1,'1d75e66f3462012ab9700b96867397c5379dfe466029b972f5c8e2f08ac0d80e',36,0,'6a24aa21a9ede2f61c3f71d1defd3fa999dfa36953755c690689799962b48bebd836974e8cf9',0,'',''), ('e9ef99f93bf795e0c92a27df04120f10340faa2715ccbe8a3aaf0a07ba4efc13',0,'1d75e66f3462012ab9700b96867397c5379dfe466029b972f5c8e2f08ac0d80e',36,0,'00142da94403ade878861af50e8a669c0e0e307a9355',5000000000,'bcrt1q9k55gqadapugvxh4p69xd8qwpcc84y64fxy9xz',''), ('6440aec553d05414f1174b11d6423368c1e2e71ff1938536d43202f31019babf',0,'3e60e9f65e0a37f8953d3804515081ad5584e65403b667a76fda78936f478376',107,0,'00142da94403ade878861af50e8a669c0e0e307a9355',5000000000,'bcrt1q9k55gqadapugvxh4p69xd8qwpcc84y64fxy9xz',''), ('73ec8431e09fa6f6375f4acb4ac7323b094e92396f847973f2c82fbcfc8aec78',1,'37bc062d1467236f657e8614e554b3253c919a82a81a4d44ca4d79da249921d1',124,1,'00146efdfa14afb4072ebc569d742a5c3cb54692c49b',600,'bcrt1qdm7l5990ksrja0zkn46z5hpuk4rf93ym5ms9ar',''), ('4034a64ffa3ad5dacc88d0d308ac23271c9514212870e22f41aa94893758331b',1,'6f5cdddb066d43ce7670544b16bd871c0a69016819908aafe0f7cd41920c9d29',129,1,'0014d7257f7dc11a39e296162d5494f1e7f785818751',4859999211,'bcrt1q6ujh7lwprgu799sk942ffu0877zcrp63x5t6jy',''), ('4a5e1e4baab89f3a32518a88c31bc87f618f76673e2cc77ab2127b7afdeda33b',0,'0f9188f13cb7b2c71f2a335e3a4fc328bf5beb436012afca590b1a11466e2206',0,0,'4104678afdb0fe5548271967f1a67130b7105cd6a828e03909a67962e0ea1f61deb649f6bc3f4cef38c4f35504e51ec112de5c384df7ba0b8d578a4c702b6bf11d5fac',5000000000,'',''), ('ed399d11519e39c715e09460c779d678700feadc2148071b152600318244f75e',0,'24bf1f806088f94c75bfb372356a3bd64de0a7564b331df76b30497991d297e3',111,2,'76a914ff5884f44c5ccdc5a7aaa1a863775ef3594947c788ac',100000000,'n4o6eQLiDk8S4Y75aqxeBqhW3jXa9VWkXM',''), ('a550f7fe15f897ee3078648a07631124cb2e0afe7717e7643ef4d40182cc595e',0,'3514f2be750f505e6978b2b2a953c3612d0ecc33f527840c05206714e27d1a64',39,0,'00142da94403ade878861af50e8a669c0e0e307a9355',5000000000,'bcrt1q9k55gqadapugvxh4p69xd8qwpcc84y64fxy9xz',''), ('3c2ee965533798ca1e335bb4e32b0097b268fbbbf627d8346fe2619eb1a7be6a',1,'08467aedb98a462c2a86edebf738083c67c487710f134d4d095373dd9fdc749a',51,0,'6a24aa21a9ede2f61c3f71d1defd3fa999dfa36953755c690689799962b48bebd836974e8cf9',0,'',''), ('32ed3c9cbb9d7c08ddd3800a4c3fa8fc4268e136424338d579fecfc314438883',1,'6760c86f51f60589f2da6b85a2f9f62012884adc1ffffc289b23ea1781c89e2e',22,0,'6a24aa21a9ede2f61c3f71d1defd3fa999dfa36953755c690689799962b48bebd836974e8cf9',0,'',''), ('ea1bf5f15366ddad0dc027db8d8b14aaf11e2e9277bb17889d11416583634eff',0,'25e45f8860436d6194072c8c790782df22fd58fb174182e9e165f4bd6176c462',108,0,'00142da94403ade878861af50e8a669c0e0e307a9355',5000000000,'bcrt1q9k55gqadapugvxh4p69xd8qwpcc84y64fxy9xz',''), ('e0f028d7deada31c9af0b22dcf465c94909e4e94459ad979a749d56113c3074a',0,'7c5c26475e4cd8d024d35a2d018e8846903a7188a1b262af31e273d877061770',10,0,'00142da94403ade878861af50e8a669c0e0e307a9355',5000000000,'bcrt1q9k55gqadapugvxh4p69xd8qwpcc84y64fxy9xz',''), ('c2b5366d626769f6d7ee32d58c7871fab6913ea5f50de68bae5c311539671529',0,'48cc7e65753423599327b02bf6ef212dd7d95f5154697bcf56edbc2e87f916e0',138,1,'0014d7b2d98f178ca570d93165bb4348dfbf19ed63b0',10000000,'bcrt1q67ednrch3jjhpkf3vka5xjxlhuv76casq2cmcq',''), ('90f62515a96ef3722d9bb062ea0d0d905034a4f59ef5126b001af474d38746db',0,'3132a7578a6cfeb9419833089caf834552e524d971e9f66daf302fc3d73db7e8',118,0,'0014b74416672a51b2272d9d81df664e37faf0ba9a31',5000000183,'bcrt1qkazpvee22xezwtvas80kvn3hltct4x337waxhh',''), ('03600b80872e8f0a5db444d82922dc18b424724ceccdc1291202250935ce526c',1,'1e24e11da9ab463ccfcccf3f1e7960fec827bec27a99dc9bcc563e53179c18bf',125,0,'6a24aa21a9edc841f480eba02a996176f15e0417b02646bd760e0716c7d83a84da2b1f20729c',0,'',''), ('18139d47d017b13a80886653776ce4eaf4a4539d64ea0c6da25b084e8687ad01',0,'6ad8bf9a008e609bb38e46324e0781041e433feaa9a6e508ec651a113d8c91e6',14,0,'00142da94403ade878861af50e8a669c0e0e307a9355',5000000000,'bcrt1q9k55gqadapugvxh4p69xd8qwpcc84y64fxy9xz',''), ('cf9f72141211ad94343ac75237d649774584a274a573652947846a1143520710',1,'1242fd7e491c19010ad0693428fdc89a8e852f1b1a2e19dba898e969ce673e23',121,0,'6a24aa21a9ed333c18df5399aed62edfa71ead7cdd4936486aa93093d7e6d6a3da44d03b71a1',0,'',''), ('1f1131595c3734eea87611311d1f60cbd0f1826d4429f07b145910369c76c96f',0,'0093564b27e15b318aadb8981d8eec59b6762f2c166edb0d30a8b9b10d68eeb7',50,0,'00142da94403ade878861af50e8a669c0e0e307a9355',5000000000,'bcrt1q9k55gqadapugvxh4p69xd8qwpcc84y64fxy9xz',''), ('60c951de816f9ef23cf31151f3f8bedebd0b35729bdc01f9b70a3df73f0bf3c4',1,'301194071f1a746ee1ee29166627588b97c9b29c98bbbcea13bab42d0060bc0e',69,0,'6a24aa21a9ede2f61c3f71d1defd3fa999dfa36953755c690689799962b48bebd836974e8cf9',0,'',''), ('cb6fc60eded1122f76a31d23b60d405c7a513debdbc69ee18f6aeafe4927e113',1,'3185171602f89e3744df28e5363171bb4cb5d264aa40501f047bdcda829148e2',6,0,'6a24aa21a9ede2f61c3f71d1defd3fa999dfa36953755c690689799962b48bebd836974e8cf9',0,'',''), ('649535f130ac8c2d2ce408e4f56ac4800e4c3bfc5d173006d6730c4c455aec7c',1,'22f74fbb6d0c558b724f29b2105841f06e59c7e8563b96175681a64147d7248a',135,0,'6a24aa21a9ed9bd5788ec0f323d8c1160c2a87c566a84980744323dfe4181f674fa79acf46ab',0,'',''), ('abebb2b237d0cb09b68cfa73982fd0bc5759ae2692adcabb498e9a61f03691e7',1,'1f4079615b230ff996b7f7fc6b5b4233762242d1d9207bd3b0161a3feb6284f4',23,0,'6a24aa21a9ede2f61c3f71d1defd3fa999dfa36953755c690689799962b48bebd836974e8cf9',0,'',''), ('14eb7fb8d0e137137503eb2f298c9202781574afcd3bec07931ac4f70cd4d8bb',0,'23a56ca5f2a7f721994c18d3e47fad1cf9b24bbd2579f13b260415805fac2a97',37,0,'00142da94403ade878861af50e8a669c0e0e307a9355',5000000000,'bcrt1q9k55gqadapugvxh4p69xd8qwpcc84y64fxy9xz',''), ('428ac779b02094ae4009626d0b5e03727bec57a44207e025fbe8a641a9d9cb82',3,'2b536d65b8bc08a1b1cdea08c1a02c33e339f3f93c99ba1db3d4d0c6ae849760',139,1,'00146efdfa14afb4072ebc569d742a5c3cb54692c49b',600,'bcrt1qdm7l5990ksrja0zkn46z5hpuk4rf93ym5ms9ar',''), ('6988830a04215757a7424bd61e76942774db2f4080ab13ffa9cea3602b18797d',0,'24bf1f806088f94c75bfb372356a3bd64de0a7564b331df76b30497991d297e3',111,4,'5120360f640ccdf8998fe5254cd2df4e1fdb3bf51be8445f3339fabfcfa957fbfd1f',100000000,'bcrt1pxc8kgrxdlzvclef9fnfd7nslmval2xlgg30nxw06hl86j4lml50sauyyat',''), ('14eb7fb8d0e137137503eb2f298c9202781574afcd3bec07931ac4f70cd4d8bb',1,'23a56ca5f2a7f721994c18d3e47fad1cf9b24bbd2579f13b260415805fac2a97',37,0,'6a24aa21a9ede2f61c3f71d1defd3fa999dfa36953755c690689799962b48bebd836974e8cf9',0,'',''), ('a6784ec7a29035e03886a22c71df3725da22d5ec4539ebdaa9020688f80be28f',1,'24bf1f806088f94c75bfb372356a3bd64de0a7564b331df76b30497991d297e3',111,5,'76a9144a7cd297647a01f0cd58dd5aa63010de4f43f18288ac',4899999853,'mnJoq5SQEDB7E531sSid2GwF5eM3TdHSFJ',''), ('ab59c1dd7f04a8dedac918f314db688f5c047f96cc6f7435bfb07e5b4456b2be',1,'1e24e11da9ab463ccfcccf3f1e7960fec827bec27a99dc9bcc563e53179c18bf',125,1,'00146db4339fa533469c78c30c79c4a51ed6d83313ce',4879999493,'bcrt1qdk6r88a9xdrfc7xrp3uuffg76mvrxy7ww5wjul',''), ('f5682c7f0756048817618b5399e3c50ade630fa1557b1bd158395d7e36d1d1d2',1,'69e5e63801592e8aadf3c1556c2964ca920d73ecca656d7057adba3b32f0f2d2',35,0,'6a24aa21a9ede2f61c3f71d1defd3fa999dfa36953755c690689799962b48bebd836974e8cf9',0,'',''), ('7736b81461897cc3bda8a482e95776ca0483d23f8dc82678e772ade702df4679',0,'7d8c573b61aaf4068d3a678f991ff92514e3793e52059d95ed6604fd1890043b',91,0,'00142da94403ade878861af50e8a669c0e0e307a9355',5000000000,'bcrt1q9k55gqadapugvxh4p69xd8qwpcc84y64fxy9xz',''), ('2aa5c99bedf003844e1545bf97f613af88490c283017708bd1c3e4b81a4fd63d',1,'3a76c0748d945a0e8b87e8f0c2a64b22b3eac858b14faca57ee280e70532706c',131,0,'6a24aa21a9ed29b28c8b679a1ce7b84d370cef1e93c388d9688f0d32908b18d02fdac6566e85',0,'',''), ('153c87ddf68980ffa050b5320fd8ce95084f682d643ca727bd760decfebf0b07',1,'06b1268046acb71423a6dbc42c43d3426aae51e6ef5f4b71ff7f6046a2a6c7ec',80,0,'6a24aa21a9ede2f61c3f71d1defd3fa999dfa36953755c690689799962b48bebd836974e8cf9',0,'',''), ('b0dc7c1e83e82775e2deb56eda05967cc6f312bf884962a106a852b02134006f',0,'721d3d5263697d6cd0ecc0e6e464e48589743e7ba5985c9fd3e7f6474741c657',79,0,'00142da94403ade878861af50e8a669c0e0e307a9355',5000000000,'bcrt1q9k55gqadapugvxh4p69xd8qwpcc84y64fxy9xz',''), ('2b877df5df514d5c35990653826db43138010797b35b0d90bf51042ad670171a',0,'5e6c6e74a0deda5245cfa173f9051eb6674928e4b549e5a21d55703d6e077ab1',15,0,'00142da94403ade878861af50e8a669c0e0e307a9355',5000000000,'bcrt1q9k55gqadapugvxh4p69xd8qwpcc84y64fxy9xz',''), ('0b0f71bff3927071f41fd698ceab829892b948ba555cce19ad4d22d8fce5f5fa',0,'2cde7e6feb785235e0869b8e795f99193841f138eeb87ba962e398e9b27e7b4f',43,0,'00142da94403ade878861af50e8a669c0e0e307a9355',5000000000,'bcrt1q9k55gqadapugvxh4p69xd8qwpcc84y64fxy9xz',''), ('73ec8431e09fa6f6375f4acb4ac7323b094e92396f847973f2c82fbcfc8aec78',4,'37bc062d1467236f657e8614e554b3253c919a82a81a4d44ca4d79da249921d1',124,1,'00146efdfa14afb4072ebc569d742a5c3cb54692c49b',600,'bcrt1qdm7l5990ksrja0zkn46z5hpuk4rf93ym5ms9ar',''), ('72a4befca5ce5424f4c50a235fd10e5a8ed0ab0ef1f81b2830ea196bac7a9f26',1,'39ba426a3c448bf719fb07e20867c510f77cd880283f42c2f4f8e34183ddeb82',47,0,'6a24aa21a9ede2f61c3f71d1defd3fa999dfa36953755c690689799962b48bebd836974e8cf9',0,'',''), ('5e661cf3e40c0f2ec92878eadb383abe9eaa537548dd5ed84cfca4a67fc3bc10',0,'1242fd7e491c19010ad0693428fdc89a8e852f1b1a2e19dba898e969ce673e23',121,1,'0014d7b2d98f178ca570d93165bb4348dfbf19ed63b0',10000000,'bcrt1q67ednrch3jjhpkf3vka5xjxlhuv76casq2cmcq',''), ('ff419a53bc5acf9d12b2a175c88bfef651793065cd56b007458e43b9eb0e1185',1,'3f6bef4d4aba819ccfc23755c7e99dfd5c8213463c374a11f34b15a1abd195ea',137,1,'00146efdfa14afb4072ebc569d742a5c3cb54692c49b',600,'bcrt1qdm7l5990ksrja0zkn46z5hpuk4rf93ym5ms9ar',''), ('ea1bf5f15366ddad0dc027db8d8b14aaf11e2e9277bb17889d11416583634eff',1,'25e45f8860436d6194072c8c790782df22fd58fb174182e9e165f4bd6176c462',108,0,'6a24aa21a9ede2f61c3f71d1defd3fa999dfa36953755c690689799962b48bebd836974e8cf9',0,'',''), ('39cbde25f9d2693346a3bc11bf942a1b1f551389a7f96a2d931fd354f0b8b07c',1,'24bf1f806088f94c75bfb372356a3bd64de0a7564b331df76b30497991d297e3',111,3,'0014075cea3512d32ddfaa7b564e2ebd18f551a855bf',4899999859,'bcrt1qqaww5dgj6vkal2nm2e8za0gc74g6s4dlvuel5f',''), ('e8f52ca14e99f118fd698435663e124952e15ab93979f5ba4018b1ff70cf2c19',1,'25d09b0d56966bb132f6408ff8184e42d5a9ce72431fa0da48ec916eb9088bfd',19,0,'6a24aa21a9ede2f61c3f71d1defd3fa999dfa36953755c690689799962b48bebd836974e8cf9',0,'',''), ('39cbde25f9d2693346a3bc11bf942a1b1f551389a7f96a2d931fd354f0b8b07c',0,'24bf1f806088f94c75bfb372356a3bd64de0a7564b331df76b30497991d297e3',111,3,'00148f6350360eab5be266a96b05c59cebc4902f69a7',100000000,'bcrt1q3a34qdsw4dd7ye4fdvzut88tcjgz76d8gkjqdd',''), ('6440aec553d05414f1174b11d6423368c1e2e71ff1938536d43202f31019babf',1,'3e60e9f65e0a37f8953d3804515081ad5584e65403b667a76fda78936f478376',107,0,'6a24aa21a9ede2f61c3f71d1defd3fa999dfa36953755c690689799962b48bebd836974e8cf9',0,'',''), ('ed399d11519e39c715e09460c779d678700feadc2148071b152600318244f75e',1,'24bf1f806088f94c75bfb372356a3bd64de0a7564b331df76b30497991d297e3',111,2,'76a914947be908c9d6eb921ba46cba30e0c398782c0b8c88ac',4899999853,'mu44jtA6SposUFC644wthFVBWBjqCxNERK',''), ('f3dd7085e1d9fa1348ab5afba7fc1c70677ef4633a088a428d742e899dd39a8f',1,'753556f808ea5928a2ffd452f1a3d1da315989e812eed01e0afba982b638a8f8',92,0,'6a24aa21a9ede2f61c3f71d1defd3fa999dfa36953755c690689799962b48bebd836974e8cf9',0,'',''), ('607ba0a7260a4feea0d7a8123f5103e99452e16579153ec667818dca6bbf48a6',1,'0269b210d7c985d1d8ac0b7ddd99a3cd813d858fa6a6d2f7b37918a07b40dfee',130,0,'6a24aa21a9edb36d00d7af361366539fa7c0f7802b8b5b50ba4ae4937012ba9ffe5139719d70',0,'',''), ('f7d65962d2688a8927949114353d3bc7226e93a7d16ec4fb9a04c812b96afd18',0,'4228bfef68a7823943f49d98516a760b6f01cfce616b3bd84ec1d09d7402c813',115,0,'0014abcc54ba7a82c6e6c21da15f13add6e728e368e7',5000000000,'bcrt1q40x9fwn6strwdssa59038twkuu5wx688sth235',''), ('de7bb2b4b6d8fb9cf92fb26a6683cf37fa6ff54b4b430b9134658fb3a715ca08',1,'52b64d19a5c33dd0916d82674989a2f88b22e00f63827410b610d1da62d1980b',63,0,'6a24aa21a9ede2f61c3f71d1defd3fa999dfa36953755c690689799962b48bebd836974e8cf9',0,'',''), ('406a6f47f62ecb502b93332297a1c191b541ddfa02d412acc3f14ea7921025d7',0,'5892815696bf81b82627bfef9b8e35dbccea6f7ff81be35e57c638fe5e8a9336',78,0,'00142da94403ade878861af50e8a669c0e0e307a9355',5000000000,'bcrt1q9k55gqadapugvxh4p69xd8qwpcc84y64fxy9xz',''), ('a5c1fcf58144900e86fa9f50fd060ee892a09c2ce8948b279daaa4600ef5c840',1,'1fc2574c22ba5bbeba67f3362df8ebbd6a3861b6591314b821548304108b9b71',117,0,'6a24aa21a9ede2f61c3f71d1defd3fa999dfa36953755c690689799962b48bebd836974e8cf9',0,'',''), ('926a9a4435b5fc6a5c47d3a4291db78650bace39cd86e8dc109941828bff5254',1,'692409162f5fdcced210140883aba87a174007828469472fd52395b182d8d578',76,0,'6a24aa21a9ede2f61c3f71d1defd3fa999dfa36953755c690689799962b48bebd836974e8cf9',0,'',''), ('6e4313f4add03df80b23e6269e8f6f0c2023fec8ac1f4c26f67987f8607b1901',1,'1c61c11cd01f5acb03233eac581ee3a04ae4496fdb7ff58566da09d1e1c853b8',49,0,'6a24aa21a9ede2f61c3f71d1defd3fa999dfa36953755c690689799962b48bebd836974e8cf9',0,'',''), ('410c0e938cb1818e0614ab29ae7a38807571fda4a53fae0dbaa5fca75aa893ce',0,'1abcd57179089a669919b2d4679f8946fb3d3c8cd1a54be97791a691560becb4',84,0,'00142da94403ade878861af50e8a669c0e0e307a9355',5000000000,'bcrt1q9k55gqadapugvxh4p69xd8qwpcc84y64fxy9xz',''), ('184c756104267aa213231226512fb29e1b08c31987405184a690ef43ca723955',1,'13a0c78cea42fc43884358123d5df683f1fb572245d2eb69243ba14c6557173e',7,0,'6a24aa21a9ede2f61c3f71d1defd3fa999dfa36953755c690689799962b48bebd836974e8cf9',0,'',''), ('2aa5c99bedf003844e1545bf97f613af88490c283017708bd1c3e4b81a4fd63d',0,'3a76c0748d945a0e8b87e8f0c2a64b22b3eac858b14faca57ee280e70532706c',131,0,'00145c9038100cbc0a5d2b2e3ce93b4aed4872adf929',5000000141,'bcrt1qtjgrsyqvhs9962ew8n5nkjhdfpe2m7ff67cc77',''), ('f72c1e80a1d6ddc296b558b47806e46f3b60457071fd718f52700d8da722f7f5',0,'277fdac95361d3d78071b2ee48260b97666606f225933727a0d9f036dbb049c9',114,0,'0014abcc54ba7a82c6e6c21da15f13add6e728e368e7',5000000000,'bcrt1q40x9fwn6strwdssa59038twkuu5wx688sth235',''), ('f3dd7085e1d9fa1348ab5afba7fc1c70677ef4633a088a428d742e899dd39a8f',0,'753556f808ea5928a2ffd452f1a3d1da315989e812eed01e0afba982b638a8f8',92,0,'00142da94403ade878861af50e8a669c0e0e307a9355',5000000000,'bcrt1q9k55gqadapugvxh4p69xd8qwpcc84y64fxy9xz',''), ('fdf57e5fa61e38aaa4e381ed764c2b7eee2e5b8248ee21f7920ecb16afb62ac4',0,'4eb4ac0837df0f8d961b4c3c5b7243a99df83562df52753e9da44b565945b18f',89,0,'00142da94403ade878861af50e8a669c0e0e307a9355',5000000000,'bcrt1q9k55gqadapugvxh4p69xd8qwpcc84y64fxy9xz',''), ('73ec8431e09fa6f6375f4acb4ac7323b094e92396f847973f2c82fbcfc8aec78',0,'37bc062d1467236f657e8614e554b3253c919a82a81a4d44ca4d79da249921d1',124,1,'6a5d06147614011603',0,'',''), ('d11cef51f422f8520acd1248cd563908114e0d81529aa8c453dfe62e3f6b7baa',1,'25325cb206fc5da885426a2d89f4d4dadba0cc403976ff7e94aaafc14699ca57',88,0,'6a24aa21a9ede2f61c3f71d1defd3fa999dfa36953755c690689799962b48bebd836974e8cf9',0,'',''), ('c3775672b925b7173dea8d9da5fc6db5b214658091de31818fee38701f6819a3',1,'22f74fbb6d0c558b724f29b2105841f06e59c7e8563b96175681a64147d7248a',135,1,'00146efdfa14afb4072ebc569d742a5c3cb54692c49b',600,'bcrt1qdm7l5990ksrja0zkn46z5hpuk4rf93ym5ms9ar',''), ('4223ed8f75b3f04152ecbe70fc35949e5411b3419521a9383dfb5665cd3f13df',1,'6cfe3cd9b65e3c921efef0552d05a8e027a8571f766c8cd0c3bcd519c8601af3',128,0,'6a24aa21a9ed1296de861961f8083717644e767a56a5236d54eee1b3a5742742be8cf6d7c6bc',0,'',''), ('5e661cf3e40c0f2ec92878eadb383abe9eaa537548dd5ed84cfca4a67fc3bc10',1,'1242fd7e491c19010ad0693428fdc89a8e852f1b1a2e19dba898e969ce673e23',121,1,'001493d3254567766c1952c49d210b4d6fd6455cd891',4889999693,'bcrt1qj0fj23t8wekpj5kyn5ssknt06ez4eky3t7xcsr',''), ('daabfab114f7efff8615c69e2b13c8fe716b09ad130f2272f70762dd53f76974',1,'3afa83df1b9358a5c2a22b4cf2c2202896030a99690b1400d7a906b933073ec6',48,0,'6a24aa21a9ede2f61c3f71d1defd3fa999dfa36953755c690689799962b48bebd836974e8cf9',0,'',''), ('6c6bbcd0ac763b51cccd29e6d58d89628a835d96f258c153c39119f2432c1793',0,'671f4d3591613f725927d20ce3705cf0f65e3b36c9d125fec1b6fa5f2bb862c3',127,1,'0014ee100e40b00cc14567d7fdd9d64653df13fb3f70',4869999352,'bcrt1qacgqus9spnq52e7hlhvav3jnmuflk0msr3y9x7',''), ('c411cb412545d1472672bc51f6f32164fa1c145ba57d50a01757182e94a147c0',0,'71f2b2014923b3cb491251407573360df1450f0632fba4af5fccb3de4edcc8df',9,0,'00142da94403ade878861af50e8a669c0e0e307a9355',5000000000,'bcrt1q9k55gqadapugvxh4p69xd8qwpcc84y64fxy9xz',''), ('9bda5c7141b4ff48ff5546f99d53931da33e2216ed8c4bf0dfb7c8b5c7d3426e',0,'709e50d61304f7a6a4dabd14edd4dc73ea0bca943f501ffb295d23cfbd827296',95,0,'00142da94403ade878861af50e8a669c0e0e307a9355',5000000000,'bcrt1q9k55gqadapugvxh4p69xd8qwpcc84y64fxy9xz',''), ('abebb2b237d0cb09b68cfa73982fd0bc5759ae2692adcabb498e9a61f03691e7',0,'1f4079615b230ff996b7f7fc6b5b4233762242d1d9207bd3b0161a3feb6284f4',23,0,'00142da94403ade878861af50e8a669c0e0e307a9355',5000000000,'bcrt1q9k55gqadapugvxh4p69xd8qwpcc84y64fxy9xz',''), ('09eeca003c07d11fb03dbf7d2e67449a03aed1699d2905dbe735d75d9afce773',0,'4bfb3758a701b5b053814b1aad6549dfc4984c276c22bb92692fa338e4e3486d',67,0,'00142da94403ade878861af50e8a669c0e0e307a9355',5000000000,'bcrt1q9k55gqadapugvxh4p69xd8qwpcc84y64fxy9xz',''), ('ff419a53bc5acf9d12b2a175c88bfef651793065cd56b007458e43b9eb0e1185',4,'3f6bef4d4aba819ccfc23755c7e99dfd5c8213463c374a11f34b15a1abd195ea',137,1,'0014d7b2d98f178ca570d93165bb4348dfbf19ed63b0',9996128,'bcrt1q67ednrch3jjhpkf3vka5xjxlhuv76casq2cmcq',''), ('58f46c471849e72610c369e5263a0ade230b3f0a2d664215b046c94893d597c5',1,'0269b210d7c985d1d8ac0b7ddd99a3cd813d858fa6a6d2f7b37918a07b40dfee',130,1,'0014d7b2d98f178ca570d93165bb4348dfbf19ed63b0',9997094,'bcrt1q67ednrch3jjhpkf3vka5xjxlhuv76casq2cmcq',''), ('3c0995475cb14be31328ab7631dc3f7e4559c891459b29cf9caafd9b3d696485',4,'09ca5efa08788dcb54df1240423be6e8e16f15f6894aeba6012331079a38f7e2',132,1,'0014d7b2d98f178ca570d93165bb4348dfbf19ed63b0',9998511,'bcrt1q67ednrch3jjhpkf3vka5xjxlhuv76casq2cmcq',''), ('a5c1fcf58144900e86fa9f50fd060ee892a09c2ce8948b279daaa4600ef5c840',0,'1fc2574c22ba5bbeba67f3362df8ebbd6a3861b6591314b821548304108b9b71',117,0,'0014abcc54ba7a82c6e6c21da15f13add6e728e368e7',5000000000,'bcrt1q40x9fwn6strwdssa59038twkuu5wx688sth235',''), ('d93ae153e35e1c2bd7db901786ef04555e8ec367fb94b2129d8443ef30fa2161',1,'774b433e000afbcde3bccd9893e8aa835ff227e1e72c83203b0209f35c78c890',38,0,'6a24aa21a9ede2f61c3f71d1defd3fa999dfa36953755c690689799962b48bebd836974e8cf9',0,'',''), ('c2b5366d626769f6d7ee32d58c7871fab6913ea5f50de68bae5c311539671529',1,'48cc7e65753423599327b02bf6ef212dd7d95f5154697bcf56edbc2e87f916e0',138,1,'00149774197a9b1c97536acbf55d71f41fe9ac7fb09f',4809998506,'bcrt1qja6pj75mrjt4x6kt74whraqlaxk8lvylrykewk',''), ('beef52ace2b2254ae475f9130cb9c82c3e5db13437dba04e9ce94c78ce666782',1,'1e0594a7755671f6f7577d9c83c739b3b7a2e6cf9dc8ee712275911a282183e2',98,0,'6a24aa21a9ede2f61c3f71d1defd3fa999dfa36953755c690689799962b48bebd836974e8cf9',0,'',''), ('ae582ddb5c39cfc544aad2e40449811cca59ac4b3822744d0f0e295e45e44fd2',0,'2acc9bb6e8e3465f6f3f8efd2dfc654d0184080c75af369a6dafb5ba150715f5',64,0,'00142da94403ade878861af50e8a669c0e0e307a9355',5000000000,'bcrt1q9k55gqadapugvxh4p69xd8qwpcc84y64fxy9xz',''), ('21fa916a88c3b2101f7b8ccac803f49ab7936fedc22e36f4ad46bfb4d92e73d2',0,'24bf1f806088f94c75bfb372356a3bd64de0a7564b331df76b30497991d297e3',111,7,'5120f7675165f16c4fdcd0fdae5db6deab328adb3f0ce5c323785404eca7f63f9121',4899999835,'bcrt1p7an4ze03d38ae58a4ewmdh4tx29dk0cvuhpjx7z5qnk20a3ljysstm4zth',''), ('d11cef51f422f8520acd1248cd563908114e0d81529aa8c453dfe62e3f6b7baa',0,'25325cb206fc5da885426a2d89f4d4dadba0cc403976ff7e94aaafc14699ca57',88,0,'00142da94403ade878861af50e8a669c0e0e307a9355',5000000000,'bcrt1q9k55gqadapugvxh4p69xd8qwpcc84y64fxy9xz',''), ('f57a4cb921fc9e47d98264f10b8183f6a01b7d026847273d6762716f4cc27211',1,'24bf1f806088f94c75bfb372356a3bd64de0a7564b331df76b30497991d297e3',111,1,'a9149cb8756052ab7cacf54bab2812ec8d4926476a4b87',100000000,'2N7XtNcP6xr4ZDCksqP1QvU9FyfaBXh2VGG',''), ('7fedd6158ae794fd3342f6032207f86123ca99a27bdbdbebc64e54104b4e697c',1,'7fbc84320d66c99946fdc95c3eb95a630d0eaf2ff56838485302ac011405b479',83,0,'6a24aa21a9ede2f61c3f71d1defd3fa999dfa36953755c690689799962b48bebd836974e8cf9',0,'',''), ('5c14b3758872618fa628728590efec5fb02b49370b8ba5b1be19178926730e34',1,'6be782332761f49f35bc8c59cc872995e701c3d728f1ed65532ad331e4918a41',75,0,'6a24aa21a9ede2f61c3f71d1defd3fa999dfa36953755c690689799962b48bebd836974e8cf9',0,'',''), ('5c14b3758872618fa628728590efec5fb02b49370b8ba5b1be19178926730e34',0,'6be782332761f49f35bc8c59cc872995e701c3d728f1ed65532ad331e4918a41',75,0,'00142da94403ade878861af50e8a669c0e0e307a9355',5000000000,'bcrt1q9k55gqadapugvxh4p69xd8qwpcc84y64fxy9xz',''), ('e9cf86aef00dfb807dd19400152eccab841db7da6b31ad716aaf163cf6251d39',1,'625a8a305489f0dace6d21612bad7cf96329699dfa90e530cd3bf1d3b763a2ac',57,0,'6a24aa21a9ede2f61c3f71d1defd3fa999dfa36953755c690689799962b48bebd836974e8cf9',0,'',''), ('428ac779b02094ae4009626d0b5e03727bec57a44207e025fbe8a641a9d9cb82',4,'2b536d65b8bc08a1b1cdea08c1a02c33e339f3f93c99ba1db3d4d0c6ae849760',139,1,'00146efdfa14afb4072ebc569d742a5c3cb54692c49b',600,'bcrt1qdm7l5990ksrja0zkn46z5hpuk4rf93ym5ms9ar',''), ('c26b2a2e00a5e371b161144f9c35ac7832e88ce03dde02112bfddeeac576dfa0',0,'2c70d4c36d242f260c20b9b46d00ede189f323590f90306a475530b9317d6041',134,0,'00140ab332fa7cf3ba3d643e027eab83c48bbc9dbf0b',5000000141,'bcrt1qp2en97nu7war6ep7qfl2hq7y3w7fm0ctdz564z',''), ('6a9738afad6422829bb9a86e24ddbee8eb73dfa74d49d4553bd53e7ac3a79022',1,'2fa550819fd3553100ff04cd37101739cbcc6a31ccae283db327e6c60bca8916',16,0,'6a24aa21a9ede2f61c3f71d1defd3fa999dfa36953755c690689799962b48bebd836974e8cf9',0,'',''), ('a248876107e1f6e57a41eba69d45c1badcbb061f75e3ac7256468f2b1bbe924c',1,'01520aa03dfd5e305b14eee2ede0e1fb95d82af33cc20226519fe32364eb1123',31,0,'6a24aa21a9ede2f61c3f71d1defd3fa999dfa36953755c690689799962b48bebd836974e8cf9',0,'',''), ('a7696834b3c6b8e45537c7191b2a45e3532e09a99f6d5d2f3d43dca3c97997bf',0,'3cbd5c344a6f1a91a20457c15630d705a7b1ac41f1224c120ac597bbf380756b',24,0,'00142da94403ade878861af50e8a669c0e0e307a9355',5000000000,'bcrt1q9k55gqadapugvxh4p69xd8qwpcc84y64fxy9xz',''), ('d32bb94c6dbb404d53dccf798007a284daed43bcb00401f6ec0bef3a4c57aaed',1,'3b10ad1aef4247ae24292ad12355e8d9964e4715e9d002834fea13a82ccb3813',21,0,'6a24aa21a9ede2f61c3f71d1defd3fa999dfa36953755c690689799962b48bebd836974e8cf9',0,'',''), ('cd6ab98dfe264c7c5cbbc46625453ced9b69c2b59dfc91efe688576408d18f41',0,'24bf1f806088f94c75bfb372356a3bd64de0a7564b331df76b30497991d297e3',111,0,'0014eb50ef10ae45f5e402b16bdd011f38d5174f1290',5000001192,'bcrt1qadgw7y9wgh67gq43d0wsz8ec65t57y5sr3nppg',''), ('d4183cb125a1324a6c1c26b8db0582fd04d0254a555925a07ffb70829cdde83d',0,'29f456622f6322e2937b1a26df56dcd5f1128e5066ed9afb8b2e0afc95165a85',40,0,'00142da94403ade878861af50e8a669c0e0e307a9355',5000000000,'bcrt1q9k55gqadapugvxh4p69xd8qwpcc84y64fxy9xz',''), ('f72c1e80a1d6ddc296b558b47806e46f3b60457071fd718f52700d8da722f7f5',1,'277fdac95361d3d78071b2ee48260b97666606f225933727a0d9f036dbb049c9',114,0,'6a24aa21a9ede2f61c3f71d1defd3fa999dfa36953755c690689799962b48bebd836974e8cf9',0,'',''), ('aadd5ccc56ad31aebd91cd8f32f85ee48ee4bb0533bec83055b9b3c76c7256d9',1,'2be1aa8b4c18abfb9246d74707b1567f58f2f0d7b579271705466284a61f3c81',13,0,'6a24aa21a9ede2f61c3f71d1defd3fa999dfa36953755c690689799962b48bebd836974e8cf9',0,'',''), ('8fa350d43f02532ffd99ac2e212436f0db9ee1a74450b6644bfe40ed47500b74',1,'449aa7877a9ada127926b8baa6b455cf72c1eb8fff66d951fce634fc045fb44e',99,0,'6a24aa21a9ede2f61c3f71d1defd3fa999dfa36953755c690689799962b48bebd836974e8cf9',0,'',''), ('a660ccee9c3a4ad6b56ef8321701504f6f54ca995853d4aa86f1ad2359dd32f1',0,'313727c3e8fe6ed03b35ee54ffe79533a1ccccda29dcb9ebf9150798553d1a39',59,0,'00142da94403ade878861af50e8a669c0e0e307a9355',5000000000,'bcrt1q9k55gqadapugvxh4p69xd8qwpcc84y64fxy9xz','');
